listing_id,agent_id,location_id,property_type,bedrooms,purpose,size_sqft,initial_price_aed,current_price_aed,price_change_count,listed_date,last_updated_date,removed_date,listing_status,view_count,lead_count
LST-000001,AGT-052,LOC-028,Townhouse,4,SALE,3200,3110000,3110000,0,2025-01-01,2025-02-01,2025-02-01,REMOVED,201,4
LST-000002,AGT-073,LOC-008,Apartment,0,SALE,490,980000,980000,0,2025-01-01,2025-03-26,2025-07-11,REMOVED,599,9
LST-000003,AGT-111,LOC-006,Villa,4,RENT,4445,1043000,1043000,0,2025-01-01,2025-01-16,2025-02-09,EXPIRED,436,11
LST-000004,AGT-091,LOC-009,Apartment,2,SALE,1205,1455000,1455000,0,2025-01-01,2025-02-04,2025-02-04,REMOVED,109,2
LST-000005,AGT-005,LOC-009,Townhouse,3,RENT,2405,184000,159000,3,2025-01-01,2025-01-31,2025-03-06,REMOVED,219,5
LST-000006,AGT-052,LOC-017,Apartment,3,RENT,2055,177000,177000,0,2025-01-01,2025-01-01,2025-01-10,EXPIRED,63,1
LST-000007,AGT-103,LOC-018,Apartment,1,RENT,600,50000,50000,0,2025-01-01,2025-01-28,2025-01-31,EXPIRED,109,2
LST-000008,AGT-065,LOC-020,Apartment,0,RENT,490,43000,43000,0,2025-01-01,2025-01-01,2025-01-02,EXPIRED,35,2
LST-000009,AGT-103,LOC-025,Townhouse,4,RENT,3030,210000,210000,0,2025-01-02,2025-01-12,2025-02-13,REMOVED,419,8
LST-000010,AGT-040,LOC-007,Apartment,4,RENT,2990,415000,405000,1,2025-01-02,2025-01-29,2025-02-09,REMOVED,246,3
LST-000011,AGT-101,LOC-022,Townhouse,3,RENT,2465,163000,163000,0,2025-01-02,2025-01-10,2025-01-12,REMOVED,174,4
LST-000012,AGT-068,LOC-002,Apartment,0,SALE,520,1115000,960000,2,2025-01-02,2025-03-01,2025-05-24,EXPIRED,2037,67
LST-000013,AGT-112,LOC-018,Apartment,2,RENT,970,68000,68000,0,2025-01-02,2025-02-05,2025-02-09,REMOVED,151,3
LST-000014,AGT-115,LOC-016,Villa,3,SALE,3185,4465000,4465000,0,2025-01-02,2025-01-20,2025-01-23,EXPIRED,292,9
LST-000015,AGT-117,LOC-010,Apartment,2,RENT,1055,85000,85000,0,2025-01-02,2025-01-17,2025-01-30,REMOVED,191,5
LST-000016,AGT-071,LOC-022,Villa,4,RENT,4510,288000,288000,0,2025-01-02,2025-01-10,2025-01-22,REMOVED,225,5
LST-000017,AGT-024,LOC-027,Apartment,1,RENT,810,166000,145000,3,2025-01-02,2025-02-26,2025-03-14,EXPIRED,518,10
LST-000018,AGT-117,LOC-029,Apartment,1,SALE,695,435000,435000,0,2025-01-03,2025-01-15,2025-01-17,REMOVED,94,2
LST-000019,AGT-101,LOC-009,Apartment,1,SALE,760,855000,855000,0,2025-01-03,2025-01-08,2025-01-17,REMOVED,110,4
LST-000020,AGT-114,LOC-008,Apartment,0,SALE,475,960000,960000,0,2025-01-03,2025-04-12,2025-04-26,REMOVED,680,12
LST-000021,AGT-111,LOC-024,Apartment,3,RENT,2050,196000,187000,1,2025-01-03,2025-01-17,2025-02-09,EXPIRED,245,4
LST-000022,AGT-093,LOC-019,Apartment,2,SALE,1470,1465000,1465000,0,2025-01-03,2025-02-07,2025-08-13,EXPIRED,619,8
LST-000023,AGT-066,LOC-029,Apartment,1,RENT,845,44000,44000,0,2025-01-03,2025-01-22,2025-02-20,REMOVED,135,2
LST-000024,AGT-087,LOC-001,Penthouse,3,SALE,3775,9270000,9270000,0,2025-01-03,2025-03-02,2025-07-24,REMOVED,2887,67
LST-000025,AGT-092,LOC-010,Townhouse,3,RENT,2215,163000,163000,0,2025-01-03,2025-01-03,2025-01-11,REMOVED,51,1
LST-000026,AGT-111,LOC-032,Apartment,1,RENT,645,41000,41000,0,2025-01-03,2025-04-09,2025-06-10,REMOVED,1717,46
LST-000027,AGT-109,LOC-006,Villa,5,RENT,6670,1547000,1547000,0,2025-01-03,2025-02-06,2025-03-26,EXPIRED,909,22
LST-000028,AGT-005,LOC-033,Apartment,0,RENT,500,33000,33000,0,2025-01-04,2025-01-05,2025-01-31,REMOVED,658,16
LST-000029,AGT-102,LOC-026,Apartment,1,RENT,870,119000,106000,3,2025-01-04,2025-02-03,2025-03-13,REMOVED,400,5
LST-000030,AGT-025,LOC-013,Villa,3,SALE,3230,7325000,7325000,0,2025-01-04,2025-03-13,2025-04-24,REMOVED,454,7
LST-000031,AGT-026,LOC-031,Apartment,1,SALE,835,1030000,905000,2,2025-01-04,2025-07-07,2026-01-04,REMOVED,948,10
LST-000032,AGT-107,LOC-004,Penthouse,4,RENT,4510,744000,744000,0,2025-01-04,2025-01-14,2025-01-18,REMOVED,239,10
LST-000033,AGT-099,LOC-001,Apartment,1,SALE,820,1975000,1895000,1,2025-01-05,2025-01-16,2026-01-05,REMOVED,1075,16
LST-000034,AGT-030,LOC-018,Apartment,4,SALE,2710,2090000,2090000,0,2025-01-05,2025-01-30,2025-01-30,REMOVED,217,8
LST-000035,AGT-020,LOC-003,Apartment,1,RENT,845,131000,131000,0,2025-01-05,2025-01-05,2025-01-16,EXPIRED,262,8
LST-000036,AGT-070,LOC-005,Apartment,0,SALE,425,1720000,1650000,1,2025-01-06,2025-02-26,2025-03-12,REMOVED,655,13
LST-000037,AGT-051,LOC-001,Penthouse,2,RENT,1850,277000,277000,0,2025-01-06,2025-03-28,2025-04-10,EXPIRED,931,28
LST-000038,AGT-061,LOC-001,Apartment,1,RENT,825,80000,80000,0,2025-01-06,2025-01-25,2025-01-29,EXPIRED,436,10
LST-000039,AGT-097,LOC-003,Apartment,3,RENT,1640,242000,242000,0,2025-01-06,2025-01-11,2025-02-06,REMOVED,531,13
LST-000040,AGT-035,LOC-022,Apartment,2,RENT,1170,121000,121000,0,2025-01-06,2025-01-08,2025-01-12,REMOVED,43,1
LST-000041,AGT-011,LOC-004,Apartment,0,RENT,365,65000,65000,0,2025-01-06,2025-01-15,2025-01-18,REMOVED,233,3
LST-000042,AGT-012,LOC-028,Townhouse,3,SALE,2690,2360000,2360000,0,2025-01-06,2025-03-05,2025-03-19,REMOVED,500,16
LST-000043,AGT-037,LOC-013,Villa,6,RENT,9060,1069000,1069000,0,2025-01-06,2025-01-15,2025-01-22,REMOVED,120,2
LST-000044,AGT-053,LOC-028,Townhouse,5,RENT,3830,200000,200000,0,2025-01-06,2025-01-06,2025-01-09,REMOVED,59,2
LST-000045,AGT-088,LOC-004,Apartment,1,RENT,605,123000,115000,1,2025-01-06,2025-01-17,2025-02-12,EXPIRED,271,4
LST-000046,AGT-107,LOC-010,Apartment,0,SALE,470,485000,485000,0,2025-01-07,2025-03-04,2025-03-09,REMOVED,518,21
LST-000047,AGT-057,LOC-014,Apartment,0,SALE,345,865000,865000,0,2025-01-07,2025-01-14,2025-06-01,REMOVED,794,17
LST-000048,AGT-005,LOC-009,Townhouse,3,RENT,2690,199000,199000,0,2025-01-07,2025-01-10,2025-01-19,REMOVED,85,2
LST-000049,AGT-078,LOC-023,Apartment,2,RENT,1420,142000,142000,0,2025-01-07,2025-01-30,2025-03-15,REMOVED,400,8
LST-000050,AGT-087,LOC-014,Apartment,0,RENT,470,61000,61000,0,2025-01-07,2025-01-27,2025-02-02,REMOVED,416,16
LST-000051,AGT-025,LOC-032,Apartment,2,SALE,1040,930000,930000,0,2025-01-07,2025-03-18,2025-05-07,REMOVED,401,7
LST-000052,AGT-035,LOC-001,Apartment,0,RENT,460,50000,50000,0,2025-01-07,2025-01-09,2025-01-12,EXPIRED,113,3
LST-000053,AGT-085,LOC-011,Apartment,1,SALE,620,1010000,905000,2,2025-01-07,2025-01-30,2025-02-22,REMOVED,221,4
LST-000054,AGT-047,LOC-014,Apartment,1,SALE,675,1280000,1280000,0,2025-01-07,2025-01-20,2025-06-16,REMOVED,1565,58
LST-000055,AGT-079,LOC-025,Apartment,0,SALE,385,745000,685000,1,2025-01-07,2025-09-02,2026-01-07,REMOVED,1181,16
LST-000056,AGT-070,LOC-002,Apartment,1,SALE,840,1930000,1930000,0,2025-01-07,2025-07-14,2025-12-29,REMOVED,3497,88
LST-000057,AGT-097,LOC-012,Apartment,3,SALE,1980,2670000,2670000,0,2025-01-07,2025-02-10,2025-03-16,REMOVED,266,6
LST-000058,AGT-046,LOC-006,Villa,4,RENT,4795,1082000,1082000,0,2025-01-08,2025-01-17,2025-01-23,REMOVED,165,4
LST-000059,AGT-005,LOC-026,Apartment,2,SALE,1475,2580000,2580000,0,2025-01-08,2025-03-11,2025-07-25,REMOVED,592,10
LST-000060,AGT-068,LOC-009,Apartment,2,SALE,1450,1590000,1485000,1,2025-01-08,2025-01-19,2025-02-07,REMOVED,288,8
LST-000061,AGT-115,LOC-020,Apartment,1,RENT,715,61000,61000,0,2025-01-08,2025-01-29,2025-03-05,EXPIRED,432,12
LST-000062,AGT-044,LOC-027,Villa,5,RENT,5820,822000,822000,0,2025-01-08,2025-01-09,2025-02-04,EXPIRED,454,14
LST-000063,AGT-050,LOC-012,Apartment,1,SALE,755,1090000,1090000,0,2025-01-08,2025-01-13,2025-04-18,EXPIRED,867,25
LST-000064,AGT-020,LOC-023,Apartment,1,SALE,750,990000,990000,0,2025-01-08,2025-01-15,2025-01-23,REMOVED,169,5
LST-000065,AGT-012,LOC-008,Apartment,3,RENT,1540,147000,147000,0,2025-01-08,2025-01-20,2025-01-22,EXPIRED,257,7
LST-000066,AGT-059,LOC-010,Apartment,2,SALE,1460,1505000,1505000,0,2025-01-08,2025-03-05,2025-03-07,REMOVED,346,11
LST-000067,AGT-070,LOC-028,Villa,5,SALE,5615,5565000,5425000,1,2025-01-08,2025-02-06,2025-03-31,REMOVED,329,7
LST-000068,AGT-102,LOC-032,Apartment,2,RENT,1040,70000,70000,0,2025-01-08,2025-01-19,2025-02-06,REMOVED,140,3
LST-000069,AGT-059,LOC-018,Apartment,0,RENT,340,26000,26000,0,2025-01-08,2025-01-28,2025-02-01,REMOVED,216,6
LST-000070,AGT-096,LOC-020,Apartment,1,SALE,840,1100000,1100000,0,2025-01-09,2025-02-19,2025-12-10,EXPIRED,687,18
LST-000071,AGT-045,LOC-023,Apartment,0,RENT,455,38000,38000,0,2025-01-09,2025-02-11,2025-02-11,REMOVED,549,23
LST-000072,AGT-019,LOC-023,Apartment,1,SALE,655,1115000,1115000,0,2025-01-09,2025-01-21,2025-01-24,REMOVED,48,1
LST-000073,AGT-051,LOC-031,Apartment,2,SALE,1180,935000,935000,0,2025-01-09,2025-02-20,2025-03-11,REMOVED,426,13
LST-000074,AGT-111,LOC-023,Apartment,2,SALE,1220,1505000,1505000,0,2025-01-09,2025-01-23,2025-02-01,REMOVED,137,3
LST-000075,AGT-079,LOC-020,Apartment,1,RENT,935,87000,87000,0,2025-01-09,2025-01-22,2025-01-22,REMOVED,126,3
LST-000076,AGT-023,LOC-010,Apartment,1,SALE,780,955000,925000,1,2025-01-09,2025-01-13,2025-02-11,REMOVED,189,4
LST-000077,AGT-060,LOC-032,Apartment,2,SALE,1195,1045000,1000000,1,2025-01-09,2025-04-24,2025-08-03,REMOVED,824,14
LST-000078,AGT-019,LOC-001,Penthouse,3,RENT,3375,399000,399000,0,2025-01-09,2025-01-22,2025-02-07,REMOVED,588,12
LST-000079,AGT-120,LOC-005,Apartment,2,SALE,990,3690000,3430000,1,2025-01-09,2025-02-04,2025-05-02,REMOVED,757,9
LST-000080,AGT-052,LOC-007,Apartment,2,SALE,1275,2755000,2755000,0,2025-01-09,2025-03-07,2025-03-11,REMOVED,215,4
LST-000081,AGT-074,LOC-004,Apartment,2,SALE,1145,2975000,2975000,0,2025-01-09,2025-01-17,2025-02-26,EXPIRED,554,17
LST-000082,AGT-112,LOC-003,Apartment,4,RENT,2655,383000,365000,1,2025-01-10,2025-01-18,2025-02-15,EXPIRED,350,6
LST-000083,AGT-014,LOC-027,Apartment,2,SALE,1225,3085000,3085000,0,2025-01-10,2025-01-16,2025-03-08,REMOVED,546,18
LST-000084,AGT-119,LOC-007,Apartment,2,RENT,960,136000,136000,0,2025-01-10,2025-01-29,2025-02-03,EXPIRED,234,4
LST-000085,AGT-040,LOC-013,Villa,4,RENT,4995,612000,612000,0,2025-01-10,2025-01-19,2025-02-15,REMOVED,297,7
LST-000086,AGT-025,LOC-002,Apartment,2,RENT,1425,167000,161000,1,2025-01-10,2025-01-20,2025-02-13,REMOVED,569,14
LST-000087,AGT-093,LOC-012,Apartment,0,SALE,475,790000,745000,1,2025-01-10,2025-02-11,2025-03-21,REMOVED,327,6
LST-000088,AGT-102,LOC-023,Apartment,1,SALE,850,1335000,1165000,3,2025-01-11,2025-05-12,2025-11-10,REMOVED,522,9
LST-000089,AGT-061,LOC-017,Villa,4,SALE,4235,4755000,4630000,1,2025-01-11,2025-01-26,2025-02-07,REMOVED,157,3
LST-000090,AGT-059,LOC-020,Apartment,2,SALE,1380,1670000,1670000,0,2025-01-11,2025-02-27,2025-03-30,REMOVED,306,6
LST-000091,AGT-019,LOC-023,Apartment,1,SALE,940,1250000,1250000,0,2025-01-11,2025-03-23,2025-04-11,REMOVED,497,12
LST-000092,AGT-025,LOC-001,Apartment,0,SALE,370,830000,830000,0,2025-01-11,2025-02-25,2025-03-19,REMOVED,648,12
LST-000093,AGT-107,LOC-031,Apartment,0,SALE,495,515000,515000,0,2025-01-11,2025-01-17,2025-02-19,REMOVED,165,3
LST-000094,AGT-025,LOC-026,Apartment,2,RENT,1055,123000,123000,0,2025-01-12,2025-01-12,2025-01-17,REMOVED,85,1
LST-000095,AGT-074,LOC-019,Apartment,2,SALE,1045,990000,990000,0,2025-01-12,2025-01-20,2025-03-04,EXPIRED,216,3
LST-000096,AGT-020,LOC-028,Villa,5,SALE,6535,7850000,7850000,0,2025-01-12,2025-03-19,2025-03-30,REMOVED,132,2
LST-000097,AGT-070,LOC-023,Apartment,2,SALE,1415,1950000,1950000,0,2025-01-12,2025-02-09,2025-05-22,REMOVED,782,16
LST-000098,AGT-074,LOC-025,Villa,5,SALE,6490,7875000,7875000,0,2025-01-12,2025-02-19,2025-06-03,REMOVED,1160,33
LST-000099,AGT-059,LOC-025,Townhouse,4,SALE,3255,3515000,3515000,0,2025-01-13,2025-01-28,2025-02-07,REMOVED,333,14
LST-000100,AGT-053,LOC-017,Villa,5,SALE,5005,6470000,5575000,2,2025-01-13,2025-03-10,2025-06-11,REMOVED,328,6
LST-000101,AGT-098,LOC-015,Villa,5,SALE,6940,10860000,10525000,1,2025-01-13,2025-02-11,2025-02-11,REMOVED,158,4
LST-000102,AGT-103,LOC-031,Apartment,1,SALE,640,595000,595000,0,2025-01-13,2025-01-16,2025-01-30,REMOVED,132,3
LST-000103,AGT-059,LOC-010,Apartment,3,SALE,1775,1740000,1740000,0,2025-01-13,2025-01-14,2025-02-25,REMOVED,330,8
LST-000104,AGT-100,LOC-023,Apartment,0,SALE,445,680000,680000,0,2025-01-13,2025-01-31,2025-02-28,REMOVED,177,4
LST-000105,AGT-115,LOC-016,Villa,4,SALE,3855,5945000,5945000,0,2025-01-13,2025-01-24,2025-02-02,REMOVED,126,2
LST-000106,AGT-092,LOC-025,Villa,5,RENT,6490,536000,536000,0,2025-01-14,2025-01-22,2025-02-11,REMOVED,422,9
LST-000107,AGT-063,LOC-021,Apartment,1,SALE,745,840000,810000,1,2025-01-14,2025-02-27,2025-04-25,REMOVED,525,8
LST-000108,AGT-107,LOC-028,Villa,5,SALE,5980,6570000,6340000,1,2025-01-14,2025-01-25,2025-05-02,REMOVED,365,7
LST-000109,AGT-117,LOC-009,Apartment,1,SALE,755,835000,835000,0,2025-01-14,2025-01-22,2025-01-30,REMOVED,110,3
LST-000110,AGT-035,LOC-019,Apartment,2,SALE,1295,1030000,1030000,0,2025-01-14,2025-01-27,2025-03-15,EXPIRED,340,12
LST-000111,AGT-033,LOC-004,Apartment,1,RENT,725,103000,94000,2,2025-01-14,2025-02-19,2025-02-28,REMOVED,397,9
LST-000112,AGT-115,LOC-025,Villa,5,SALE,5395,5945000,5945000,0,2025-01-14,2025-03-25,2025-04-20,REMOVED,616,25
LST-000113,AGT-070,LOC-005,Apartment,1,RENT,805,151000,151000,0,2025-01-14,2025-02-08,2025-03-20,REMOVED,989,18
LST-000114,AGT-033,LOC-016,Villa,4,SALE,4065,6190000,6190000,0,2025-01-14,2025-02-04,2025-02-10,EXPIRED,130,3
LST-000115,AGT-012,LOC-021,Apartment,3,SALE,1930,2070000,1865000,2,2025-01-15,2025-03-18,2025-05-08,REMOVED,580,8
LST-000116,AGT-026,LOC-021,Apartment,2,RENT,1080,95000,92000,1,2025-01-15,2025-02-17,2025-03-24,EXPIRED,402,6
LST-000117,AGT-041,LOC-023,Apartment,2,SALE,1400,1865000,1795000,1,2025-01-15,2025-01-25,2025-03-12,EXPIRED,441,13
LST-000118,AGT-092,LOC-009,Apartment,2,RENT,1050,115000,115000,0,2025-01-15,2025-03-06,2025-03-08,EXPIRED,241,3
LST-000119,AGT-102,LOC-027,Villa,5,RENT,5680,887000,862000,1,2025-01-15,2025-02-08,2025-04-10,REMOVED,495,6
LST-000120,AGT-052,LOC-008,Apartment,1,RENT,685,76000,76000,0,2025-01-15,2025-01-24,2025-02-01,REMOVED,258,8
LST-000121,AGT-002,LOC-010,Apartment,3,RENT,1545,141000,141000,0,2025-01-15,2025-01-22,2025-01-24,REMOVED,73,1
LST-000122,AGT-028,LOC-029,Villa,6,RENT,7725,265000,265000,0,2025-01-15,2025-01-19,2025-01-27,REMOVED,119,4
LST-000123,AGT-107,LOC-023,Apartment,0,SALE,345,555000,555000,0,2025-01-15,2025-03-19,2025-11-17,REMOVED,1936,37
LST-000124,AGT-051,LOC-004,Apartment,3,SALE,2120,5130000,5130000,0,2025-01-15,2025-01-23,2025-03-07,REMOVED,581,11
LST-000125,AGT-028,LOC-027,Villa,4,SALE,4730,15250000,14385000,1,2025-01-15,2025-05-23,2025-06-04,REMOVED,558,10
LST-000126,AGT-047,LOC-011,Apartment,1,SALE,780,920000,920000,0,2025-01-16,2025-01-16,2025-01-29,REMOVED,248,11
LST-000127,AGT-070,LOC-014,Apartment,2,SALE,1380,2730000,2730000,0,2025-01-16,2025-01-19,2025-02-28,REMOVED,383,11
LST-000128,AGT-034,LOC-004,Apartment,1,SALE,865,2520000,2330000,1,2025-01-16,2025-08-13,2025-11-17,EXPIRED,2409,52
LST-000129,AGT-120,LOC-018,Apartment,2,RENT,1480,96000,96000,0,2025-01-16,2025-03-19,2025-03-22,REMOVED,312,6
LST-000130,AGT-024,LOC-011,Apartment,0,RENT,400,44000,44000,0,2025-01-16,2025-02-11,2025-03-21,REMOVED,350,9
LST-000131,AGT-013,LOC-014,Apartment,3,RENT,2140,252000,252000,0,2025-01-16,2025-02-12,2025-02-18,REMOVED,354,9
LST-000132,AGT-078,LOC-010,Apartment,0,SALE,485,570000,555000,1,2025-01-16,2025-03-16,2025-04-18,EXPIRED,308,7
LST-000133,AGT-059,LOC-009,Apartment,1,RENT,605,73000,73000,0,2025-01-16,2025-03-19,2025-05-10,REMOVED,402,5
LST-000134,AGT-108,LOC-004,Apartment,3,SALE,1855,6100000,5635000,1,2025-01-17,2025-04-08,2025-05-19,EXPIRED,573,6
LST-000135,AGT-012,LOC-009,Apartment,2,RENT,1245,110000,103000,1,2025-01-17,2025-02-04,2025-02-21,REMOVED,191,3
LST-000136,AGT-106,LOC-010,Townhouse,2,SALE,1800,2005000,1875000,1,2025-01-17,2025-01-18,2025-03-14,REMOVED,303,7
LST-000137,AGT-015,LOC-014,Penthouse,4,RENT,5385,1025000,1025000,0,2025-01-17,2025-04-10,2025-06-14,EXPIRED,1372,23
LST-000138,AGT-100,LOC-003,Apartment,3,SALE,2080,4700000,4700000,0,2025-01-17,2025-05-26,2025-08-05,REMOVED,2933,126
LST-000139,AGT-041,LOC-027,Apartment,1,SALE,820,2955000,2680000,2,2025-01-17,2025-03-03,2025-05-04,REMOVED,299,4
LST-000140,AGT-024,LOC-025,Townhouse,2,SALE,1505,2220000,2220000,0,2025-01-17,2025-02-15,2025-03-21,REMOVED,208,4
LST-000141,AGT-114,LOC-008,Apartment,3,RENT,1995,213000,213000,0,2025-01-17,2025-01-18,2025-03-05,REMOVED,511,17
LST-000142,AGT-107,LOC-007,Penthouse,5,SALE,8050,18505000,18505000,0,2025-01-18,2025-01-18,2025-01-29,EXPIRED,104,2
LST-000143,AGT-028,LOC-011,Apartment,0,SALE,495,685000,685000,0,2025-01-18,2025-01-20,2025-01-27,EXPIRED,182,5
LST-000144,AGT-066,LOC-018,Apartment,1,RENT,710,51000,51000,0,2025-01-18,2025-02-21,2025-03-25,REMOVED,279,5
LST-000145,AGT-023,LOC-020,Townhouse,4,SALE,2750,3475000,3395000,1,2025-01-18,2025-01-19,2025-05-17,REMOVED,355,5
LST-000146,AGT-025,LOC-002,Apartment,2,RENT,1320,158000,158000,0,2025-01-18,2025-01-19,2025-01-19,REMOVED,19,0
LST-000147,AGT-080,LOC-014,Apartment,1,SALE,775,1960000,1810000,1,2025-01-18,2025-01-23,2025-04-15,REMOVED,203,4
LST-000148,AGT-037,LOC-006,Villa,4,SALE,4750,23580000,23580000,0,2025-01-18,2025-01-25,2025-02-13,REMOVED,326,7
LST-000149,AGT-059,LOC-027,Apartment,3,SALE,1905,4625000,4625000,0,2025-01-19,2025-06-05,2025-06-26,REMOVED,2105,50
LST-000150,AGT-057,LOC-023,Apartment,1,SALE,885,1130000,1130000,0,2025-01-19,2025-03-23,2025-05-04,REMOVED,1023,22
LST-000151,AGT-107,LOC-023,Apartment,1,SALE,665,985000,930000,1,2025-01-19,2025-02-09,2025-02-23,REMOVED,224,4
LST-000152,AGT-007,LOC-022,Townhouse,4,SALE,2955,4255000,4005000,1,2025-01-19,2025-06-23,2025-08-01,EXPIRED,801,11
LST-000153,AGT-068,LOC-005,Apartment,3,RENT,2180,377000,377000,0,2025-01-19,2025-01-23,2025-01-25,EXPIRED,68,2
LST-000154,AGT-071,LOC-032,Apartment,3,SALE,1595,1330000,1300000,1,2025-01-19,2025-01-31,2025-02-27,EXPIRED,243,6
LST-000155,AGT-100,LOC-011,Apartment,0,SALE,410,670000,670000,0,2025-01-20,2025-01-29,2025-02-12,EXPIRED,187,4
LST-000156,AGT-074,LOC-026,Apartment,2,RENT,1405,140000,140000,0,2025-01-20,2025-02-06,2025-03-06,REMOVED,258,8
LST-000157,AGT-106,LOC-001,Apartment,1,SALE,875,1825000,1640000,3,2025-01-20,2025-08-30,2025-09-18,EXPIRED,1593,35
LST-000158,AGT-035,LOC-019,Apartment,4,RENT,2515,162000,162000,0,2025-01-20,2025-01-20,2025-01-28,REMOVED,82,2
LST-000159,AGT-101,LOC-027,Villa,6,SALE,8950,25350000,25350000,0,2025-01-20,2025-02-15,2025-04-14,REMOVED,574,12
LST-000160,AGT-063,LOC-005,Apartment,3,SALE,1885,5925000,5925000,0,2025-01-20,2025-02-25,2025-03-15,REMOVED,494,11
LST-000161,AGT-115,LOC-020,Apartment,0,RENT,350,33000,33000,0,2025-01-20,2025-02-01,2025-02-09,EXPIRED,313,9
LST-000162,AGT-101,LOC-007,Apartment,1,RENT,880,129000,129000,0,2025-01-20,2025-06-08,2025-06-27,REMOVED,873,21
LST-000163,AGT-019,LOC-013,Villa,4,SALE,4235,8720000,8720000,0,2025-01-21,2025-03-06,2025-09-06,REMOVED,1086,24
LST-000164,AGT-070,LOC-015,Townhouse,4,RENT,2845,252000,252000,0,2025-01-21,2025-03-09,2025-03-20,REMOVED,212,3
LST-000165,AGT-072,LOC-017,Villa,5,SALE,5150,5215000,5215000,0,2025-01-21,2025-02-08,2025-09-20,REMOVED,1209,33
LST-000166,AGT-021,LOC-011,Apartment,3,SALE,2085,2825000,2825000,0,2025-01-21,2025-06-15,2025-11-14,REMOVED,1579,42
LST-000167,AGT-092,LOC-017,Apartment,2,RENT,1015,84000,84000,0,2025-01-21,2025-01-27,2025-04-02,REMOVED,614,12
LST-000168,AGT-068,LOC-001,Apartment,1,RENT,915,109000,102000,1,2025-01-21,2025-02-06,2025-02-13,REMOVED,168,3
LST-000169,AGT-011,LOC-025,Townhouse,3,SALE,2480,3730000,3475000,2,2025-01-21,2025-03-23,2025-04-25,REMOVED,410,6
LST-000170,AGT-024,LOC-028,Townhouse,3,RENT,2305,171000,166000,1,2025-01-21,2025-02-06,2025-02-13,REMOVED,108,3
LST-000171,AGT-047,LOC-008,Apartment,3,SALE,2065,3175000,3175000,0,2025-01-22,2025-04-12,2025-05-07,EXPIRED,728,17
LST-000172,AGT-070,LOC-001,Apartment,3,RENT,1920,226000,201000,2,2025-01-22,2025-02-25,2025-03-08,REMOVED,428,7
LST-000173,AGT-064,LOC-003,Apartment,2,RENT,1185,186000,186000,0,2025-01-22,2025-01-23,2025-02-04,EXPIRED,185,5
LST-000174,AGT-059,LOC-025,Townhouse,3,RENT,2640,237000,224000,1,2025-01-22,2025-02-06,2025-02-23,EXPIRED,177,4
LST-000175,AGT-096,LOC-012,Apartment,1,SALE,770,1095000,1095000,0,2025-01-22,2025-03-16,2025-03-18,REMOVED,558,16
LST-000176,AGT-071,LOC-024,Apartment,2,RENT,1010,97000,97000,0,2025-01-22,2025-03-25,2025-05-11,REMOVED,930,16
LST-000177,AGT-025,LOC-001,Apartment,2,RENT,1495,145000,145000,0,2025-01-22,2025-01-27,2025-02-11,REMOVED,433,13
LST-000178,AGT-113,LOC-020,Townhouse,2,SALE,1585,1790000,1790000,0,2025-01-23,2025-01-29,2025-01-29,REMOVED,60,2
LST-000179,AGT-099,LOC-029,Villa,3,RENT,2910,128000,128000,0,2025-01-23,2025-02-26,2025-04-27,EXPIRED,362,7
LST-000180,AGT-028,LOC-019,Apartment,1,SALE,820,955000,905000,1,2025-01-23,2025-01-30,2025-02-27,REMOVED,125,2
LST-000181,AGT-101,LOC-008,Apartment,2,RENT,1240,134000,134000,0,2025-01-23,2025-01-25,2025-02-19,EXPIRED,236,5
LST-000182,AGT-005,LOC-009,Townhouse,4,SALE,3440,4265000,3605000,3,2025-01-23,2025-02-12,2025-03-29,EXPIRED,224,3
LST-000183,AGT-012,LOC-010,Apartment,3,RENT,1670,158000,158000,0,2025-01-23,2025-01-24,2025-01-29,REMOVED,65,1
LST-000184,AGT-050,LOC-027,Apartment,0,RENT,335,62000,62000,0,2025-01-23,2025-01-31,2025-02-12,REMOVED,269,7
LST-000185,AGT-059,LOC-026,Apartment,3,SALE,1830,2720000,2635000,1,2025-01-23,2025-04-24,2025-07-15,EXPIRED,863,26
LST-000186,AGT-050,LOC-003,Apartment,2,RENT,1230,197000,197000,0,2025-01-23,2025-01-30,2025-03-30,REMOVED,394,6
LST-000187,AGT-004,LOC-023,Apartment,1,RENT,860,102000,91000,3,2025-01-23,2025-03-05,2025-04-04,REMOVED,325,5
LST-000188,AGT-070,LOC-020,Apartment,2,SALE,1300,1645000,1590000,1,2025-01-24,2025-03-01,2025-05-15,EXPIRED,603,15
LST-000189,AGT-040,LOC-021,Apartment,1,SALE,630,675000,675000,0,2025-01-24,2025-03-22,2025-04-01,REMOVED,327,5
LST-000190,AGT-101,LOC-012,Apartment,3,RENT,1545,137000,137000,0,2025-01-24,2025-02-04,2025-02-04,REMOVED,93,2
LST-000191,AGT-050,LOC-010,Apartment,3,RENT,2040,186000,186000,0,2025-01-24,2025-01-27,2025-04-12,REMOVED,325,6
LST-000192,AGT-060,LOC-010,Apartment,1,RENT,660,58000,58000,0,2025-01-24,2025-03-12,2025-04-01,EXPIRED,574,12
LST-000193,AGT-051,LOC-021,Apartment,0,RENT,400,32000,32000,0,2025-01-24,2025-02-08,2025-02-22,REMOVED,249,7
LST-000194,AGT-013,LOC-019,Apartment,2,SALE,1425,1260000,1260000,0,2025-01-24,2025-03-04,2025-05-25,REMOVED,793,13
LST-000195,AGT-050,LOC-016,Villa,5,RENT,5265,442000,442000,0,2025-01-24,2025-02-13,2025-03-03,REMOVED,372,6
LST-000196,AGT-108,LOC-025,Villa,4,RENT,4695,457000,457000,0,2025-01-24,2025-01-24,2025-02-02,EXPIRED,33,1
LST-000197,AGT-117,LOC-018,Apartment,0,SALE,440,565000,540000,1,2025-01-24,2025-08-09,2026-01-24,REMOVED,1313,17
LST-000198,AGT-068,LOC-001,Apartment,2,SALE,1080,2655000,2565000,1,2025-01-24,2025-01-29,2025-03-06,REMOVED,254,3
LST-000199,AGT-041,LOC-009,Apartment,2,SALE,1115,1050000,1050000,0,2025-01-25,2025-01-29,2025-06-08,REMOVED,650,20
LST-000200,AGT-080,LOC-001,Apartment,1,SALE,925,1950000,1900000,1,2025-01-25,2025-02-07,2025-02-26,EXPIRED,220,3
LST-000201,AGT-051,LOC-017,Villa,4,SALE,3970,3705000,3705000,0,2025-01-25,2025-02-08,2025-02-22,EXPIRED,212,10
LST-000202,AGT-010,LOC-031,Apartment,4,SALE,2595,1920000,1920000,0,2025-01-25,2025-06-22,2025-07-05,REMOVED,681,23
LST-000203,AGT-013,LOC-013,Townhouse,5,SALE,3665,7470000,7470000,0,2025-01-25,2025-03-19,2025-06-14,REMOVED,466,6
LST-000204,AGT-046,LOC-014,Apartment,1,SALE,895,1960000,1960000,0,2025-01-25,2025-02-18,2025-03-15,REMOVED,431,7
LST-000205,AGT-110,LOC-023,Apartment,1,RENT,930,77000,77000,0,2025-01-26,2025-02-16,2025-02-21,EXPIRED,241,8
LST-000206,AGT-002,LOC-009,Apartment,1,RENT,645,59000,59000,0,2025-01-26,2025-01-29,2025-01-31,REMOVED,52,2
LST-000207,AGT-120,LOC-001,Apartment,4,RENT,2385,230000,230000,0,2025-01-26,2025-02-20,2025-02-22,REMOVED,298,9
LST-000208,AGT-106,LOC-011,Apartment,0,SALE,380,525000,525000,0,2025-01-27,2025-02-10,2025-03-15,EXPIRED,376,9
LST-000209,AGT-070,LOC-018,Apartment,2,SALE,995,1010000,1010000,0,2025-01-27,2025-01-29,2025-03-07,REMOVED,93,1
LST-000210,AGT-021,LOC-028,Villa,7,RENT,12255,822000,822000,0,2025-01-27,2025-02-01,2025-02-01,REMOVED,40,1
LST-000211,AGT-050,LOC-010,Apartment,2,RENT,1180,100000,100000,0,2025-01-27,2025-02-03,2025-02-19,REMOVED,250,5
LST-000212,AGT-094,LOC-029,Apartment,2,SALE,1310,790000,790000,0,2025-01-27,2025-01-27,2025-03-17,REMOVED,291,7
LST-000213,AGT-010,LOC-028,Villa,5,RENT,6965,382000,382000,0,2025-01-27,2025-02-14,2025-02-14,REMOVED,294,11
LST-000214,AGT-067,LOC-010,Apartment,3,RENT,1705,133000,133000,0,2025-01-27,2025-01-29,2025-02-12,EXPIRED,263,9
LST-000215,AGT-094,LOC-010,Apartment,2,RENT,1095,93000,93000,0,2025-01-28,2025-03-31,2025-04-15,REMOVED,510,15
LST-000216,AGT-027,LOC-011,Apartment,2,SALE,1175,1745000,1745000,0,2025-01-28,2025-02-23,2025-02-23,REMOVED,105,2
LST-000217,AGT-005,LOC-027,Apartment,1,RENT,790,130000,130000,0,2025-01-28,2025-02-10,2025-02-16,EXPIRED,214,4
LST-000218,AGT-079,LOC-012,Apartment,2,RENT,1125,109000,109000,0,2025-01-28,2025-02-07,2025-02-11,REMOVED,145,4
LST-000219,AGT-063,LOC-999,Apartment,3,RENT,1760,165000,165000,0,2025-01-28,2025-02-07,2025-02-21,REMOVED,212,4
LST-000220,AGT-070,LOC-009,Townhouse,5,RENT,3515,299000,299000,0,2025-01-28,2025-02-09,2025-02-11,EXPIRED,128,2
LST-000221,AGT-107,LOC-020,Apartment,2,SALE,960,1160000,1160000,0,2025-01-28,2025-02-07,2025-03-04,REMOVED,154,4
LST-000222,AGT-019,LOC-021,Apartment,3,RENT,1815,161000,157000,1,2025-01-28,2025-03-13,2025-04-03,REMOVED,328,5
LST-000223,AGT-020,LOC-007,Apartment,1,RENT,740,107000,101000,1,2025-01-28,2025-02-13,2025-02-26,REMOVED,140,2
LST-000224,AGT-009,LOC-027,Villa,6,SALE,9105,22415000,22415000,0,2025-01-28,2025-02-04,2025-03-02,EXPIRED,243,8
LST-000225,AGT-070,LOC-025,Villa,4,SALE,4515,7005000,7005000,0,2025-01-28,2025-01-29,2025-03-25,REMOVED,134,2
LST-000226,AGT-088,LOC-029,Apartment,2,SALE,1135,515000,515000,0,2025-01-28,2025-02-01,2025-02-09,EXPIRED,149,8
LST-000227,AGT-068,LOC-001,Apartment,1,SALE,645,1485000,1485000,0,2025-01-29,2025-02-02,2025-03-26,EXPIRED,359,8
LST-000228,AGT-082,LOC-004,Apartment,3,SALE,1545,4225000,4225000,0,2025-01-29,2025-02-08,2025-03-01,REMOVED,267,5
LST-000229,AGT-080,LOC-012,Apartment,1,RENT,800,75000,75000,0,2025-01-29,2025-02-04,2025-02-21,REMOVED,172,3
LST-000230,AGT-026,LOC-033,Apartment,1,RENT,640,54000,54000,0,2025-01-29,2025-03-09,2025-03-24,EXPIRED,388,10
LST-000231,AGT-033,LOC-010,Apartment,0,SALE,350,435000,385000,2,2025-01-29,2025-04-30,2025-05-02,REMOVED,376,9
LST-000232,AGT-046,LOC-006,Villa,4,RENT,4695,1294000,1294000,0,2025-01-29,2025-01-31,2025-02-01,REMOVED,89,2
LST-000233,AGT-073,LOC-026,Apartment,2,RENT,1260,150000,139000,1,2025-01-29,2025-02-16,2025-02-20,REMOVED,105,2
LST-000234,AGT-090,LOC-001,Apartment,1,RENT,710,68000,68000,0,2025-01-29,2025-02-16,2025-03-01,REMOVED,652,16
LST-000235,AGT-115,LOC-006,Villa,3,RENT,2700,631000,631000,0,2025-01-29,2025-02-07,2025-02-17,REMOVED,298,6
LST-000236,AGT-052,LOC-002,Apartment,3,RENT,1540,200000,194000,1,2025-01-30,2025-02-11,2025-03-18,REMOVED,262,5
LST-000237,AGT-102,LOC-024,Apartment,1,RENT,750,57000,57000,0,2025-01-30,2025-02-06,2025-02-23,REMOVED,421,14
LST-000238,AGT-035,LOC-007,Apartment,2,SALE,1220,2180000,2180000,0,2025-01-30,2025-02-11,2025-04-14,REMOVED,523,14
LST-000239,AGT-021,LOC-018,Apartment,0,RENT,335,22000,22000,0,2025-01-30,2025-02-14,2025-02-18,REMOVED,131,4
LST-000240,AGT-015,LOC-013,Villa,4,SALE,4155,9570000,9380000,1,2025-01-30,2025-03-16,2025-05-20,REMOVED,521,6
LST-000241,AGT-109,LOC-031,Apartment,4,SALE,2815,2605000,2400000,1,2025-01-30,2025-03-10,2025-05-21,REMOVED,380,6
LST-000242,AGT-020,LOC-028,Villa,4,RENT,3730,233000,233000,0,2025-01-30,2025-02-09,2025-02-23,EXPIRED,188,6
LST-000243,AGT-011,LOC-007,Apartment,1,RENT,830,137000,137000,0,2025-01-30,2025-02-11,2025-03-04,EXPIRED,222,4
LST-000244,AGT-112,LOC-025,Townhouse,4,SALE,2830,4305000,4305000,0,2025-01-30,2025-04-04,2025-04-25,EXPIRED,250,4
LST-000245,AGT-024,LOC-033,Apartment,1,RENT,910,59000,59000,0,2025-01-31,2025-02-05,2025-02-08,REMOVED,93,2
LST-000246,AGT-103,LOC-008,Apartment,0,SALE,515,1075000,1075000,0,2025-01-31,2025-02-03,2025-02-19,REMOVED,141,2
LST-000247,AGT-026,LOC-024,Apartment,2,SALE,1330,1830000,1590000,2,2025-01-31,2025-02-06,2025-04-07,REMOVED,342,7
LST-000248,AGT-052,LOC-025,Apartment,4,RENT,2235,194000,194000,0,2025-01-31,2025-04-13,2025-04-23,EXPIRED,657,21
LST-000249,AGT-068,LOC-001,Apartment,2,SALE,1180,2320000,2320000,0,2025-01-31,2025-04-19,2025-05-16,EXPIRED,983,20
LST-000250,AGT-033,LOC-005,Apartment,2,RENT,1300,267000,267000,0,2025-01-31,2025-01-31,2025-02-05,REMOVED,46,1
LST-000251,AGT-070,LOC-018,Apartment,1,SALE,705,675000,675000,0,2025-01-31,2025-03-16,2025-03-26,REMOVED,246,7
LST-000252,AGT-110,LOC-007,Apartment,2,SALE,1375,2635000,2635000,0,2025-01-31,2025-02-16,2025-03-28,REMOVED,196,5
LST-000253,AGT-020,LOC-019,Apartment,2,SALE,1160,1125000,1125000,0,2025-01-31,2025-02-22,2025-05-31,REMOVED,750,16
LST-000254,AGT-096,LOC-027,Villa,3,RENT,2570,429000,362000,3,2025-01-31,2025-06-29,2025-09-10,REMOVED,1513,23
LST-000255,AGT-102,LOC-023,Apartment,1,RENT,940,107000,99000,1,2025-01-31,2025-02-13,2025-03-30,EXPIRED,402,8
LST-000256,AGT-098,LOC-018,Apartment,1,RENT,660,46000,46000,0,2025-01-31,2025-02-02,2025-02-11,REMOVED,84,1
LST-000257,AGT-025,LOC-021,Apartment,1,SALE,935,950000,950000,0,2025-01-31,2025-02-03,2025-02-25,REMOVED,176,4
LST-000258,AGT-115,LOC-020,Apartment,3,SALE,2105,2490000,2490000,0,2025-01-31,2025-07-03,2025-07-25,REMOVED,563,10
LST-000259,AGT-115,LOC-015,Villa,3,SALE,3280,5265000,5265000,0,2025-01-31,2025-06-24,2026-01-31,REMOVED,1444,21
LST-000260,AGT-031,LOC-004,Apartment,1,SALE,790,1960000,1960000,0,2025-01-31,2025-04-06,2025-04-11,REMOVED,529,17
LST-000261,AGT-096,LOC-012,Apartment,0,RENT,345,44000,44000,0,2025-01-31,2025-02-28,2025-09-02,REMOVED,1722,43
LST-000262,AGT-068,LOC-002,Apartment,0,SALE,335,820000,820000,0,2025-01-31,2025-03-09,2025-03-09,EXPIRED,486,9
LST-000263,AGT-014,LOC-031,Apartment,1,SALE,935,720000,690000,1,2025-02-01,2025-02-22,2025-02-23,REMOVED,214,8
LST-000264,AGT-103,LOC-013,Townhouse,4,SALE,2780,4890000,4890000,0,2025-02-01,2025-02-19,2025-02-20,REMOVED,194,4
LST-000265,AGT-070,LOC-003,Penthouse,3,RENT,2890,558000,558000,0,2025-02-01,2025-02-03,2025-03-14,REMOVED,427,14
LST-000266,AGT-009,LOC-024,Apartment,3,RENT,1970,153000,153000,0,2025-02-02,2025-02-17,2025-03-04,REMOVED,185,4
LST-000267,AGT-070,LOC-005,Apartment,2,RENT,1430,277000,261000,1,2025-02-02,2025-03-26,2025-04-09,EXPIRED,466,9
LST-000268,AGT-015,LOC-007,Apartment,3,RENT,1805,279000,262000,1,2025-02-02,2025-03-27,2025-09-26,REMOVED,1144,17
LST-000269,AGT-011,LOC-008,Apartment,1,SALE,645,1295000,1295000,0,2025-02-02,2025-05-10,2025-08-25,EXPIRED,605,11
LST-000270,AGT-065,LOC-022,Townhouse,3,RENT,2390,172000,164000,1,2025-02-03,2025-02-17,2025-02-26,REMOVED,271,5
LST-000271,AGT-052,LOC-023,Apartment,1,SALE,855,1235000,1140000,1,2025-02-03,2025-02-25,2025-03-01,REMOVED,215,4
LST-000272,AGT-117,LOC-019,Apartment,4,SALE,2700,2200000,2200000,0,2025-02-03,2025-02-17,2025-04-03,REMOVED,191,3
LST-000273,AGT-026,LOC-014,Penthouse,3,SALE,3330,8900000,8900000,0,2025-02-03,2025-02-13,2025-02-20,REMOVED,185,5
LST-000274,AGT-088,LOC-032,Apartment,1,RENT,820,57000,57000,0,2025-02-03,2025-03-13,2025-03-21,REMOVED,246,4
LST-000275,AGT-050,LOC-018,Apartment,2,SALE,1140,1030000,1030000,0,2025-02-03,2025-04-16,2025-05-15,EXPIRED,347,11
LST-000276,AGT-050,LOC-010,Townhouse,4,RENT,2700,195000,195000,0,2025-02-03,2025-02-18,2025-05-14,REMOVED,866,18
LST-000277,AGT-045,LOC-010,Apartment,3,RENT,1615,125000,125000,0,2025-02-03,2025-02-11,2025-02-15,EXPIRED,91,3
LST-000278,AGT-012,LOC-009,Apartment,1,RENT,725,63000,63000,0,2025-02-03,2025-02-05,2025-02-17,REMOVED,169,7
LST-000279,AGT-102,LOC-024,Apartment,1,RENT,605,51000,51000,0,2025-02-03,2025-03-01,2025-04-25,REMOVED,650,15
LST-000280,AGT-120,LOC-018,Apartment,2,SALE,1365,1290000,1290000,0,2025-02-03,2025-04-17,2025-05-01,REMOVED,445,12
LST-000281,AGT-096,LOC-003,Apartment,2,SALE,1315,4685000,4455000,1,2025-02-04,2025-03-04,2025-05-07,REMOVED,405,7
LST-000282,AGT-064,LOC-008,Apartment,3,SALE,1810,2865000,2865000,0,2025-02-04,2025-03-11,2025-05-08,EXPIRED,447,10
LST-000283,AGT-085,LOC-021,Apartment,4,SALE,2895,2800000,2560000,2,2025-02-04,2025-03-04,2025-04-05,REMOVED,209,4
LST-000284,AGT-064,LOC-017,Villa,3,RENT,3235,246000,246000,0,2025-02-04,2025-02-13,2025-02-27,REMOVED,199,4
LST-000285,AGT-030,LOC-018,Apartment,0,RENT,445,32000,32000,0,2025-02-04,2025-02-08,2025-02-13,REMOVED,114,3
LST-000286,AGT-103,LOC-010,Apartment,1,RENT,880,86000,86000,0,2025-02-04,2025-02-10,2025-02-18,REMOVED,94,2
LST-000287,AGT-059,LOC-023,Apartment,2,SALE,965,1115000,1115000,0,2025-02-04,2025-02-17,2025-03-11,REMOVED,277,11
LST-000288,AGT-114,LOC-016,Townhouse,2,RENT,1850,147000,147000,0,2025-02-04,2025-02-27,2025-03-12,REMOVED,154,4
LST-000289,AGT-090,LOC-028,Townhouse,2,SALE,1505,1610000,1610000,0,2025-02-04,2025-10-23,2025-11-05,REMOVED,831,17
LST-000290,AGT-050,LOC-021,Apartment,3,SALE,1765,1335000,1335000,0,2025-02-04,2025-02-07,2025-03-28,REMOVED,351,13
LST-000291,AGT-034,LOC-029,Apartment,1,RENT,835,44000,44000,0,2025-02-04,2025-02-18,2025-03-01,REMOVED,174,5
LST-000292,AGT-082,LOC-023,Apartment,1,RENT,935,91000,91000,0,2025-02-05,2025-03-02,2025-05-01,REMOVED,606,10
LST-000293,AGT-071,LOC-011,Apartment,4,SALE,2575,3465000,3465000,0,2025-02-05,2025-02-11,2025-02-27,REMOVED,149,2
LST-000294,AGT-096,LOC-011,Apartment,1,RENT,735,69000,69000,0,2025-02-05,2025-02-25,2025-03-29,REMOVED,258,6
LST-000295,AGT-059,LOC-001,Apartment,3,SALE,2095,3860000,3860000,0,2025-02-05,2025-02-15,2025-02-22,REMOVED,178,5
LST-000296,AGT-044,LOC-017,Villa,4,RENT,4310,329000,329000,0,2025-02-05,2025-03-08,2025-03-24,REMOVED,490,11
LST-000297,AGT-002,LOC-020,Apartment,1,SALE,695,985000,985000,0,2025-02-05,2025-02-28,2025-05-07,EXPIRED,514,8
LST-000298,AGT-070,LOC-007,Apartment,2,SALE,1180,2150000,2150000,0,2025-02-05,2025-02-11,2025-02-28,EXPIRED,192,4
LST-000299,AGT-107,LOC-003,Apartment,1,SALE,900,2585000,2585000,0,2025-02-05,2026-01-18,2026-01-26,REMOVED,4014,132
LST-000300,AGT-115,LOC-020,Apartment,2,RENT,1065,114000,114000,0,2025-02-05,2025-02-08,2025-02-10,EXPIRED,39,1
LST-000301,AGT-044,LOC-021,Apartment,1,RENT,910,76000,76000,0,2025-02-05,2025-02-12,2025-02-16,REMOVED,79,2
LST-000302,AGT-070,LOC-020,Apartment,3,RENT,1950,221000,221000,0,2025-02-05,2025-03-02,2025-04-01,EXPIRED,273,6
LST-000303,AGT-087,LOC-017,Apartment,1,RENT,855,78000,78000,0,2025-02-06,2025-02-11,2025-02-12,EXPIRED,83,2
LST-000304,AGT-096,LOC-031,Apartment,0,SALE,395,380000,380000,0,2025-02-06,2025-02-26,2025-05-22,REMOVED,511,9
LST-000305,AGT-053,LOC-025,Townhouse,3,SALE,1935,2880000,2880000,0,2025-02-06,2025-03-11,2025-08-26,EXPIRED,671,13
LST-000306,AGT-004,LOC-011,Apartment,4,RENT,2490,268000,263000,1,2025-02-06,2025-03-11,2025-04-27,REMOVED,784,13
LST-000307,AGT-070,LOC-011,Apartment,3,SALE,2140,3570000,3315000,1,2025-02-06,2025-03-14,2025-07-30,REMOVED,488,6
LST-000308,AGT-051,LOC-017,Villa,5,RENT,5035,378000,378000,0,2025-02-06,2025-02-11,2025-02-17,REMOVED,76,2
LST-000309,AGT-109,LOC-031,Apartment,2,RENT,1375,107000,104000,1,2025-02-06,2025-03-04,2025-03-18,EXPIRED,288,5
LST-000310,AGT-057,LOC-028,Villa,4,SALE,3660,4080000,3790000,1,2025-02-06,2025-02-19,2025-04-09,EXPIRED,149,3
LST-000311,AGT-064,LOC-020,Apartment,1,RENT,865,87000,87000,0,2025-02-06,2025-02-12,2025-03-06,EXPIRED,189,7
LST-000312,AGT-036,LOC-012,Apartment,3,RENT,1615,147000,147000,0,2025-02-06,2025-02-13,2025-03-30,REMOVED,501,7
LST-000313,AGT-115,LOC-023,Apartment,0,RENT,420,53000,53000,0,2025-02-06,2025-02-11,2025-02-19,REMOVED,71,1
LST-000314,AGT-059,LOC-004,Apartment,1,SALE,645,1655000,1655000,0,2025-02-07,2025-03-05,2025-04-24,EXPIRED,543,17
LST-000315,AGT-005,LOC-026,Apartment,0,SALE,455,785000,785000,0,2025-02-07,2025-02-19,2025-03-27,EXPIRED,279,5
LST-000316,AGT-101,LOC-013,Townhouse,4,SALE,3025,5605000,5605000,0,2025-02-07,2025-02-07,2025-03-27,REMOVED,235,5
LST-000317,AGT-107,LOC-023,Apartment,2,RENT,1000,94000,94000,0,2025-02-07,2025-02-15,2025-02-17,REMOVED,73,1
LST-000318,AGT-013,LOC-001,Apartment,1,RENT,915,105000,105000,0,2025-02-07,2025-04-01,2025-10-08,EXPIRED,1357,23
LST-000319,AGT-070,LOC-016,Villa,5,SALE,5815,7135000,7135000,0,2025-02-07,2025-02-07,2025-02-23,REMOVED,223,6
LST-000320,AGT-111,LOC-024,Apartment,2,SALE,1430,1635000,1635000,0,2025-02-07,2025-02-21,2025-03-06,REMOVED,231,7
LST-000321,AGT-106,LOC-009,Apartment,3,SALE,1570,1525000,1525000,0,2025-02-07,2025-04-29,2025-06-25,REMOVED,1449,47
LST-000322,AGT-087,LOC-002,Apartment,2,RENT,1310,177000,168000,1,2025-02-07,2025-04-17,2025-04-29,EXPIRED,314,6
LST-000323,AGT-088,LOC-020,Apartment,1,SALE,890,1115000,955000,3,2025-02-07,2025-02-19,2025-04-16,REMOVED,309,9
LST-000324,AGT-019,LOC-031,Apartment,2,SALE,1325,1220000,1165000,1,2025-02-07,2025-04-03,2025-04-11,EXPIRED,280,5
LST-000325,AGT-070,LOC-010,Apartment,1,SALE,930,1075000,995000,1,2025-02-07,2025-03-21,2025-04-18,REMOVED,414,7
LST-000326,AGT-052,LOC-028,Villa,5,RENT,5435,351000,351000,0,2025-02-07,2025-02-08,2025-02-13,REMOVED,102,3
LST-000327,AGT-068,LOC-022,Villa,6,RENT,7655,542000,542000,0,2025-02-07,2025-02-13,2025-02-23,REMOVED,75,1
LST-000328,AGT-005,LOC-004,Apartment,1,SALE,905,2255000,2255000,0,2025-02-08,2025-02-08,2025-02-21,REMOVED,195,7
LST-000329,AGT-063,LOC-008,Apartment,2,SALE,1455,2625000,2425000,1,2025-02-08,2025-02-13,2025-03-19,EXPIRED,300,6
LST-000330,AGT-051,LOC-011,Apartment,0,RENT,445,40000,40000,0,2025-02-09,2025-02-13,2025-02-21,EXPIRED,191,4
LST-000331,AGT-035,LOC-005,Apartment,3,SALE,1965,7105000,6900000,1,2025-02-09,2025-03-08,2025-06-24,REMOVED,516,9
LST-000332,AGT-024,LOC-024,Apartment,0,SALE,400,645000,645000,0,2025-02-09,2025-02-27,2025-04-03,REMOVED,147,3
LST-000333,AGT-012,LOC-009,Apartment,3,RENT,1515,155000,155000,0,2025-02-09,2025-02-24,2025-03-06,REMOVED,96,2
LST-000334,AGT-115,LOC-011,Apartment,2,SALE,1225,1795000,1795000,0,2025-02-10,2025-02-28,2025-02-28,EXPIRED,287,8
LST-000335,AGT-110,LOC-012,Apartment,0,RENT,420,46000,46000,0,2025-02-10,2025-03-14,2025-04-01,REMOVED,346,7
LST-000336,AGT-098,LOC-005,Apartment,0,SALE,405,1485000,1485000,0,2025-02-10,2025-06-13,2025-07-15,EXPIRED,1593,37
LST-000337,AGT-067,LOC-009,Apartment,0,RENT,445,48000,46000,1,2025-02-10,2025-02-19,2025-03-29,REMOVED,339,6
LST-000338,AGT-098,LOC-023,Apartment,1,SALE,845,1460000,1365000,2,2025-02-10,2025-02-13,2025-10-01,EXPIRED,986,10
LST-000339,AGT-090,LOC-018,Apartment,2,RENT,1385,104000,98000,1,2025-02-10,2025-05-08,2025-05-31,EXPIRED,290,5
LST-000340,AGT-019,LOC-020,Townhouse,4,SALE,2880,2850000,2850000,0,2025-02-10,2025-02-18,2025-02-20,EXPIRED,107,4
LST-000341,AGT-098,LOC-018,Apartment,1,SALE,815,960000,785000,3,2025-02-11,2025-03-12,2025-05-07,REMOVED,193,2
LST-000342,AGT-114,LOC-008,Apartment,2,SALE,1165,1995000,1995000,0,2025-02-11,2025-03-05,2025-07-06,REMOVED,621,14
LST-000343,AGT-115,LOC-027,Apartment,2,RENT,1095,175000,175000,0,2025-02-11,2025-02-19,2025-02-27,REMOVED,203,4
LST-000344,AGT-033,LOC-023,Apartment,2,RENT,1380,142000,142000,0,2025-02-11,2025-02-15,2025-02-16,REMOVED,55,1
LST-000345,AGT-051,LOC-021,Apartment,1,SALE,775,860000,860000,0,2025-02-11,2025-05-30,2025-07-31,REMOVED,610,10
LST-000346,AGT-029,LOC-031,Apartment,4,SALE,2550,2055000,2005000,1,2025-02-11,2025-02-28,2025-03-11,REMOVED,151,3
LST-000347,AGT-024,LOC-014,Apartment,2,RENT,1015,155000,155000,0,2025-02-11,2025-02-14,2025-04-15,REMOVED,237,4
LST-000348,AGT-012,LOC-010,Apartment,2,SALE,1085,1155000,1155000,0,2025-02-11,2025-04-29,2025-05-21,REMOVED,742,15
LST-000349,AGT-012,LOC-002,Penthouse,2,SALE,2240,7570000,7570000,0,2025-02-11,2025-11-20,2026-02-11,REMOVED,2755,42
LST-000350,AGT-064,LOC-011,Apartment,1,RENT,875,69000,69000,0,2025-02-11,2025-02-12,2025-02-25,EXPIRED,264,8
LST-000351,AGT-021,LOC-032,Apartment,1,RENT,700,45000,45000,0,2025-02-12,2025-02-19,2025-02-22,REMOVED,93,3
LST-000352,AGT-023,LOC-001,Apartment,1,RENT,715,93000,85000,2,2025-02-12,2025-03-20,2025-03-28,REMOVED,370,6
LST-000353,AGT-009,LOC-026,Apartment,2,SALE,1325,2145000,1875000,2,2025-02-12,2025-03-14,2025-04-11,EXPIRED,341,8
LST-000354,AGT-102,LOC-029,Apartment,2,SALE,1345,915000,805000,2,2025-02-12,2025-03-05,2025-06-14,EXPIRED,274,6
LST-000355,AGT-009,LOC-002,Apartment,0,RENT,475,58000,58000,0,2025-02-12,2025-03-06,2025-03-15,REMOVED,368,7
LST-000356,AGT-115,LOC-021,Apartment,2,SALE,1250,1180000,1180000,0,2025-02-12,2025-02-17,2025-03-07,REMOVED,187,6
LST-000357,AGT-087,LOC-001,Penthouse,4,RENT,4955,697000,668000,1,2025-02-12,2025-02-25,2025-03-08,REMOVED,236,5
LST-000358,AGT-023,LOC-021,Apartment,0,RENT,405,39000,39000,0,2025-02-12,2025-04-09,2025-04-13,REMOVED,405,11
LST-000359,AGT-019,LOC-013,Villa,4,SALE,3565,6630000,6630000,0,2025-02-12,2025-04-09,2025-05-05,REMOVED,505,11
LST-000360,AGT-109,LOC-001,Apartment,4,SALE,2430,4585000,4305000,1,2025-02-12,2025-03-06,2025-05-04,REMOVED,419,10
LST-000361,AGT-014,LOC-018,Apartment,2,SALE,1295,1160000,1160000,0,2025-02-12,2025-03-27,2025-04-18,REMOVED,404,9
LST-000362,AGT-050,LOC-008,Apartment,2,SALE,1210,2225000,2225000,0,2025-02-13,2025-03-02,2025-03-03,REMOVED,71,1
LST-000363,AGT-099,LOC-002,Apartment,2,SALE,1350,3315000,3315000,0,2025-02-13,2025-03-27,2025-04-22,EXPIRED,275,5
LST-000364,AGT-052,LOC-005,Apartment,2,SALE,955,3250000,3250000,0,2025-02-13,2025-05-08,2025-06-20,REMOVED,989,17
LST-000365,AGT-068,LOC-004,Apartment,1,RENT,640,103000,103000,0,2025-02-13,2025-03-25,2025-04-07,EXPIRED,390,10
LST-000366,AGT-107,LOC-002,Penthouse,3,RENT,3695,550000,550000,0,2025-02-13,2025-02-16,2025-02-21,EXPIRED,108,3
LST-000367,AGT-012,LOC-001,Apartment,1,SALE,910,2080000,2010000,1,2025-02-13,2025-03-29,2025-04-09,REMOVED,517,12
LST-000368,AGT-013,LOC-022,Villa,4,RENT,4920,316000,316000,0,2025-02-13,2025-02-19,2025-03-02,REMOVED,266,9
LST-000369,AGT-108,LOC-007,Apartment,2,SALE,1375,2595000,2595000,0,2025-02-13,2025-03-24,2025-05-21,EXPIRED,547,15
LST-000370,AGT-092,LOC-016,Villa,5,SALE,6025,7980000,7980000,0,2025-02-14,2025-03-04,2025-04-05,REMOVED,279,6
LST-000371,AGT-033,LOC-003,Apartment,0,RENT,450,78000,76000,1,2025-02-14,2025-04-03,2025-04-03,REMOVED,578,8
LST-000372,AGT-103,LOC-002,Apartment,0,SALE,495,1280000,1280000,0,2025-02-14,2025-02-19,2025-03-14,REMOVED,243,6
LST-000373,AGT-087,LOC-009,Apartment,0,SALE,470,725000,695000,1,2025-02-14,2025-03-24,2025-04-12,REMOVED,176,2
LST-000374,AGT-005,LOC-030,Apartment,0,RENT,495,23000,23000,0,2025-02-14,2025-03-03,2025-03-11,REMOVED,88,2
LST-000375,AGT-033,LOC-003,Apartment,3,RENT,1960,292000,292000,0,2025-02-15,2025-03-09,2025-03-17,REMOVED,270,6
LST-000376,AGT-059,LOC-023,Apartment,2,SALE,1080,1330000,1330000,0,2025-02-15,2025-03-21,2025-03-31,REMOVED,784,18
LST-000377,AGT-063,LOC-012,Apartment,1,SALE,645,905000,905000,0,2025-02-15,2025-03-07,2025-07-19,REMOVED,855,26
LST-000378,AGT-070,LOC-016,Villa,3,SALE,2805,3740000,3740000,0,2025-02-15,2025-03-14,2025-03-23,REMOVED,279,8
LST-000379,AGT-041,LOC-014,Penthouse,3,SALE,3265,10395000,10395000,0,2025-02-15,2025-02-16,2025-06-21,EXPIRED,401,5
LST-000380,AGT-059,LOC-023,Apartment,3,SALE,1535,2130000,1875000,3,2025-02-16,2025-03-27,2025-05-19,REMOVED,474,7
LST-000381,AGT-063,LOC-011,Apartment,1,RENT,640,71000,71000,0,2025-02-16,2025-02-21,2025-03-25,REMOVED,180,3
LST-000382,AGT-087,LOC-002,Apartment,1,RENT,760,91000,91000,0,2025-02-16,2025-02-18,2025-02-19,REMOVED,44,1
LST-000383,AGT-110,LOC-022,Townhouse,4,RENT,2815,246000,239000,1,2025-02-16,2025-03-11,2025-05-20,REMOVED,484,5
LST-000384,AGT-064,LOC-009,Apartment,2,RENT,1360,116000,116000,0,2025-02-17,2025-02-18,2025-02-21,EXPIRED,55,2
LST-000385,AGT-020,LOC-002,Apartment,2,SALE,1355,2985000,2985000,0,2025-02-17,2025-03-01,2025-03-12,EXPIRED,392,13
LST-000386,AGT-005,LOC-002,Apartment,3,SALE,2010,4510000,4510000,0,2025-02-17,2025-03-19,2025-06-18,REMOVED,1080,22
LST-000387,AGT-063,LOC-019,Apartment,2,SALE,1300,1025000,1025000,0,2025-02-17,2025-03-03,2025-04-02,REMOVED,341,9
LST-000388,AGT-070,LOC-001,Apartment,1,SALE,940,2280000,2280000,0,2025-02-17,2025-03-23,2025-04-30,REMOVED,234,3
LST-000389,AGT-027,LOC-028,Townhouse,3,RENT,2270,159000,159000,0,2025-02-17,2025-04-04,2025-04-17,REMOVED,313,5
LST-000390,AGT-005,LOC-002,Apartment,3,SALE,1935,5355000,4775000,2,2025-02-17,2025-03-10,2025-05-26,REMOVED,398,5
LST-000391,AGT-107,LOC-031,Apartment,0,RENT,485,37000,37000,0,2025-02-17,2025-03-03,2025-03-29,REMOVED,341,7
LST-000392,AGT-105,LOC-022,Townhouse,5,SALE,3790,4790000,4790000,0,2025-02-17,2025-03-22,2025-03-22,REMOVED,247,6
LST-000393,AGT-004,LOC-029,Villa,5,RENT,6130,212000,212000,0,2025-02-18,2025-02-21,2025-02-23,EXPIRED,36,1
LST-000394,AGT-007,LOC-008,Apartment,1,RENT,715,86000,86000,0,2025-02-18,2025-02-27,2025-03-01,EXPIRED,144,4
LST-000395,AGT-012,LOC-009,Apartment,0,RENT,505,56000,56000,0,2025-02-18,2025-04-10,2025-06-26,REMOVED,895,23
LST-000396,AGT-059,LOC-028,Townhouse,5,SALE,4050,4240000,4240000,0,2025-02-18,2025-02-27,2025-03-10,REMOVED,91,1
LST-000397,AGT-065,LOC-020,Apartment,1,SALE,845,1220000,1065000,3,2025-02-18,2025-04-01,2025-11-05,REMOVED,740,15
LST-000398,AGT-005,LOC-009,Apartment,1,RENT,820,71000,71000,0,2025-02-18,2025-02-23,2025-03-05,REMOVED,167,4
LST-000399,AGT-009,LOC-007,Apartment,1,SALE,610,1195000,1195000,0,2025-02-18,2025-04-06,2025-06-26,REMOVED,495,15
LST-000400,AGT-005,LOC-001,Apartment,0,SALE,470,955000,955000,0,2025-02-18,2025-04-04,2025-05-03,EXPIRED,679,17
LST-000401,AGT-057,LOC-033,Apartment,1,RENT,865,74000,74000,0,2025-02-18,2025-05-18,2025-07-26,EXPIRED,863,14
LST-000402,AGT-005,LOC-010,Townhouse,2,SALE,1610,1790000,1790000,0,2025-02-18,2025-03-10,2025-03-18,REMOVED,267,4
LST-000403,AGT-068,LOC-021,Apartment,3,RENT,1645,136000,136000,0,2025-02-19,2025-04-15,2025-04-29,REMOVED,578,15
LST-000404,AGT-035,LOC-001,Apartment,2,SALE,1090,2085000,2085000,0,2025-02-19,2025-03-30,2025-10-07,REMOVED,2443,73
LST-000405,AGT-033,LOC-004,Apartment,0,SALE,400,1390000,1360000,1,2025-02-19,2025-05-05,2025-06-09,EXPIRED,488,7
LST-000406,AGT-096,LOC-028,Villa,3,RENT,3375,288000,288000,0,2025-02-19,2025-02-20,2025-02-27,EXPIRED,36,0
LST-000407,AGT-027,LOC-015,Villa,3,SALE,2850,4505000,4505000,0,2025-02-19,2025-03-01,2025-03-18,EXPIRED,150,3
LST-000408,AGT-014,LOC-011,Apartment,2,SALE,1105,1755000,1755000,0,2025-02-19,2025-03-31,2025-05-08,REMOVED,500,7
LST-000409,AGT-074,LOC-002,Apartment,0,SALE,430,1125000,1125000,0,2025-02-19,2025-03-04,2025-05-29,REMOVED,731,11
LST-000410,AGT-037,LOC-016,Villa,5,SALE,5205,6170000,6170000,0,2025-02-19,2025-05-11,2025-07-06,REMOVED,1515,60
LST-000411,AGT-037,LOC-031,Apartment,1,RENT,880,59000,59000,0,2025-02-19,2025-02-22,2025-02-24,REMOVED,85,2
LST-000412,AGT-070,LOC-012,Apartment,3,RENT,1970,179000,179000,0,2025-02-19,2025-03-03,2025-03-30,REMOVED,368,6
LST-000413,AGT-021,LOC-027,Apartment,1,SALE,770,2130000,2130000,0,2025-02-19,2025-04-01,2025-04-02,REMOVED,762,23
LST-000414,AGT-005,LOC-001,Apartment,2,RENT,1030,109000,109000,0,2025-02-19,2025-03-10,2025-03-30,REMOVED,433,11
LST-000415,AGT-030,LOC-018,Apartment,2,RENT,1295,91000,91000,0,2025-02-19,2025-03-15,2025-03-18,REMOVED,127,2
LST-000416,AGT-023,LOC-003,Apartment,3,SALE,1870,4825000,4825000,0,2025-02-19,2025-04-03,2025-05-08,REMOVED,551,18
LST-000417,AGT-021,LOC-009,Apartment,1,RENT,945,84000,84000,0,2025-02-20,2025-04-01,2025-04-09,EXPIRED,425,13
LST-000418,AGT-090,LOC-001,Apartment,2,SALE,1135,2670000,2375000,2,2025-02-20,2025-03-27,2025-04-09,REMOVED,238,3
LST-000419,AGT-005,LOC-024,Apartment,1,SALE,900,1270000,1270000,0,2025-02-20,2025-04-13,2025-04-24,EXPIRED,310,7
LST-000420,AGT-102,LOC-023,Apartment,2,SALE,1435,2195000,1995000,2,2025-02-20,2025-03-19,2025-04-14,REMOVED,133,2
LST-000421,AGT-037,LOC-016,Villa,4,RENT,4400,342000,342000,0,2025-02-20,2025-03-20,2025-03-25,EXPIRED,299,8
LST-000422,AGT-064,LOC-023,Apartment,2,RENT,1345,133000,133000,0,2025-02-20,2025-04-26,2025-05-07,REMOVED,423,9
LST-000423,AGT-107,LOC-018,Apartment,3,SALE,2095,1910000,1910000,0,2025-02-20,2025-02-21,2025-03-16,REMOVED,158,3
LST-000424,AGT-056,LOC-007,Apartment,1,RENT,600,86000,86000,0,2025-02-21,2025-03-16,2025-03-22,REMOVED,220,4
LST-000425,AGT-061,LOC-001,Penthouse,3,SALE,3310,9060000,9060000,0,2025-02-21,2025-05-20,2025-05-23,REMOVED,539,9
LST-000426,AGT-005,LOC-017,Townhouse,3,SALE,2695,2630000,2630000,0,2025-02-21,2025-03-10,2025-03-13,REMOVED,284,8
LST-000427,AGT-061,LOC-009,Apartment,3,SALE,1915,2145000,2145000,0,2025-02-21,2025-05-02,2025-05-13,EXPIRED,492,9
LST-000428,AGT-087,LOC-031,Apartment,2,RENT,1280,98000,91000,1,2025-02-21,2025-03-06,2025-03-21,REMOVED,96,1
LST-000429,AGT-105,LOC-014,Apartment,2,SALE,975,2130000,2060000,1,2025-02-21,2025-02-27,2025-03-15,REMOVED,88,2
LST-000430,AGT-007,LOC-032,Apartment,2,RENT,1490,99000,99000,0,2025-02-21,2025-02-21,2025-03-03,REMOVED,99,2
LST-000431,AGT-025,LOC-021,Apartment,1,SALE,675,665000,665000,0,2025-02-21,2025-08-25,2026-02-21,REMOVED,2338,45
LST-000432,AGT-087,LOC-006,Villa,3,RENT,3310,722000,722000,0,2025-02-21,2025-03-07,2025-03-08,REMOVED,160,3
LST-000433,AGT-080,LOC-002,Apartment,2,SALE,1415,3210000,3210000,0,2025-02-21,2025-04-12,2025-04-16,REMOVED,530,10
LST-000434,AGT-117,LOC-019,Apartment,2,SALE,980,935000,935000,0,2025-02-22,2025-03-02,2025-03-25,REMOVED,88,1
LST-000435,AGT-055,LOC-009,Apartment,1,RENT,760,62000,62000,0,2025-02-22,2025-03-08,2025-03-19,EXPIRED,315,11
LST-000436,AGT-026,LOC-025,Apartment,2,SALE,1205,1860000,1860000,0,2025-02-23,2025-03-15,2025-03-28,REMOVED,192,2
LST-000437,AGT-119,LOC-008,Apartment,2,RENT,1400,155000,155000,0,2025-02-24,2025-02-28,2025-03-07,REMOVED,81,3
LST-000438,AGT-052,LOC-033,Apartment,2,RENT,1035,89000,89000,0,2025-02-24,2025-03-15,2025-03-17,EXPIRED,156,2
LST-000439,AGT-059,LOC-031,Apartment,0,RENT,380,32000,32000,0,2025-02-24,2025-03-27,2025-04-23,REMOVED,451,13
LST-000440,AGT-025,LOC-018,Apartment,1,RENT,625,40000,40000,0,2025-02-24,2025-03-03,2025-03-06,EXPIRED,78,2
LST-000441,AGT-087,LOC-023,Apartment,1,RENT,760,70000,65000,1,2025-02-24,2025-03-18,2025-04-02,REMOVED,384,9
LST-000442,AGT-004,LOC-004,Apartment,2,RENT,1240,189000,189000,0,2025-02-24,2025-03-03,2025-03-05,REMOVED,129,2
LST-000443,AGT-007,LOC-018,Apartment,3,RENT,1580,93000,86000,1,2025-02-24,2025-03-31,2025-04-02,REMOVED,268,9
LST-000444,AGT-046,LOC-011,Apartment,1,RENT,875,100000,85000,3,2025-02-24,2025-06-17,2025-07-30,REMOVED,632,8
LST-000445,AGT-063,LOC-011,Apartment,1,SALE,855,1345000,1345000,0,2025-02-24,2025-03-20,2025-04-19,REMOVED,312,7
LST-000446,AGT-070,LOC-005,Apartment,4,RENT,2940,531000,531000,0,2025-02-24,2025-03-02,2025-03-06,REMOVED,111,3
LST-000447,AGT-025,LOC-005,Apartment,1,RENT,655,124000,124000,0,2025-02-24,2025-03-22,2025-05-29,REMOVED,857,19
LST-000448,AGT-012,LOC-001,Apartment,2,SALE,1165,1880000,1880000,0,2025-02-25,2025-03-11,2025-05-28,REMOVED,960,32
LST-000449,AGT-102,LOC-014,Apartment,2,SALE,1430,2915000,2915000,0,2025-02-25,2025-04-01,2025-04-09,REMOVED,505,11
LST-000450,AGT-091,LOC-012,Apartment,0,RENT,365,32000,32000,0,2025-02-25,2025-03-03,2025-03-08,REMOVED,245,11
LST-000451,AGT-067,LOC-014,Apartment,0,SALE,405,870000,870000,0,2025-02-25,2025-03-09,2025-03-17,EXPIRED,202,5
LST-000452,AGT-103,LOC-025,Townhouse,5,SALE,3850,5030000,4590000,2,2025-02-25,2025-04-06,2025-04-27,REMOVED,357,9
LST-000453,AGT-071,LOC-002,Apartment,1,RENT,745,97000,97000,0,2025-02-25,2025-02-26,2025-02-28,REMOVED,50,1
LST-000454,AGT-035,LOC-032,Apartment,2,RENT,1460,103000,97000,1,2025-02-26,2025-04-02,2025-04-05,REMOVED,269,5
LST-000455,AGT-024,LOC-014,Apartment,1,SALE,885,1975000,1975000,0,2025-02-26,2025-03-09,2025-05-15,REMOVED,388,9
LST-000456,AGT-071,LOC-018,Apartment,2,RENT,1315,99000,99000,0,2025-02-26,2025-03-23,2025-03-27,REMOVED,196,5
LST-000457,AGT-063,LOC-028,Townhouse,3,SALE,2275,2285000,2285000,0,2025-02-26,2025-02-26,2025-03-19,REMOVED,119,3
LST-000458,AGT-051,LOC-011,Apartment,3,RENT,1565,164000,164000,0,2025-02-26,2025-03-06,2025-03-11,REMOVED,84,2
LST-000459,AGT-102,LOC-033,Apartment,1,SALE,635,795000,795000,0,2025-02-26,2025-04-13,2025-06-23,EXPIRED,626,12
LST-000460,AGT-006,LOC-012,Apartment,0,SALE,420,700000,700000,0,2025-02-27,2025-03-01,2025-03-08,EXPIRED,72,1
LST-000461,AGT-069,LOC-007,Apartment,3,RENT,1650,282000,263000,1,2025-02-27,2025-03-17,2025-04-07,REMOVED,126,2
LST-000462,AGT-005,LOC-029,Apartment,1,RENT,915,36000,36000,0,2025-02-27,2025-04-30,2025-05-13,REMOVED,924,28
LST-000463,AGT-096,LOC-031,Apartment,3,SALE,1915,1890000,1890000,0,2025-02-27,2025-04-14,2025-05-18,REMOVED,187,3
LST-000464,AGT-025,LOC-028,Townhouse,3,SALE,1970,1905000,1760000,1,2025-02-27,2025-03-12,2025-03-24,REMOVED,124,3
LST-000465,AGT-028,LOC-021,Apartment,2,SALE,960,1040000,1040000,0,2025-02-27,2025-04-15,2025-05-03,REMOVED,150,3
LST-000466,AGT-037,LOC-003,Apartment,2,SALE,1145,3585000,3320000,1,2025-02-27,2025-04-11,2025-05-24,REMOVED,633,15
LST-000467,AGT-092,LOC-024,Apartment,1,SALE,625,805000,805000,0,2025-02-27,2025-04-19,2025-05-01,REMOVED,324,11
LST-000468,AGT-047,LOC-009,Apartment,1,SALE,915,1210000,1210000,0,2025-02-27,2025-02-28,2025-03-09,EXPIRED,51,1
LST-000469,AGT-004,LOC-003,Apartment,2,SALE,1265,3295000,3295000,0,2025-02-27,2025-03-02,2025-03-10,REMOVED,146,4
LST-000470,AGT-071,LOC-013,Townhouse,5,SALE,3890,7725000,6850000,2,2025-02-27,2025-04-29,2025-05-14,REMOVED,204,4
LST-000471,AGT-030,LOC-018,Apartment,2,SALE,1330,1425000,1280000,2,2025-02-28,2025-04-16,2025-05-12,REMOVED,206,3
LST-000472,AGT-088,LOC-008,Apartment,2,SALE,1180,2170000,2170000,0,2025-02-28,2025-06-22,2025-09-07,REMOVED,1258,18
LST-000473,AGT-012,LOC-002,Apartment,2,SALE,1000,2385000,2385000,0,2025-02-28,2025-03-08,2025-05-30,REMOVED,558,9
LST-000474,AGT-112,LOC-020,Apartment,1,RENT,825,82000,82000,0,2025-02-28,2025-03-03,2025-03-29,EXPIRED,194,3
LST-000475,AGT-070,LOC-025,Townhouse,3,SALE,2185,2765000,2765000,0,2025-02-28,2025-04-23,2025-04-27,REMOVED,312,10
LST-000476,AGT-020,LOC-019,Apartment,2,RENT,1500,89000,89000,0,2025-02-28,2025-03-09,2025-03-15,EXPIRED,317,12
LST-000477,AGT-051,LOC-003,Penthouse,3,SALE,2975,9690000,9690000,0,2025-02-28,2025-03-13,2025-03-14,REMOVED,198,7
LST-000478,AGT-059,LOC-017,Villa,5,SALE,5055,6200000,6200000,0,2025-02-28,2025-07-26,2025-09-18,REMOVED,507,7
LST-000479,AGT-053,LOC-029,Apartment,2,RENT,1475,71000,71000,0,2025-02-28,2025-03-04,2025-03-06,REMOVED,42,1
LST-000480,AGT-029,LOC-008,Apartment,3,RENT,1550,188000,188000,0,2025-02-28,2025-04-16,2025-05-01,EXPIRED,523,11
LST-000481,AGT-057,LOC-013,Townhouse,4,SALE,3010,5390000,5390000,0,2025-02-28,2025-06-25,2026-02-28,EXPIRED,2043,53
LST-000482,AGT-033,LOC-016,Villa,5,RENT,6505,412000,412000,0,2025-02-28,2025-03-25,2025-04-01,REMOVED,345,13
LST-000483,AGT-092,LOC-028,Villa,4,RENT,4095,280000,280000,0,2025-03-01,2025-03-05,2025-03-27,REMOVED,174,3
LST-000484,AGT-064,LOC-003,Apartment,1,RENT,730,119000,119000,0,2025-03-01,2025-03-12,2025-03-30,REMOVED,402,9
LST-000485,AGT-057,LOC-013,Villa,3,RENT,3035,431000,431000,0,2025-03-01,2025-03-20,2025-04-02,EXPIRED,194,3
LST-000486,AGT-059,LOC-025,Apartment,0,RENT,450,50000,50000,0,2025-03-01,2025-03-11,2025-03-22,REMOVED,178,4
LST-000487,AGT-064,LOC-004,Penthouse,2,RENT,1875,386000,386000,0,2025-03-01,2025-03-02,2025-04-22,REMOVED,452,10
LST-000488,AGT-094,LOC-011,Apartment,2,RENT,1410,127000,127000,0,2025-03-01,2025-03-02,2025-03-13,REMOVED,141,3
LST-000489,AGT-008,LOC-023,Apartment,2,SALE,1430,1985000,1985000,0,2025-03-02,2025-03-23,2025-04-08,REMOVED,273,6
LST-000490,AGT-019,LOC-019,Apartment,1,SALE,845,665000,665000,0,2025-03-02,2025-04-07,2025-04-19,REMOVED,469,13
LST-000491,AGT-050,LOC-024,Apartment,2,SALE,1355,1655000,1655000,0,2025-03-02,2025-04-15,2025-04-15,REMOVED,498,10
LST-000492,AGT-028,LOC-020,Apartment,0,RENT,360,43000,43000,0,2025-03-02,2025-03-17,2025-04-02,REMOVED,141,4
LST-000493,AGT-028,LOC-007,Penthouse,3,RENT,3325,547000,547000,0,2025-03-02,2025-04-02,2025-05-06,REMOVED,369,6
LST-000494,AGT-023,LOC-031,Apartment,1,RENT,695,47000,47000,0,2025-03-02,2025-03-20,2025-03-30,REMOVED,253,9
LST-000495,AGT-090,LOC-001,Apartment,1,SALE,645,1300000,1300000,0,2025-03-03,2025-03-24,2025-05-21,REMOVED,1166,36
LST-000496,AGT-046,LOC-006,Villa,7,RENT,11945,2550000,2550000,0,2025-03-03,2025-03-15,2025-03-19,REMOVED,112,1
LST-000497,AGT-068,LOC-022,Townhouse,4,RENT,2930,188000,188000,0,2025-03-03,2025-03-03,2025-03-14,REMOVED,186,4
LST-000498,AGT-096,LOC-029,Apartment,1,RENT,865,51000,51000,0,2025-03-03,2025-04-07,2025-04-16,REMOVED,282,5
LST-000499,AGT-073,LOC-026,Apartment,2,SALE,1360,1830000,1830000,0,2025-03-03,2025-07-16,2025-08-11,REMOVED,1020,28
LST-000500,AGT-107,LOC-009,Apartment,2,SALE,1460,1585000,1585000,0,2025-03-03,2025-03-17,2025-03-17,REMOVED,124,3
LST-000501,AGT-034,LOC-025,Apartment,1,SALE,755,1050000,885000,3,2025-03-03,2025-03-19,2026-03-03,REMOVED,2285,40
LST-000502,AGT-004,LOC-003,Apartment,1,RENT,930,187000,169000,2,2025-03-03,2025-04-17,2025-04-17,REMOVED,185,2
LST-000503,AGT-070,LOC-011,Apartment,2,SALE,1085,1585000,1585000,0,2025-03-03,2025-04-04,2025-04-04,REMOVED,188,4
LST-000504,AGT-050,LOC-007,Apartment,3,SALE,2040,4185000,3490000,3,2025-03-03,2025-04-25,2025-05-14,REMOVED,303,5
LST-000505,AGT-030,LOC-024,Apartment,1,RENT,615,65000,58000,2,2025-03-03,2025-04-03,2025-06-14,REMOVED,409,5
LST-000506,AGT-111,LOC-029,Apartment,1,RENT,925,43000,43000,0,2025-03-03,2025-03-15,2025-03-20,REMOVED,150,6
LST-000507,AGT-033,LOC-004,Apartment,2,RENT,1375,192000,192000,0,2025-03-04,2025-04-13,2025-04-14,REMOVED,539,18
LST-000508,AGT-068,LOC-013,Villa,5,RENT,6040,675000,654000,1,2025-03-04,2025-03-26,2025-03-27,REMOVED,151,4
LST-000509,AGT-119,LOC-033,Apartment,2,RENT,1020,73000,73000,0,2025-03-04,2025-03-17,2025-03-22,EXPIRED,124,2
LST-000510,AGT-014,LOC-026,Apartment,0,SALE,400,610000,610000,0,2025-03-04,2025-04-01,2025-04-14,REMOVED,682,30
LST-000511,AGT-112,LOC-020,Townhouse,4,SALE,2750,3420000,3420000,0,2025-03-04,2025-04-22,2025-06-26,REMOVED,573,13
LST-000512,AGT-071,LOC-022,Villa,6,RENT,8025,503000,503000,0,2025-03-04,2025-03-13,2025-03-19,REMOVED,134,2
LST-000513,AGT-051,LOC-014,Apartment,3,RENT,1775,229000,229000,0,2025-03-04,2025-03-16,2025-04-27,EXPIRED,473,11
LST-000514,AGT-119,LOC-026,Apartment,1,SALE,745,1235000,1235000,0,2025-03-04,2025-05-05,2025-09-10,REMOVED,1790,48
LST-000515,AGT-045,LOC-009,Townhouse,2,SALE,1810,1940000,1940000,0,2025-03-05,2025-04-17,2025-04-30,REMOVED,308,6
LST-000516,AGT-036,LOC-004,Apartment,3,SALE,2080,5115000,5115000,0,2025-03-05,2025-03-19,2025-03-23,REMOVED,153,3
LST-000517,AGT-012,LOC-010,Apartment,1,SALE,615,615000,615000,0,2025-03-05,2025-03-06,2025-03-27,REMOVED,145,5
LST-000518,AGT-059,LOC-010,Apartment,1,SALE,720,935000,820000,2,2025-03-05,2025-03-18,2025-06-18,REMOVED,403,5
LST-000519,AGT-064,LOC-010,Townhouse,3,RENT,2470,171000,171000,0,2025-03-05,2025-03-25,2025-04-18,EXPIRED,382,12
LST-000520,AGT-012,LOC-002,Apartment,0,SALE,405,1145000,1145000,0,2025-03-05,2025-04-09,2025-05-06,REMOVED,353,5
LST-000521,AGT-108,LOC-013,Villa,3,RENT,3460,446000,446000,0,2025-03-05,2025-04-03,2025-04-22,REMOVED,383,7
LST-000522,AGT-070,LOC-005,Apartment,3,SALE,2065,7130000,6660000,2,2025-03-05,2025-05-15,2025-06-11,EXPIRED,550,10
LST-000523,AGT-052,LOC-033,Apartment,1,RENT,935,64000,64000,0,2025-03-06,2025-03-11,2025-04-27,REMOVED,549,17
LST-000524,AGT-038,LOC-005,Apartment,1,RENT,940,224000,224000,0,2025-03-06,2025-04-11,2025-06-20,EXPIRED,812,12
LST-000525,AGT-105,LOC-004,Apartment,1,SALE,730,2275000,2275000,0,2025-03-06,2025-03-07,2025-04-04,EXPIRED,120,2
LST-000526,AGT-066,LOC-009,Apartment,1,SALE,810,840000,785000,1,2025-03-06,2025-03-24,2025-04-22,EXPIRED,358,10
LST-000527,AGT-092,LOC-014,Apartment,1,RENT,740,123000,110000,2,2025-03-06,2025-05-05,2025-07-17,REMOVED,688,12
LST-000528,AGT-082,LOC-001,Apartment,3,SALE,2165,3100000,3100000,0,2025-03-06,2025-03-09,2025-03-20,EXPIRED,379,22
LST-000529,AGT-090,LOC-001,Apartment,3,SALE,1965,3325000,3325000,0,2025-03-06,2025-03-23,2025-03-27,REMOVED,357,11
LST-000530,AGT-041,LOC-012,Apartment,1,SALE,625,1020000,970000,1,2025-03-06,2025-03-27,2025-03-28,REMOVED,154,2
LST-000531,AGT-036,LOC-003,Apartment,1,SALE,675,1945000,1945000,0,2025-03-06,2025-05-22,2025-05-29,REMOVED,725,17
LST-000532,AGT-100,LOC-012,Apartment,1,RENT,840,87000,87000,0,2025-03-06,2025-03-12,2025-03-21,REMOVED,141,3
LST-000533,AGT-038,LOC-026,Apartment,3,SALE,1855,2930000,2755000,1,2025-03-07,2025-04-28,2025-05-07,REMOVED,371,8
LST-000534,AGT-055,LOC-028,Villa,4,RENT,3865,290000,290000,0,2025-03-07,2025-03-25,2025-04-02,REMOVED,126,3
LST-000535,AGT-067,LOC-020,Apartment,4,SALE,3015,3570000,3570000,0,2025-03-07,2025-04-02,2025-08-07,REMOVED,398,8
LST-000536,AGT-052,LOC-028,Villa,4,RENT,4155,253000,253000,0,2025-03-07,2025-03-17,2025-03-24,REMOVED,110,4
LST-000537,AGT-052,LOC-019,Apartment,2,SALE,1215,935000,935000,0,2025-03-07,2025-07-05,2025-08-02,REMOVED,1654,64
LST-000538,AGT-107,LOC-011,Apartment,2,SALE,1060,1670000,1590000,1,2025-03-07,2025-04-16,2025-08-11,REMOVED,549,13
LST-000539,AGT-070,LOC-010,Apartment,2,RENT,1205,98000,98000,0,2025-03-07,2025-03-11,2025-03-13,REMOVED,127,3
LST-000540,AGT-070,LOC-031,Apartment,2,SALE,980,815000,815000,0,2025-03-07,2025-04-07,2025-04-11,REMOVED,268,7
LST-000541,AGT-061,LOC-032,Apartment,1,SALE,605,560000,520000,1,2025-03-07,2025-06-22,2026-02-08,REMOVED,809,13
LST-000542,AGT-068,LOC-022,Villa,4,SALE,4295,6230000,5835000,1,2025-03-07,2025-10-04,2026-01-08,EXPIRED,1388,23
LST-000543,AGT-004,LOC-008,Apartment,1,SALE,815,1565000,1565000,0,2025-03-08,2025-03-31,2025-05-03,REMOVED,397,6
LST-000544,AGT-027,LOC-024,Apartment,1,SALE,910,1200000,1200000,0,2025-03-08,2025-03-09,2025-03-25,EXPIRED,95,2
LST-000545,AGT-088,LOC-020,Apartment,4,RENT,3125,301000,301000,0,2025-03-08,2025-03-28,2025-04-16,REMOVED,194,5
LST-000546,AGT-061,LOC-020,Apartment,2,RENT,1100,114000,106000,1,2025-03-08,2025-03-17,2025-04-13,REMOVED,212,5
LST-000547,AGT-004,LOC-010,Apartment,2,SALE,1130,1045000,1045000,0,2025-03-08,2025-03-24,2025-03-30,EXPIRED,172,4
LST-000548,AGT-101,LOC-002,Penthouse,2,SALE,1995,6630000,6630000,0,2025-03-08,2025-04-02,2025-07-24,EXPIRED,1672,32
LST-000549,AGT-088,LOC-026,Apartment,2,SALE,1160,1895000,1895000,0,2025-03-08,2025-03-16,2025-05-05,REMOVED,211,5
LST-000550,AGT-096,LOC-010,Apartment,4,SALE,2375,2340000,2340000,0,2025-03-08,2025-04-01,2025-05-15,REMOVED,347,7
LST-000551,AGT-105,LOC-031,Apartment,2,RENT,1055,78000,78000,0,2025-03-09,2025-03-15,2025-04-09,REMOVED,251,5
LST-000552,AGT-067,LOC-001,Apartment,3,RENT,2105,164000,164000,0,2025-03-09,2025-03-19,2025-06-19,REMOVED,2390,87
LST-000553,AGT-005,LOC-028,Townhouse,2,RENT,1410,122000,122000,0,2025-03-09,2025-04-05,2025-04-10,REMOVED,149,3
LST-000554,AGT-102,LOC-009,Townhouse,3,RENT,2170,189000,184000,1,2025-03-09,2025-03-11,2025-08-07,REMOVED,640,11
LST-000555,AGT-051,LOC-012,Apartment,1,RENT,780,74000,67000,2,2025-03-09,2025-05-14,2025-07-01,REMOVED,609,13
LST-000556,AGT-021,LOC-022,Villa,3,SALE,2965,3420000,3420000,0,2025-03-09,2025-07-16,2025-07-28,EXPIRED,906,29
LST-000557,AGT-038,LOC-025,Villa,7,SALE,11690,14360000,14360000,0,2025-03-09,2025-06-24,2026-01-02,REMOVED,1908,36
LST-000558,AGT-070,LOC-016,Villa,6,SALE,8895,13900000,13900000,0,2025-03-09,2025-03-21,2025-04-10,EXPIRED,117,2
LST-000559,AGT-055,LOC-022,Villa,3,SALE,3465,4645000,4645000,0,2025-03-09,2025-06-20,2025-06-27,REMOVED,751,19
LST-000560,AGT-025,LOC-019,Apartment,1,RENT,660,54000,54000,0,2025-03-10,2025-03-13,2025-03-17,REMOVED,56,1
LST-000561,AGT-059,LOC-002,Apartment,1,SALE,790,1715000,1715000,0,2025-03-10,2025-04-04,2025-04-12,REMOVED,330,9
LST-000562,AGT-056,LOC-024,Apartment,0,RENT,490,43000,43000,0,2025-03-10,2025-04-13,2025-05-18,REMOVED,869,21
LST-000563,AGT-020,LOC-018,Apartment,2,RENT,1320,102000,102000,0,2025-03-10,2025-04-18,2025-05-07,REMOVED,411,8
LST-000564,AGT-006,LOC-017,Townhouse,3,RENT,2090,176000,166000,1,2025-03-10,2025-04-02,2025-04-23,REMOVED,113,2
LST-000565,AGT-047,LOC-022,Apartment,1,SALE,755,1010000,895000,2,2025-03-10,2025-04-10,2025-04-28,REMOVED,251,6
LST-000566,AGT-070,LOC-005,Apartment,2,SALE,1040,3455000,3200000,1,2025-03-11,2025-07-28,2025-09-16,REMOVED,1923,54
LST-000567,AGT-098,LOC-022,Townhouse,3,RENT,2120,170000,157000,2,2025-03-11,2025-04-22,2025-05-14,REMOVED,324,7
LST-000568,AGT-090,LOC-001,Penthouse,4,RENT,5870,715000,715000,0,2025-03-11,2025-03-12,2025-03-24,REMOVED,267,7
LST-000569,AGT-026,LOC-006,Villa,4,RENT,4875,1156000,1156000,0,2025-03-11,2025-03-20,2025-03-29,REMOVED,250,7
LST-000570,AGT-023,LOC-030,Apartment,1,RENT,650,30000,30000,0,2025-03-11,2025-03-23,2025-04-05,REMOVED,152,4
LST-000571,AGT-087,LOC-024,Apartment,1,RENT,850,86000,82000,1,2025-03-11,2025-03-26,2025-05-13,EXPIRED,517,13
LST-000572,AGT-102,LOC-023,Apartment,1,RENT,740,75000,75000,0,2025-03-11,2025-03-17,2025-03-20,REMOVED,83,2
LST-000573,AGT-019,LOC-013,Townhouse,2,SALE,1575,3045000,3045000,0,2025-03-12,2025-04-03,2025-05-25,REMOVED,429,11
LST-000574,AGT-013,LOC-001,Apartment,0,RENT,510,60000,56000,1,2025-03-12,2025-04-02,2025-04-17,REMOVED,231,4
LST-000575,AGT-097,LOC-028,Villa,7,RENT,9225,540000,540000,0,2025-03-12,2025-03-22,2025-03-31,REMOVED,145,3
LST-000576,AGT-033,LOC-007,Apartment,2,SALE,1485,3115000,3115000,0,2025-03-12,2025-05-05,2025-08-13,EXPIRED,926,13
LST-000577,AGT-063,LOC-019,Apartment,0,SALE,465,480000,480000,0,2025-03-12,2025-05-04,2025-05-30,REMOVED,279,4
LST-000578,AGT-033,LOC-022,Villa,6,SALE,7010,10910000,10910000,0,2025-03-12,2025-05-07,2025-06-24,EXPIRED,309,5
LST-000579,AGT-064,LOC-004,Apartment,0,SALE,480,1560000,1560000,0,2025-03-13,2025-05-07,2025-05-10,EXPIRED,356,6
LST-000580,AGT-025,LOC-013,Villa,5,SALE,6380,10635000,10635000,0,2025-03-13,2025-03-13,2025-05-09,REMOVED,619,23
LST-000581,AGT-026,LOC-017,Villa,5,SALE,6190,7685000,7685000,0,2025-03-13,2025-08-08,2025-08-13,REMOVED,421,9
LST-000582,AGT-107,LOC-013,Villa,4,SALE,4595,8175000,8175000,0,2025-03-13,2025-03-25,2025-04-16,EXPIRED,181,5
LST-000583,AGT-012,LOC-028,Townhouse,3,RENT,2360,146000,146000,0,2025-03-13,2025-03-23,2025-03-23,REMOVED,174,5
LST-000584,AGT-071,LOC-022,Townhouse,3,SALE,2030,2345000,2345000,0,2025-03-13,2025-07-12,2026-01-04,REMOVED,4178,149
LST-000585,AGT-059,LOC-001,Apartment,2,RENT,1335,146000,139000,1,2025-03-13,2025-05-25,2025-07-11,EXPIRED,1100,17
LST-000586,AGT-035,LOC-032,Apartment,2,RENT,1390,98000,93000,1,2025-03-14,2025-03-23,2025-04-08,REMOVED,156,3
LST-000587,AGT-069,LOC-012,Apartment,2,RENT,1480,152000,148000,1,2025-03-14,2025-04-10,2025-04-13,REMOVED,217,3
LST-000588,AGT-004,LOC-028,Villa,5,SALE,6835,6410000,6410000,0,2025-03-14,2025-04-02,2025-09-20,EXPIRED,723,21
LST-000589,AGT-004,LOC-013,Townhouse,4,SALE,2755,5260000,5260000,0,2025-03-14,2025-04-13,2025-08-11,EXPIRED,780,20
LST-000590,AGT-094,LOC-009,Apartment,2,RENT,1385,124000,107000,3,2025-03-14,2025-04-26,2025-05-31,REMOVED,473,8
LST-000591,AGT-087,LOC-024,Apartment,0,SALE,340,560000,520000,2,2025-03-14,2025-04-18,2026-03-14,REMOVED,1223,24
LST-000592,AGT-101,LOC-001,Apartment,1,RENT,885,118000,118000,0,2025-03-14,2025-05-29,2025-06-03,REMOVED,448,9
LST-000593,AGT-033,LOC-032,Apartment,1,RENT,860,60000,60000,0,2025-03-15,2025-05-04,2025-05-29,REMOVED,584,10
LST-000594,AGT-020,LOC-019,Apartment,1,RENT,835,79000,75000,1,2025-03-15,2025-07-09,2025-08-28,REMOVED,663,13
LST-000595,AGT-009,LOC-033,Apartment,3,SALE,1765,1675000,1675000,0,2025-03-15,2025-03-24,2025-04-28,EXPIRED,532,16
LST-000596,AGT-033,LOC-004,Penthouse,4,SALE,5765,18130000,18130000,0,2025-03-15,2025-06-16,2025-06-23,REMOVED,1152,33
LST-000597,AGT-107,LOC-018,Apartment,1,RENT,895,66000,64000,1,2025-03-15,2025-03-20,2025-05-02,EXPIRED,147,3
LST-000598,AGT-117,LOC-013,Townhouse,2,SALE,1410,2530000,2530000,0,2025-03-15,2025-03-27,2025-03-30,REMOVED,201,8
LST-000599,AGT-015,LOC-012,Apartment,3,SALE,1660,2055000,2055000,0,2025-03-16,2025-04-08,2025-05-19,REMOVED,655,18
LST-000600,AGT-098,LOC-018,Apartment,1,RENT,780,64000,64000,0,2025-03-16,2025-04-29,2025-08-07,REMOVED,590,12
LST-000601,AGT-038,LOC-012,Apartment,0,RENT,385,40000,40000,0,2025-03-16,2025-03-30,2025-04-04,EXPIRED,242,6
LST-000602,AGT-096,LOC-011,Apartment,2,RENT,1385,136000,136000,0,2025-03-16,2025-03-19,2025-03-30,REMOVED,100,2
LST-000603,AGT-035,LOC-032,Apartment,0,RENT,430,37000,35000,1,2025-03-16,2025-03-25,2025-05-02,REMOVED,307,4
LST-000604,AGT-004,LOC-009,Apartment,2,SALE,1475,1570000,1570000,0,2025-03-16,2025-03-26,2025-04-16,REMOVED,272,8
LST-000605,AGT-070,LOC-009,Townhouse,3,SALE,2585,2915000,2915000,0,2025-03-16,2025-04-30,2025-06-03,REMOVED,554,15
LST-000606,AGT-064,LOC-003,Apartment,2,SALE,1260,3960000,3960000,0,2025-03-16,2025-10-18,2025-12-07,REMOVED,1446,19
LST-000607,AGT-070,LOC-024,Apartment,2,SALE,1155,1490000,1490000,0,2025-03-16,2025-04-12,2025-06-30,REMOVED,734,19
LST-000608,AGT-051,LOC-033,Apartment,2,SALE,1065,1260000,1260000,0,2025-03-17,2025-05-18,2025-05-30,REMOVED,665,11
LST-000609,AGT-038,LOC-017,Apartment,0,RENT,385,41000,39000,1,2025-03-17,2025-05-01,2025-05-23,REMOVED,425,9
LST-000610,AGT-074,LOC-007,Apartment,3,SALE,1520,2295000,2295000,0,2025-03-17,2025-03-19,2025-03-30,REMOVED,169,7
LST-000611,AGT-007,LOC-029,Apartment,2,SALE,990,610000,610000,0,2025-03-17,2025-06-12,2025-09-15,REMOVED,637,14
LST-000612,AGT-115,LOC-009,Apartment,1,RENT,945,96000,94000,1,2025-03-17,2025-04-18,2025-04-23,REMOVED,382,10
LST-000613,AGT-074,LOC-020,Townhouse,3,RENT,2005,168000,168000,0,2025-03-17,2025-03-25,2025-03-31,REMOVED,103,3
LST-000614,AGT-100,LOC-001,Apartment,2,SALE,1335,2475000,2475000,0,2025-03-18,2025-03-27,2025-04-11,REMOVED,312,9
LST-000615,AGT-117,LOC-009,Apartment,1,RENT,700,67000,67000,0,2025-03-18,2025-03-21,2025-03-26,REMOVED,171,4
LST-000616,AGT-092,LOC-021,Apartment,1,SALE,670,745000,695000,1,2025-03-18,2025-06-26,2025-08-04,EXPIRED,326,7
LST-000617,AGT-070,LOC-006,Villa,4,SALE,3905,21170000,19695000,1,2025-03-18,2025-06-20,2025-09-26,EXPIRED,1178,25
LST-000618,AGT-053,LOC-018,Apartment,2,RENT,1465,122000,112000,1,2025-03-18,2025-06-20,2025-10-25,REMOVED,762,11
LST-000619,AGT-107,LOC-008,Apartment,1,RENT,885,115000,115000,0,2025-03-18,2025-03-19,2025-05-14,REMOVED,437,7
LST-000620,AGT-115,LOC-020,Apartment,3,SALE,2165,2315000,2315000,0,2025-03-18,2025-04-28,2025-07-17,EXPIRED,896,20
LST-000621,AGT-052,LOC-023,Apartment,1,SALE,680,865000,865000,0,2025-03-18,2025-04-15,2025-05-03,REMOVED,856,19
LST-000622,AGT-063,LOC-017,Villa,5,SALE,5255,5825000,5825000,0,2025-03-18,2025-03-24,2025-05-20,EXPIRED,514,10
LST-000623,AGT-005,LOC-023,Apartment,0,SALE,485,740000,740000,0,2025-03-18,2025-03-23,2025-06-29,REMOVED,411,11
LST-000624,AGT-026,LOC-005,Apartment,1,SALE,770,2675000,2675000,0,2025-03-19,2025-07-03,2025-08-10,EXPIRED,809,17
LST-000625,AGT-070,LOC-001,Apartment,3,RENT,1640,143000,143000,0,2025-03-19,2025-03-29,2025-04-01,EXPIRED,380,11
LST-000626,AGT-059,LOC-020,Apartment,4,SALE,2280,2245000,2245000,0,2025-03-19,2025-03-27,2025-03-30,EXPIRED,72,2
LST-000627,AGT-115,LOC-020,Apartment,1,RENT,825,97000,94000,1,2025-03-19,2025-03-22,2025-04-26,REMOVED,171,5
LST-000628,AGT-020,LOC-026,Apartment,4,SALE,2500,3820000,3820000,0,2025-03-19,2025-04-05,2025-04-27,REMOVED,169,4
LST-000629,AGT-024,LOC-028,Villa,3,RENT,2705,225000,213000,1,2025-03-19,2025-05-07,2025-05-21,REMOVED,186,3
LST-000630,AGT-059,LOC-033,Apartment,1,RENT,665,47000,47000,0,2025-03-19,2025-04-24,2025-06-02,EXPIRED,536,13
LST-000631,AGT-117,LOC-018,Apartment,2,RENT,950,69000,69000,0,2025-03-19,2025-03-21,2025-04-03,EXPIRED,91,2
LST-000632,AGT-005,LOC-016,Villa,7,SALE,11070,15215000,15215000,0,2025-03-19,2025-04-17,2025-04-19,REMOVED,301,7
LST-000633,AGT-096,LOC-001,Penthouse,4,RENT,4900,640000,640000,0,2025-03-20,2025-03-30,2025-04-15,REMOVED,261,6
LST-000634,AGT-015,LOC-014,Apartment,1,SALE,870,2055000,1965000,1,2025-03-20,2025-04-28,2025-05-15,REMOVED,192,3
LST-000635,AGT-023,LOC-001,Penthouse,4,SALE,5585,14855000,14855000,0,2025-03-20,2025-04-03,2025-05-12,REMOVED,365,6
LST-000636,AGT-020,LOC-018,Apartment,2,RENT,1435,96000,96000,0,2025-03-20,2025-05-04,2025-06-04,REMOVED,469,15
LST-000637,AGT-070,LOC-006,Villa,5,SALE,6130,26925000,26200000,1,2025-03-20,2025-06-12,2025-06-24,REMOVED,778,18
LST-000638,AGT-101,LOC-008,Apartment,1,SALE,875,1875000,1875000,0,2025-03-20,2025-04-09,2025-06-19,REMOVED,233,4
LST-000639,AGT-028,LOC-013,Villa,3,SALE,3150,7790000,7790000,0,2025-03-20,2025-04-01,2025-05-13,REMOVED,109,1
LST-000640,AGT-082,LOC-015,Villa,3,SALE,3320,6275000,6275000,0,2025-03-20,2025-11-10,2025-11-14,REMOVED,486,6
LST-000641,AGT-101,LOC-014,Apartment,0,SALE,415,965000,965000,0,2025-03-20,2025-05-01,2025-06-05,REMOVED,572,15
LST-000642,AGT-033,LOC-031,Apartment,2,RENT,1260,94000,94000,0,2025-03-20,2025-04-21,2025-06-13,REMOVED,371,10
LST-000643,AGT-033,LOC-002,Apartment,1,SALE,610,1570000,1570000,0,2025-03-20,2025-06-12,2025-06-19,REMOVED,650,13
LST-000644,AGT-052,LOC-003,Apartment,0,RENT,485,103000,103000,0,2025-03-21,2025-04-01,2025-05-02,REMOVED,297,5
LST-000645,AGT-107,LOC-017,Villa,4,RENT,3585,282000,282000,0,2025-03-21,2025-05-15,2025-05-16,REMOVED,332,8
LST-000646,AGT-090,LOC-023,Apartment,1,RENT,925,96000,96000,0,2025-03-21,2025-05-06,2025-06-02,REMOVED,549,11
LST-000647,AGT-096,LOC-005,Apartment,3,SALE,2070,5980000,5980000,0,2025-03-21,2025-03-30,2025-05-27,EXPIRED,1035,20
LST-000648,AGT-101,LOC-009,Apartment,2,RENT,1245,125000,125000,0,2025-03-21,2025-03-22,2025-04-17,REMOVED,166,4
LST-000649,AGT-096,LOC-029,Villa,3,RENT,2805,101000,101000,0,2025-03-21,2025-04-18,2025-04-20,REMOVED,509,18
LST-000650,AGT-026,LOC-005,Apartment,3,SALE,1955,6670000,6670000,0,2025-03-21,2025-04-01,2025-04-08,EXPIRED,140,3
LST-000651,AGT-020,LOC-021,Apartment,3,SALE,2110,2155000,1860000,2,2025-03-21,2025-06-07,2025-07-05,EXPIRED,346,6
LST-000652,AGT-027,LOC-008,Apartment,2,SALE,1015,2000000,1850000,1,2025-03-21,2025-09-29,2025-12-07,REMOVED,646,14
LST-000653,AGT-038,LOC-017,Villa,3,SALE,3110,4035000,4035000,0,2025-03-22,2025-04-05,2025-08-06,EXPIRED,260,5
LST-000654,AGT-082,LOC-011,Apartment,2,SALE,1075,1615000,1395000,3,2025-03-22,2025-04-04,2026-03-22,REMOVED,3341,90
LST-000655,AGT-090,LOC-023,Apartment,0,SALE,480,735000,690000,1,2025-03-22,2025-04-13,2025-04-19,REMOVED,162,3
LST-000656,AGT-056,LOC-024,Apartment,2,SALE,1200,1270000,1270000,0,2025-03-22,2025-03-29,2025-04-25,EXPIRED,397,11
LST-000657,AGT-046,LOC-004,Apartment,1,SALE,820,2580000,2580000,0,2025-03-22,2025-11-23,2026-03-22,REMOVED,1139,21
LST-000658,AGT-051,LOC-012,Apartment,3,RENT,2170,196000,196000,0,2025-03-23,2025-04-05,2025-04-26,REMOVED,254,5
LST-000659,AGT-016,LOC-004,Apartment,2,RENT,1400,202000,202000,0,2025-03-23,2025-03-24,2025-04-05,REMOVED,158,3
LST-000660,AGT-090,LOC-001,Apartment,3,SALE,1980,4085000,4085000,0,2025-03-23,2025-06-29,2025-08-24,REMOVED,434,10
LST-000661,AGT-015,LOC-014,Apartment,4,SALE,2730,4820000,4820000,0,2025-03-23,2025-03-30,2025-04-13,EXPIRED,181,6
LST-000662,AGT-059,LOC-023,Apartment,1,RENT,810,66000,66000,0,2025-03-23,2025-04-01,2025-04-08,EXPIRED,284,7
LST-000663,AGT-059,LOC-020,Apartment,1,SALE,745,1000000,1000000,0,2025-03-23,2025-06-16,2025-08-20,REMOVED,529,10
LST-000664,AGT-061,LOC-028,Villa,4,SALE,4095,3920000,3920000,0,2025-03-23,2025-05-15,2025-06-29,REMOVED,693,14
LST-000665,AGT-064,LOC-031,Apartment,0,RENT,420,35000,33000,1,2025-03-24,2025-05-01,2025-05-02,REMOVED,231,3
LST-000666,AGT-074,LOC-001,Apartment,3,SALE,1915,4100000,3920000,1,2025-03-24,2025-05-11,2025-07-08,REMOVED,792,13
LST-000667,AGT-066,LOC-025,Townhouse,3,RENT,2010,184000,184000,0,2025-03-24,2025-03-29,2025-07-01,REMOVED,487,10
LST-000668,AGT-007,LOC-007,Penthouse,4,SALE,4995,13860000,12440000,2,2025-03-24,2025-03-26,2025-05-14,EXPIRED,319,6
LST-000669,AGT-070,LOC-011,Apartment,0,SALE,505,810000,810000,0,2025-03-24,2025-04-16,2025-04-22,REMOVED,207,5
LST-000670,AGT-090,LOC-031,Apartment,0,SALE,470,490000,490000,0,2025-03-24,2025-06-04,2025-08-28,REMOVED,455,11
LST-000671,AGT-012,LOC-022,Villa,4,RENT,3700,270000,270000,0,2025-03-24,2025-04-04,2025-04-18,REMOVED,191,6
LST-000672,AGT-093,LOC-001,Penthouse,5,RENT,8010,1174000,1174000,0,2025-03-24,2025-04-07,2025-04-07,REMOVED,102,2
LST-000673,AGT-035,LOC-025,Villa,3,SALE,3495,5505000,5505000,0,2025-03-24,2025-04-02,2025-04-25,REMOVED,111,2
LST-000674,AGT-005,LOC-018,Apartment,2,SALE,1155,1040000,1040000,0,2025-03-24,2025-08-13,2025-08-19,REMOVED,968,23
LST-000675,AGT-012,LOC-001,Penthouse,3,RENT,3860,597000,569000,1,2025-03-25,2025-04-28,2025-05-05,REMOVED,585,15
LST-000676,AGT-040,LOC-020,Apartment,0,RENT,505,82000,76000,1,2025-03-25,2025-05-02,2025-09-19,EXPIRED,327,4
LST-000677,AGT-040,LOC-007,Apartment,2,SALE,1235,2850000,2745000,1,2025-03-25,2025-05-11,2025-07-16,REMOVED,285,3
LST-000678,AGT-072,LOC-012,Apartment,2,RENT,1335,128000,128000,0,2025-03-25,2025-04-09,2025-04-21,REMOVED,323,8
LST-000679,AGT-046,LOC-014,Penthouse,2,SALE,2620,7490000,7025000,1,2025-03-25,2025-04-01,2025-06-30,EXPIRED,362,7
LST-000680,AGT-023,LOC-031,Apartment,1,RENT,865,74000,74000,0,2025-03-25,2025-03-27,2025-04-03,REMOVED,97,2
LST-000681,AGT-051,LOC-005,Apartment,2,RENT,1440,296000,260000,3,2025-03-25,2025-05-01,2025-05-30,REMOVED,423,9
LST-000682,AGT-008,LOC-031,Apartment,3,SALE,1500,1195000,1195000,0,2025-03-25,2025-03-31,2025-04-06,EXPIRED,77,2
LST-000683,AGT-047,LOC-025,Townhouse,3,SALE,2410,3375000,3375000,0,2025-03-25,2025-04-28,2025-04-30,REMOVED,229,6
LST-000684,AGT-040,LOC-020,Apartment,2,RENT,1320,117000,117000,0,2025-03-26,2025-04-17,2025-04-25,EXPIRED,401,12
LST-000685,AGT-097,LOC-032,Apartment,1,RENT,915,57000,57000,0,2025-03-26,2025-05-17,2025-05-19,REMOVED,370,11
LST-000686,AGT-106,LOC-024,Apartment,4,SALE,2810,3265000,3265000,0,2025-03-26,2025-05-08,2025-05-13,EXPIRED,231,6
LST-000687,AGT-053,LOC-007,Penthouse,5,RENT,7835,1291000,1291000,0,2025-03-26,2025-04-01,2025-04-04,REMOVED,114,4
LST-000688,AGT-057,LOC-008,Apartment,0,SALE,510,1050000,990000,2,2025-03-26,2025-04-06,2025-06-01,REMOVED,308,8
LST-000689,AGT-016,LOC-021,Apartment,0,SALE,425,455000,445000,1,2025-03-26,2025-03-31,2025-04-17,REMOVED,197,6
LST-000690,AGT-093,LOC-033,Apartment,1,SALE,900,1165000,1165000,0,2025-03-27,2025-04-26,2025-08-01,REMOVED,793,14
LST-000691,AGT-064,LOC-022,Villa,5,SALE,6805,9480000,9110000,1,2025-03-27,2025-04-22,2025-07-27,EXPIRED,453,7
LST-000692,AGT-025,LOC-025,Townhouse,3,SALE,2570,3655000,3195000,2,2025-03-27,2025-05-27,2025-06-26,REMOVED,358,7
LST-000693,AGT-019,LOC-010,Apartment,2,SALE,1080,1045000,1045000,0,2025-03-28,2025-04-22,2025-05-14,REMOVED,415,10
LST-000694,AGT-047,LOC-001,Apartment,2,RENT,1055,101000,101000,0,2025-03-28,2025-04-16,2025-04-17,REMOVED,401,12
LST-000695,AGT-053,LOC-025,Townhouse,4,RENT,3315,247000,247000,0,2025-03-28,2025-04-04,2025-04-12,REMOVED,136,3
LST-000696,AGT-060,LOC-019,Apartment,2,RENT,1480,123000,115000,1,2025-03-28,2025-04-22,2025-04-29,REMOVED,131,2
LST-000697,AGT-060,LOC-021,Apartment,3,RENT,1610,127000,127000,0,2025-03-28,2025-04-10,2025-04-19,EXPIRED,112,3
LST-000698,AGT-011,LOC-008,Apartment,1,RENT,940,105000,105000,0,2025-03-28,2025-04-03,2025-04-06,REMOVED,91,2
LST-000699,AGT-107,LOC-009,Apartment,2,RENT,1225,128000,123000,1,2025-03-28,2025-04-21,2025-05-11,REMOVED,189,4
LST-000700,AGT-051,LOC-003,Apartment,0,SALE,420,1360000,1360000,0,2025-03-28,2025-04-12,2025-05-17,EXPIRED,479,12
LST-000701,AGT-088,LOC-020,Apartment,1,SALE,785,1005000,935000,1,2025-03-28,2025-04-11,2025-04-23,REMOVED,166,4
LST-000702,AGT-112,LOC-020,Apartment,1,SALE,610,830000,780000,1,2025-03-28,2025-04-05,2025-07-29,EXPIRED,856,21
LST-000703,AGT-070,LOC-004,Apartment,1,SALE,705,1925000,1855000,1,2025-03-29,2025-04-26,2025-05-08,REMOVED,422,11
LST-000704,AGT-030,LOC-023,Apartment,1,RENT,915,88000,88000,0,2025-03-29,2025-04-12,2025-04-18,REMOVED,189,6
LST-000705,AGT-055,LOC-014,Penthouse,4,SALE,5095,13870000,13870000,0,2025-03-29,2025-04-07,2025-06-23,EXPIRED,585,16
LST-000706,AGT-020,LOC-001,Apartment,1,SALE,905,1720000,1720000,0,2025-03-29,2025-04-24,2025-05-06,REMOVED,672,22
LST-000707,AGT-080,LOC-002,Apartment,2,SALE,1450,3515000,3515000,0,2025-03-29,2025-04-28,2025-06-25,REMOVED,357,6
LST-000708,AGT-070,LOC-005,Apartment,2,SALE,1010,3260000,3260000,0,2025-03-30,2025-04-16,2025-05-07,REMOVED,385,11
LST-000709,AGT-080,LOC-001,Apartment,2,SALE,955,1940000,1940000,0,2025-03-30,2025-04-03,2025-04-14,EXPIRED,130,3
LST-000710,AGT-070,LOC-028,Villa,5,RENT,6765,395000,395000,0,2025-03-30,2025-03-30,2025-04-15,EXPIRED,232,6
LST-000711,AGT-045,LOC-010,Apartment,2,RENT,990,81000,81000,0,2025-03-30,2025-04-13,2025-04-14,EXPIRED,107,3
LST-000712,AGT-102,LOC-016,Villa,3,RENT,2710,202000,202000,0,2025-03-30,2025-04-12,2025-04-26,REMOVED,226,7
LST-000713,AGT-098,LOC-009,Apartment,0,RENT,500,51000,51000,0,2025-03-30,2025-03-30,2025-04-07,REMOVED,126,3
LST-000714,AGT-038,LOC-023,Apartment,2,SALE,1440,2045000,1980000,1,2025-03-30,2025-04-03,2025-06-12,EXPIRED,630,10
LST-000715,AGT-013,LOC-002,Apartment,2,RENT,1275,191000,185000,1,2025-03-30,2025-04-09,2025-06-20,REMOVED,542,8
LST-000716,AGT-004,LOC-001,Penthouse,3,SALE,3210,8410000,7965000,1,2025-03-30,2025-04-26,2025-06-12,REMOVED,569,13
LST-000717,AGT-059,LOC-024,Apartment,1,RENT,825,82000,82000,0,2025-03-31,2025-04-12,2025-05-09,REMOVED,296,6
LST-000718,AGT-065,LOC-018,Apartment,2,SALE,1370,1175000,1175000,0,2025-03-31,2025-04-05,2025-04-28,EXPIRED,152,4
LST-000719,AGT-007,LOC-001,Apartment,2,RENT,1115,110000,110000,0,2025-03-31,2025-04-04,2025-04-05,REMOVED,88,2
LST-000720,AGT-070,LOC-016,Villa,5,SALE,5955,7940000,7940000,0,2025-03-31,2025-12-17,2026-03-31,REMOVED,2611,73
LST-000721,AGT-002,LOC-028,Villa,4,SALE,3545,4325000,4110000,1,2025-03-31,2025-05-26,2025-06-03,EXPIRED,290,3
LST-000722,AGT-070,LOC-015,Villa,3,SALE,2800,5010000,4645000,1,2025-03-31,2025-06-14,2025-08-05,EXPIRED,705,11
LST-000723,AGT-070,LOC-016,Villa,4,RENT,4105,353000,353000,0,2025-03-31,2025-05-04,2025-05-06,EXPIRED,280,5
LST-000724,AGT-012,LOC-027,Apartment,2,SALE,1445,4180000,3930000,1,2025-03-31,2025-04-11,2025-05-18,REMOVED,453,7
LST-000725,AGT-064,LOC-014,Apartment,2,RENT,1095,128000,128000,0,2025-03-31,2025-04-12,2025-04-16,REMOVED,309,13
LST-000726,AGT-051,LOC-004,Apartment,1,SALE,720,2295000,2295000,0,2025-03-31,2025-04-04,2025-05-12,REMOVED,373,7
LST-000727,AGT-071,LOC-024,Apartment,2,RENT,1315,103000,103000,0,2025-03-31,2025-10-27,2026-02-25,REMOVED,1139,31
LST-000728,AGT-028,LOC-027,Apartment,2,RENT,1080,156000,156000,0,2025-03-31,2025-04-14,2025-04-15,REMOVED,448,13
LST-000729,AGT-102,LOC-015,Townhouse,3,SALE,2115,3255000,3255000,0,2025-03-31,2025-10-25,2025-11-26,EXPIRED,1310,31
LST-000730,AGT-063,LOC-023,Apartment,1,RENT,750,75000,75000,0,2025-03-31,2025-04-06,2025-04-14,REMOVED,144,3
LST-000731,AGT-096,LOC-003,Apartment,2,SALE,1110,2555000,2555000,0,2025-03-31,2025-04-04,2025-04-06,REMOVED,111,4
LST-000732,AGT-067,LOC-009,Apartment,1,SALE,615,690000,690000,0,2025-03-31,2025-04-03,2025-04-19,REMOVED,221,4
LST-000733,AGT-102,LOC-005,Apartment,2,RENT,1385,259000,259000,0,2025-03-31,2025-04-04,2025-05-10,REMOVED,494,13
LST-000734,AGT-014,LOC-001,Apartment,1,SALE,775,1755000,1755000,0,2025-04-01,2025-04-17,2025-05-02,REMOVED,188,4
LST-000735,AGT-115,LOC-008,Apartment,1,SALE,715,1195000,1195000,0,2025-04-01,2025-05-21,2025-08-06,REMOVED,1263,30
LST-000736,AGT-070,LOC-008,Apartment,1,SALE,695,1265000,1265000,0,2025-04-01,2025-04-10,2025-04-14,REMOVED,92,2
LST-000737,AGT-109,LOC-002,Apartment,2,RENT,1140,142000,142000,0,2025-04-01,2025-04-12,2025-05-12,REMOVED,711,10
LST-000738,AGT-100,LOC-017,Villa,4,RENT,4370,345000,322000,1,2025-04-01,2025-04-02,2025-05-09,REMOVED,144,2
LST-000739,AGT-088,LOC-014,Apartment,0,SALE,390,855000,855000,0,2025-04-01,2025-04-04,2025-06-30,REMOVED,485,14
LST-000740,AGT-026,LOC-019,Apartment,1,SALE,655,625000,545000,2,2025-04-01,2025-04-24,2025-05-16,REMOVED,146,3
LST-000741,AGT-061,LOC-028,Villa,4,RENT,4905,394000,370000,1,2025-04-01,2025-04-13,2025-04-25,REMOVED,95,2
LST-000742,AGT-044,LOC-008,Apartment,0,SALE,345,690000,605000,3,2025-04-01,2025-04-18,2025-06-27,REMOVED,538,9
LST-000743,AGT-038,LOC-017,Townhouse,3,SALE,2260,2465000,2465000,0,2025-04-01,2025-07-03,2025-09-05,REMOVED,493,9
LST-000744,AGT-070,LOC-016,Villa,7,SALE,9090,11845000,11845000,0,2025-04-01,2025-06-07,2025-06-28,REMOVED,567,17
LST-000745,AGT-059,LOC-008,Penthouse,3,RENT,3120,562000,562000,0,2025-04-01,2025-05-22,2025-06-03,REMOVED,355,7
LST-000746,AGT-050,LOC-023,Apartment,1,SALE,625,1035000,1035000,0,2025-04-01,2025-05-15,2025-06-08,REMOVED,302,5
LST-000747,AGT-092,LOC-020,Apartment,1,RENT,825,105000,105000,0,2025-04-01,2025-04-17,2025-05-25,EXPIRED,320,4
LST-000748,AGT-069,LOC-012,Apartment,1,SALE,640,880000,880000,0,2025-04-01,2025-04-27,2025-07-09,REMOVED,561,16
LST-000749,AGT-052,LOC-033,Apartment,1,SALE,920,1135000,1135000,0,2025-04-02,2025-04-04,2025-04-22,REMOVED,137,3
LST-000750,AGT-064,LOC-026,Apartment,1,SALE,855,1315000,1315000,0,2025-04-02,2025-06-27,2025-07-05,REMOVED,730,23
LST-000751,AGT-087,LOC-029,Apartment,3,RENT,1995,75000,75000,0,2025-04-02,2025-04-03,2025-04-15,REMOVED,231,6
LST-000752,AGT-067,LOC-010,Apartment,1,RENT,910,98000,90000,2,2025-04-02,2025-09-10,2025-10-21,EXPIRED,886,19
LST-000753,AGT-106,LOC-019,Apartment,2,SALE,1365,1260000,1090000,3,2025-04-02,2025-05-08,2025-06-07,REMOVED,320,7
LST-000754,AGT-015,LOC-001,Apartment,1,SALE,865,1990000,1945000,1,2025-04-03,2025-05-27,2025-09-06,REMOVED,485,8
LST-000755,AGT-057,LOC-003,Apartment,1,RENT,850,136000,136000,0,2025-04-03,2025-05-04,2025-05-06,REMOVED,381,8
LST-000756,AGT-096,LOC-027,Apartment,0,RENT,440,92000,92000,0,2025-04-03,2025-08-29,2025-09-03,EXPIRED,1538,27
LST-000757,AGT-074,LOC-001,Apartment,2,RENT,1040,117000,117000,0,2025-04-03,2025-04-09,2025-04-15,REMOVED,188,4
LST-000758,AGT-013,LOC-016,Villa,3,RENT,3055,251000,251000,0,2025-04-03,2025-04-15,2025-04-15,REMOVED,148,3
LST-000759,AGT-115,LOC-002,Apartment,1,RENT,950,99000,99000,0,2025-04-03,2025-04-07,2025-04-07,REMOVED,138,6
LST-000760,AGT-107,LOC-009,Apartment,3,SALE,1710,1520000,1520000,0,2025-04-03,2025-04-17,2025-05-05,REMOVED,232,6
LST-000761,AGT-115,LOC-002,Apartment,0,RENT,515,88000,88000,0,2025-04-03,2025-06-15,2025-07-05,EXPIRED,781,9
LST-000762,AGT-111,LOC-005,Apartment,1,SALE,865,2535000,2535000,0,2025-04-03,2025-04-30,2025-05-11,REMOVED,661,17
LST-000763,AGT-014,LOC-031,Apartment,3,RENT,2100,148000,148000,0,2025-04-03,2025-04-25,2025-06-06,REMOVED,424,6
LST-000764,AGT-105,LOC-023,Apartment,2,SALE,1430,1820000,1820000,0,2025-04-03,2025-05-22,2025-05-27,EXPIRED,517,13
LST-000765,AGT-100,LOC-023,Apartment,2,RENT,1140,109000,109000,0,2025-04-04,2025-04-05,2025-04-21,REMOVED,266,6
LST-000766,AGT-012,LOC-029,Villa,5,RENT,5370,194000,194000,0,2025-04-04,2025-04-07,2025-04-13,EXPIRED,90,2
LST-000767,AGT-063,LOC-010,Apartment,2,SALE,1290,1315000,1220000,1,2025-04-04,2025-04-28,2025-05-16,EXPIRED,375,13
LST-000768,AGT-037,LOC-023,Apartment,2,SALE,1440,1845000,1845000,0,2025-04-04,2025-06-19,2025-07-07,REMOVED,712,18
LST-000769,AGT-092,LOC-013,Villa,3,RENT,2750,385000,385000,0,2025-04-04,2025-04-20,2025-05-03,EXPIRED,292,4
LST-000770,AGT-092,LOC-009,Apartment,2,RENT,1165,128000,128000,0,2025-04-04,2025-05-04,2025-07-27,EXPIRED,469,10
LST-000771,AGT-092,LOC-016,Villa,6,RENT,7850,718000,647000,2,2025-04-04,2025-05-23,2025-05-27,EXPIRED,146,2
LST-000772,AGT-115,LOC-001,Penthouse,3,RENT,3315,410000,410000,0,2025-04-04,2025-04-17,2025-05-22,REMOVED,334,9
LST-000773,AGT-119,LOC-021,Apartment,2,SALE,1430,1600000,1500000,1,2025-04-04,2025-12-20,2025-12-28,REMOVED,669,10
LST-000774,AGT-052,LOC-033,Apartment,3,RENT,1515,89000,89000,0,2025-04-04,2025-04-11,2025-04-24,REMOVED,174,5
LST-000775,AGT-026,LOC-005,Apartment,1,RENT,875,197000,197000,0,2025-04-05,2025-04-12,2025-04-25,REMOVED,126,2
LST-000776,AGT-074,LOC-020,Apartment,2,SALE,1100,1520000,1465000,1,2025-04-05,2025-05-13,2025-08-10,REMOVED,651,14
LST-000777,AGT-005,LOC-016,Villa,4,RENT,4235,335000,335000,0,2025-04-05,2025-05-09,2025-05-11,REMOVED,398,9
LST-000778,AGT-114,LOC-019,Apartment,1,SALE,830,820000,780000,1,2025-04-05,2025-04-24,2025-06-08,REMOVED,169,3
LST-000779,AGT-028,LOC-001,Apartment,0,RENT,475,66000,66000,0,2025-04-05,2025-12-13,2026-01-15,REMOVED,1739,29
LST-000780,AGT-106,LOC-001,Apartment,2,SALE,1460,3320000,3175000,1,2025-04-05,2025-05-23,2025-09-24,REMOVED,895,13
LST-000781,AGT-067,LOC-009,Apartment,2,RENT,1395,129000,129000,0,2025-04-05,2025-04-08,2025-04-16,REMOVED,119,3
LST-000782,AGT-045,LOC-027,Villa,7,SALE,10720,27260000,27260000,0,2025-04-05,2025-04-15,2025-08-17,REMOVED,1208,29
LST-000783,AGT-056,LOC-033,Apartment,2,RENT,1415,96000,91000,1,2025-04-05,2025-04-13,2025-04-26,EXPIRED,325,9
LST-000784,AGT-107,LOC-033,Apartment,1,SALE,790,795000,795000,0,2025-04-06,2025-04-16,2025-06-21,REMOVED,844,39
LST-000785,AGT-019,LOC-009,Apartment,1,SALE,860,910000,910000,0,2025-04-06,2025-08-29,2025-09-05,EXPIRED,814,33
LST-000786,AGT-051,LOC-017,Villa,4,RENT,4265,348000,348000,0,2025-04-06,2025-04-12,2025-04-15,REMOVED,68,1
LST-000787,AGT-050,LOC-027,Apartment,1,SALE,940,3405000,2845000,3,2025-04-06,2025-07-12,2025-09-22,EXPIRED,806,11
LST-000788,AGT-011,LOC-004,Apartment,1,SALE,935,2575000,2575000,0,2025-04-06,2025-05-29,2025-07-14,EXPIRED,1145,22
LST-000789,AGT-070,LOC-029,Apartment,3,SALE,1670,825000,825000,0,2025-04-06,2025-06-10,2025-06-16,EXPIRED,970,24
LST-000790,AGT-052,LOC-013,Villa,6,RENT,7280,719000,697000,1,2025-04-07,2025-04-13,2025-05-12,REMOVED,423,7
LST-000791,AGT-027,LOC-012,Apartment,1,RENT,705,79000,75000,1,2025-04-07,2025-05-25,2025-06-08,REMOVED,391,8
LST-000792,AGT-027,LOC-018,Apartment,3,RENT,1580,99000,99000,0,2025-04-07,2025-04-07,2025-04-26,REMOVED,165,4
LST-000793,AGT-026,LOC-011,Apartment,2,RENT,1220,132000,123000,1,2025-04-07,2025-09-18,2026-04-07,REMOVED,2121,34
LST-000794,AGT-009,LOC-014,Penthouse,3,RENT,2950,567000,523000,1,2025-04-07,2025-05-01,2025-05-10,REMOVED,124,4
LST-000795,AGT-005,LOC-011,Apartment,4,RENT,2670,258000,258000,0,2025-04-07,2025-04-10,2025-04-21,EXPIRED,90,1
LST-000796,AGT-087,LOC-002,Apartment,3,SALE,1615,2800000,2800000,0,2025-04-07,2025-04-11,2025-09-20,REMOVED,2369,72
LST-000797,AGT-036,LOC-019,Apartment,1,SALE,735,700000,700000,0,2025-04-07,2025-08-04,2026-03-19,REMOVED,1025,22
LST-000798,AGT-004,LOC-004,Apartment,1,SALE,810,1910000,1910000,0,2025-04-08,2025-05-05,2025-07-05,REMOVED,1236,41
LST-000799,AGT-055,LOC-020,Apartment,2,SALE,1130,1515000,1430000,1,2025-04-08,2025-07-24,2025-07-25,REMOVED,531,11
LST-000800,AGT-052,LOC-033,Apartment,1,RENT,615,46000,42000,1,2025-04-08,2025-05-10,2025-07-04,REMOVED,613,10
LST-000801,AGT-037,LOC-013,Villa,5,SALE,5600,10000000,10000000,0,2025-04-08,2025-06-23,2025-08-01,REMOVED,626,16
LST-000802,AGT-005,LOC-018,Apartment,3,SALE,2105,1975000,1680000,3,2025-04-08,2025-04-26,2025-06-16,REMOVED,251,6
LST-000803,AGT-059,LOC-023,Apartment,3,RENT,1615,158000,158000,0,2025-04-09,2025-04-25,2025-05-03,REMOVED,291,6
LST-000804,AGT-101,LOC-030,Apartment,1,SALE,920,450000,450000,0,2025-04-09,2025-05-05,2025-05-16,REMOVED,234,8
LST-000805,AGT-011,LOC-024,Apartment,3,SALE,1525,1835000,1835000,0,2025-04-09,2025-05-01,2025-05-12,REMOVED,295,8
LST-000806,AGT-117,LOC-006,Villa,6,SALE,9075,48440000,48440000,0,2025-04-09,2025-04-28,2025-05-20,EXPIRED,259,4
LST-000807,AGT-024,LOC-027,Villa,5,SALE,5695,17065000,14930000,2,2025-04-09,2025-09-06,2026-04-09,REMOVED,2353,40
LST-000808,AGT-051,LOC-023,Apartment,2,SALE,1375,1735000,1735000,0,2025-04-09,2025-06-20,2025-06-27,REMOVED,561,12
LST-000809,AGT-070,LOC-011,Apartment,3,RENT,1760,185000,185000,0,2025-04-09,2025-04-22,2025-05-22,EXPIRED,397,8
LST-000810,AGT-038,LOC-022,Apartment,1,SALE,715,1055000,1055000,0,2025-04-09,2025-08-08,2025-10-07,REMOVED,934,13
LST-000811,AGT-023,LOC-031,Apartment,1,RENT,780,57000,57000,0,2025-04-09,2025-04-19,2025-04-20,EXPIRED,88,2
LST-000812,AGT-070,LOC-008,Penthouse,3,SALE,3025,6085000,6085000,0,2025-04-09,2025-12-14,2026-01-27,EXPIRED,2150,75
LST-000813,AGT-105,LOC-007,Apartment,3,RENT,2030,228000,228000,0,2025-04-10,2025-04-10,2025-04-19,REMOVED,154,5
LST-000814,AGT-024,LOC-006,Villa,3,SALE,2545,12935000,12450000,1,2025-04-10,2025-07-27,2025-09-15,EXPIRED,1332,27
LST-000815,AGT-023,LOC-001,Apartment,1,SALE,670,1330000,1330000,0,2025-04-10,2025-07-27,2025-09-06,EXPIRED,983,31
LST-000816,AGT-114,LOC-011,Apartment,1,RENT,755,72000,72000,0,2025-04-10,2025-04-11,2025-05-01,REMOVED,357,7
LST-000817,AGT-023,LOC-002,Apartment,1,RENT,705,113000,106000,1,2025-04-10,2025-04-24,2025-05-10,REMOVED,185,2
LST-000818,AGT-055,LOC-017,Villa,6,SALE,9040,10550000,10550000,0,2025-04-10,2025-08-02,2025-11-21,REMOVED,473,10
LST-000819,AGT-050,LOC-029,Apartment,3,RENT,1630,68000,68000,0,2025-04-10,2025-04-27,2025-05-09,EXPIRED,316,7
LST-000820,AGT-087,LOC-008,Apartment,1,SALE,620,1115000,1115000,0,2025-04-10,2025-04-12,2025-04-28,REMOVED,85,3
LST-000821,AGT-002,LOC-025,Villa,3,RENT,3195,312000,312000,0,2025-04-10,2025-04-21,2025-05-01,EXPIRED,120,2
LST-000822,AGT-090,LOC-003,Penthouse,4,SALE,4325,16380000,16380000,0,2025-04-10,2025-04-26,2025-05-02,REMOVED,141,3
LST-000823,AGT-035,LOC-028,Villa,4,RENT,3695,293000,293000,0,2025-04-11,2025-04-27,2025-04-29,EXPIRED,112,1
LST-000824,AGT-080,LOC-019,Apartment,1,RENT,755,52000,52000,0,2025-04-11,2025-05-11,2025-06-18,REMOVED,451,12
LST-000825,AGT-092,LOC-018,Apartment,0,RENT,490,41000,41000,0,2025-04-11,2025-05-12,2025-06-01,EXPIRED,149,3
LST-000826,AGT-107,LOC-006,Villa,3,SALE,3305,14040000,14040000,0,2025-04-11,2025-06-12,2025-07-19,REMOVED,770,32
LST-000827,AGT-102,LOC-010,Townhouse,3,RENT,2625,175000,157000,2,2025-04-11,2025-05-22,2025-06-08,REMOVED,284,7
LST-000828,AGT-051,LOC-003,Apartment,2,SALE,1445,4295000,4295000,0,2025-04-11,2025-05-12,2025-06-15,REMOVED,702,17
LST-000829,AGT-012,LOC-001,Apartment,2,RENT,1060,105000,105000,0,2025-04-11,2025-04-13,2025-05-24,EXPIRED,845,29
LST-000830,AGT-027,LOC-014,Apartment,1,SALE,790,1825000,1825000,0,2025-04-11,2025-05-02,2025-05-10,REMOVED,151,2
LST-000831,AGT-028,LOC-019,Apartment,1,RENT,830,61000,61000,0,2025-04-11,2025-04-14,2025-04-15,REMOVED,56,1
LST-000832,AGT-067,LOC-001,Apartment,0,RENT,440,49000,49000,0,2025-04-12,2025-04-26,2025-06-01,EXPIRED,715,18
LST-000833,AGT-068,LOC-022,Villa,4,SALE,4990,6930000,6440000,2,2025-04-12,2025-05-26,2025-06-12,EXPIRED,362,7
LST-000834,AGT-107,LOC-009,Apartment,1,SALE,700,955000,880000,1,2025-04-12,2025-07-12,2025-09-25,REMOVED,548,12
LST-000835,AGT-059,LOC-027,Apartment,2,RENT,1275,235000,235000,0,2025-04-12,2025-04-12,2025-04-23,EXPIRED,69,1
LST-000836,AGT-028,LOC-018,Apartment,1,SALE,625,645000,645000,0,2025-04-12,2025-08-08,2025-11-14,REMOVED,746,16
LST-000837,AGT-053,LOC-009,Apartment,1,RENT,665,60000,60000,0,2025-04-12,2025-05-25,2025-05-26,REMOVED,574,16
LST-000838,AGT-038,LOC-005,Apartment,2,SALE,975,3360000,3360000,0,2025-04-12,2025-05-06,2025-09-24,EXPIRED,1638,27
LST-000839,AGT-117,LOC-009,Apartment,1,RENT,815,67000,67000,0,2025-04-12,2025-05-27,2025-06-03,EXPIRED,491,19
LST-000840,AGT-073,LOC-013,Villa,7,RENT,12005,1591000,1591000,0,2025-04-12,2025-04-14,2025-04-26,REMOVED,92,2
LST-000841,AGT-019,LOC-027,Villa,4,SALE,4285,12935000,12495000,1,2025-04-12,2025-05-24,2025-08-16,REMOVED,675,10
LST-000842,AGT-064,LOC-022,Townhouse,4,SALE,2895,3785000,3570000,1,2025-04-13,2025-05-03,2026-04-13,REMOVED,1186,27
LST-000843,AGT-109,LOC-005,Apartment,1,RENT,920,201000,201000,0,2025-04-13,2025-05-21,2025-05-24,REMOVED,315,7
LST-000844,AGT-098,LOC-012,Apartment,3,RENT,1850,172000,172000,0,2025-04-13,2025-05-10,2025-05-17,REMOVED,247,5
LST-000845,AGT-097,LOC-030,Villa,5,RENT,6405,244000,244000,0,2025-04-13,2025-04-14,2025-07-11,REMOVED,572,18
LST-000846,AGT-016,LOC-031,Apartment,1,SALE,785,780000,780000,0,2025-04-13,2025-08-05,2025-09-24,REMOVED,476,12
LST-000847,AGT-070,LOC-006,Villa,4,SALE,4920,25185000,25185000,0,2025-04-13,2025-05-15,2025-07-26,REMOVED,412,6
LST-000848,AGT-057,LOC-028,Villa,7,RENT,11630,789000,789000,0,2025-04-13,2025-04-29,2025-05-15,REMOVED,213,4
LST-000849,AGT-011,LOC-009,Apartment,1,RENT,800,88000,88000,0,2025-04-14,2025-04-18,2025-05-02,REMOVED,98,2
LST-000850,AGT-117,LOC-007,Apartment,1,RENT,850,145000,145000,0,2025-04-14,2025-04-24,2025-04-27,REMOVED,110,1
LST-000851,AGT-070,LOC-002,Apartment,2,RENT,1015,153000,146000,1,2025-04-14,2025-04-21,2025-05-14,REMOVED,162,3
LST-000852,AGT-036,LOC-004,Apartment,2,SALE,1145,2785000,2785000,0,2025-04-14,2025-05-30,2025-06-05,REMOVED,701,17
LST-000853,AGT-025,LOC-018,Apartment,1,SALE,870,1035000,895000,3,2025-04-14,2025-05-07,2025-06-29,REMOVED,286,5
LST-000854,AGT-016,LOC-002,Apartment,2,SALE,985,2040000,2040000,0,2025-04-14,2025-04-18,2025-04-25,REMOVED,144,5
LST-000855,AGT-044,LOC-011,Apartment,3,RENT,2020,186000,186000,0,2025-04-14,2025-04-19,2025-04-24,EXPIRED,115,3
LST-000856,AGT-066,LOC-028,Villa,4,RENT,3810,279000,279000,0,2025-04-14,2025-06-05,2025-07-05,REMOVED,469,13
LST-000857,AGT-012,LOC-012,Apartment,1,RENT,945,117000,117000,0,2025-04-14,2025-07-01,2025-07-03,REMOVED,374,5
LST-000858,AGT-033,LOC-004,Apartment,0,SALE,340,985000,985000,0,2025-04-14,2025-05-22,2025-05-25,REMOVED,381,10
LST-000859,AGT-059,LOC-024,Apartment,0,RENT,515,44000,44000,0,2025-04-14,2025-04-14,2025-05-04,REMOVED,302,7
LST-000860,AGT-023,LOC-018,Apartment,1,RENT,715,60000,56000,1,2025-04-14,2025-04-20,2025-06-06,REMOVED,127,2
LST-000861,AGT-023,LOC-016,Villa,4,RENT,4910,406000,406000,0,2025-04-14,2025-04-26,2025-05-10,REMOVED,137,4
LST-000862,AGT-051,LOC-018,Apartment,1,SALE,930,825000,825000,0,2025-04-15,2025-05-09,2025-05-27,REMOVED,263,8
LST-000863,AGT-064,LOC-024,Apartment,1,SALE,655,1010000,960000,1,2025-04-15,2025-05-19,2025-05-26,EXPIRED,298,4
LST-000864,AGT-051,LOC-016,Villa,5,SALE,6555,9705000,9455000,1,2025-04-15,2025-05-08,2025-07-26,REMOVED,364,9
LST-000865,AGT-005,LOC-013,Villa,6,SALE,7325,13315000,12540000,1,2025-04-15,2025-04-19,2025-05-06,REMOVED,276,8
LST-000866,AGT-102,LOC-030,Apartment,0,SALE,450,300000,285000,1,2025-04-15,2026-04-08,2026-04-15,EXPIRED,1356,27
LST-000867,AGT-030,LOC-021,Apartment,2,SALE,1080,1070000,1070000,0,2025-04-15,2025-04-16,2025-04-29,REMOVED,81,2
LST-000868,AGT-092,LOC-009,Apartment,1,SALE,840,1235000,1235000,0,2025-04-15,2025-05-19,2025-09-10,REMOVED,212,2
LST-000869,AGT-051,LOC-028,Villa,4,RENT,4610,351000,351000,0,2025-04-15,2025-04-22,2025-08-13,REMOVED,640,12
LST-000870,AGT-080,LOC-028,Villa,5,SALE,6125,6315000,5870000,1,2025-04-15,2025-05-08,2025-07-01,REMOVED,410,9
LST-000871,AGT-014,LOC-004,Apartment,2,SALE,1250,3130000,2845000,2,2025-04-15,2025-05-20,2025-06-01,REMOVED,444,16
LST-000872,AGT-025,LOC-021,Apartment,2,RENT,1290,120000,120000,0,2025-04-16,2025-05-08,2025-06-03,EXPIRED,250,5
LST-000873,AGT-055,LOC-001,Apartment,0,SALE,475,1165000,1095000,1,2025-04-16,2025-10-28,2025-11-29,REMOVED,1473,27
LST-000874,AGT-055,LOC-016,Villa,6,RENT,8600,586000,586000,0,2025-04-16,2025-04-23,2025-05-22,REMOVED,324,7
LST-000875,AGT-107,LOC-001,Apartment,2,SALE,1140,2375000,2375000,0,2025-04-16,2025-07-13,2025-09-11,REMOVED,1090,18
LST-000876,AGT-063,LOC-012,Apartment,3,SALE,1800,2530000,2530000,0,2025-04-16,2025-05-21,2026-04-11,REMOVED,2145,37
LST-000877,AGT-045,LOC-003,Apartment,1,SALE,895,3040000,3040000,0,2025-04-16,2025-08-18,2025-09-17,REMOVED,1268,25
LST-000878,AGT-070,LOC-022,Townhouse,3,SALE,2585,3040000,3040000,0,2025-04-16,2025-06-18,2025-07-02,REMOVED,704,14
LST-000879,AGT-025,LOC-001,Penthouse,4,SALE,4685,13275000,12125000,2,2025-04-16,2025-08-12,2025-08-13,REMOVED,657,9
LST-000880,AGT-068,LOC-014,Apartment,1,SALE,720,1510000,1510000,0,2025-04-16,2025-07-08,2025-07-27,EXPIRED,841,23
LST-000881,AGT-051,LOC-004,Apartment,1,RENT,915,125000,125000,0,2025-04-16,2025-05-15,2025-05-19,REMOVED,571,17
LST-000882,AGT-023,LOC-015,Villa,3,RENT,3150,290000,290000,0,2025-04-17,2025-04-17,2025-05-12,REMOVED,237,4
LST-000883,AGT-028,LOC-015,Townhouse,3,RENT,2510,181000,181000,0,2025-04-17,2025-04-24,2025-04-27,REMOVED,346,10
LST-000884,AGT-102,LOC-026,Apartment,3,RENT,1740,202000,202000,0,2025-04-17,2025-04-23,2025-04-25,REMOVED,62,1
LST-000885,AGT-069,LOC-011,Apartment,0,RENT,355,35000,35000,0,2025-04-17,2025-05-15,2025-06-03,REMOVED,422,12
LST-000886,AGT-064,LOC-003,Apartment,2,RENT,1015,166000,166000,0,2025-04-17,2025-04-21,2025-05-04,REMOVED,168,2
LST-000887,AGT-047,LOC-001,Apartment,2,RENT,1175,111000,111000,0,2025-04-17,2025-05-26,2025-07-29,REMOVED,1271,44
LST-000888,AGT-011,LOC-018,Apartment,1,SALE,855,845000,845000,0,2025-04-17,2025-05-19,2025-08-23,REMOVED,370,9
LST-000889,AGT-052,LOC-030,Apartment,2,SALE,1040,610000,610000,0,2025-04-17,2025-11-19,2025-12-15,REMOVED,1346,31
LST-000890,AGT-069,LOC-010,Apartment,2,SALE,1095,1185000,1185000,0,2025-04-17,2025-05-20,2025-12-30,REMOVED,1453,36
LST-000891,AGT-087,LOC-026,Apartment,0,SALE,335,615000,615000,0,2025-04-18,2025-07-22,2025-08-01,REMOVED,886,18
LST-000892,AGT-087,LOC-024,Apartment,4,SALE,2655,3195000,3195000,0,2025-04-18,2025-04-21,2025-07-12,EXPIRED,613,10
LST-000893,AGT-107,LOC-017,Villa,5,SALE,5355,5140000,5140000,0,2025-04-18,2025-04-18,2025-06-10,EXPIRED,434,13
LST-000894,AGT-057,LOC-028,Villa,4,RENT,3880,325000,277000,3,2025-04-18,2025-04-27,2025-07-10,REMOVED,245,3
LST-000895,AGT-068,LOC-004,Apartment,2,SALE,1480,3895000,3725000,1,2025-04-18,2025-06-23,2025-08-03,REMOVED,615,16
LST-000896,AGT-033,LOC-015,Villa,5,SALE,6505,7495000,7495000,0,2025-04-18,2025-04-23,2025-05-18,REMOVED,455,13
LST-000897,AGT-102,LOC-013,Townhouse,3,RENT,2615,292000,292000,0,2025-04-18,2025-04-20,2025-04-29,EXPIRED,152,3
LST-000898,AGT-012,LOC-001,Apartment,0,RENT,385,46000,46000,0,2025-04-18,2025-04-24,2025-05-01,REMOVED,208,6
LST-000899,AGT-074,LOC-016,Villa,6,SALE,8360,11860000,11860000,0,2025-04-19,2025-05-10,2025-05-12,REMOVED,244,6
LST-000900,AGT-028,LOC-025,Villa,6,RENT,7490,512000,512000,0,2025-04-20,2025-05-15,2025-05-18,REMOVED,244,5
LST-000901,AGT-115,LOC-023,Apartment,3,RENT,2040,175000,175000,0,2025-04-20,2025-05-01,2025-05-03,EXPIRED,177,6
LST-000902,AGT-012,LOC-009,Apartment,1,RENT,610,54000,54000,0,2025-04-20,2025-04-26,2025-05-02,REMOVED,116,3
LST-000903,AGT-020,LOC-023,Apartment,2,SALE,1215,1735000,1735000,0,2025-04-20,2025-05-31,2025-07-07,REMOVED,476,9
LST-000904,AGT-080,LOC-027,Villa,4,RENT,3940,667000,667000,0,2025-04-20,2025-06-10,2025-06-26,REMOVED,452,6
LST-000905,AGT-050,LOC-012,Apartment,2,SALE,995,1450000,1350000,1,2025-04-20,2025-05-25,2025-06-07,EXPIRED,361,8
LST-000906,AGT-087,LOC-012,Apartment,2,RENT,1425,159000,159000,0,2025-04-21,2025-07-02,2025-08-03,REMOVED,807,13
LST-000907,AGT-070,LOC-012,Apartment,2,RENT,1445,169000,169000,0,2025-04-21,2025-04-24,2025-05-14,REMOVED,170,3
LST-000908,AGT-046,LOC-014,Apartment,0,RENT,355,42000,42000,0,2025-04-21,2025-04-25,2025-04-26,REMOVED,303,12
LST-000909,AGT-009,LOC-018,Apartment,2,SALE,1190,1210000,1210000,0,2025-04-21,2025-04-29,2025-05-18,EXPIRED,220,4
LST-000910,AGT-092,LOC-009,Apartment,1,RENT,660,67000,62000,1,2025-04-21,2025-05-23,2025-07-12,REMOVED,218,3
LST-000911,AGT-053,LOC-010,Apartment,1,SALE,685,600000,600000,0,2025-04-21,2025-04-28,2025-05-05,REMOVED,287,17
LST-000912,AGT-090,LOC-001,Apartment,3,SALE,1590,3095000,2990000,1,2025-04-21,2025-05-01,2025-05-27,REMOVED,339,9
LST-000913,AGT-102,LOC-016,Villa,3,RENT,2995,290000,257000,2,2025-04-21,2025-05-28,2025-06-02,REMOVED,175,3
LST-000914,AGT-070,LOC-025,Villa,4,RENT,4690,417000,417000,0,2025-04-21,2025-04-24,2025-05-08,REMOVED,144,3
LST-000915,AGT-103,LOC-013,Villa,5,SALE,5080,11330000,11330000,0,2025-04-21,2025-07-18,2025-08-07,REMOVED,438,7
LST-000916,AGT-107,LOC-009,Apartment,4,SALE,2435,2305000,2305000,0,2025-04-21,2025-04-29,2025-05-09,REMOVED,144,5
LST-000917,AGT-028,LOC-007,Apartment,3,RENT,2020,323000,298000,1,2025-04-21,2025-04-30,2025-05-30,REMOVED,216,4
LST-000918,AGT-009,LOC-018,Apartment,0,RENT,425,34000,34000,0,2025-04-22,2025-06-07,2025-06-29,REMOVED,480,12
LST-000919,AGT-033,LOC-006,Villa,7,SALE,10050,48355000,48355000,0,2025-04-22,2025-05-11,2025-05-28,REMOVED,333,7
LST-000920,AGT-020,LOC-031,Apartment,2,SALE,1210,1140000,1140000,0,2025-04-22,2025-05-04,2025-05-10,EXPIRED,134,3
LST-000921,AGT-011,LOC-002,Apartment,2,RENT,1360,200000,200000,0,2025-04-22,2025-04-23,2025-05-06,REMOVED,152,3
LST-000922,AGT-102,LOC-028,Villa,6,SALE,7095,7405000,7075000,1,2025-04-22,2025-08-15,2025-10-09,REMOVED,795,11
LST-000923,AGT-005,LOC-018,Apartment,2,SALE,1335,1435000,1340000,1,2025-04-22,2025-08-19,2025-11-19,REMOVED,659,14
LST-000924,AGT-018,LOC-002,Apartment,1,RENT,690,90000,90000,0,2025-04-22,2025-05-07,2025-05-22,EXPIRED,219,6
LST-000925,AGT-016,LOC-033,Apartment,1,RENT,700,57000,57000,0,2025-04-22,2025-04-24,2025-05-07,EXPIRED,130,2
LST-000926,AGT-096,LOC-009,Townhouse,4,RENT,3075,266000,259000,1,2025-04-22,2025-04-30,2025-05-21,REMOVED,103,2
LST-000927,AGT-074,LOC-026,Apartment,1,SALE,805,1280000,1280000,0,2025-04-22,2025-05-10,2025-06-16,REMOVED,441,14
LST-000928,AGT-107,LOC-009,Apartment,2,SALE,1095,1125000,1125000,0,2025-04-22,2025-04-27,2025-07-13,REMOVED,430,10
LST-000929,AGT-035,LOC-010,Apartment,4,RENT,3055,259000,226000,2,2025-04-22,2025-05-21,2025-07-09,EXPIRED,594,9
LST-000930,AGT-021,LOC-001,Apartment,0,SALE,490,940000,940000,0,2025-04-22,2025-05-11,2025-07-08,EXPIRED,1715,47
LST-000931,AGT-021,LOC-014,Apartment,2,RENT,1145,148000,148000,0,2025-04-22,2025-04-22,2025-04-27,REMOVED,68,2
LST-000932,AGT-070,LOC-003,Apartment,2,SALE,1435,4055000,4055000,0,2025-04-23,2025-04-27,2025-05-22,REMOVED,227,6
LST-000933,AGT-005,LOC-012,Apartment,2,RENT,1370,144000,144000,0,2025-04-23,2025-05-01,2025-05-04,EXPIRED,101,2
LST-000934,AGT-023,LOC-023,Apartment,3,SALE,2165,3015000,3015000,0,2025-04-23,2025-05-14,2025-07-19,REMOVED,400,7
LST-000935,AGT-038,LOC-030,Villa,3,RENT,3490,164000,156000,1,2025-04-23,2025-05-10,2025-07-25,REMOVED,257,5
LST-000936,AGT-038,LOC-017,Apartment,3,SALE,1845,1490000,1490000,0,2025-04-23,2025-05-16,2025-06-27,REMOVED,680,26
LST-000937,AGT-101,LOC-020,Townhouse,3,RENT,1985,156000,156000,0,2025-04-23,2025-04-23,2025-04-29,REMOVED,68,2
LST-000938,AGT-067,LOC-007,Apartment,2,SALE,980,1920000,1920000,0,2025-04-24,2025-06-16,2025-06-20,REMOVED,328,6
LST-000939,AGT-064,LOC-004,Apartment,0,SALE,475,1275000,1275000,0,2025-04-24,2025-07-04,2025-10-25,REMOVED,2055,47
LST-000940,AGT-087,LOC-007,Apartment,2,SALE,1395,2395000,2395000,0,2025-04-24,2025-05-19,2025-11-01,EXPIRED,1052,26
LST-000941,AGT-026,LOC-031,Apartment,0,SALE,355,335000,335000,0,2025-04-24,2025-06-14,2025-09-05,EXPIRED,351,9
LST-000942,AGT-026,LOC-005,Apartment,4,RENT,2975,529000,529000,0,2025-04-24,2025-05-09,2025-05-21,REMOVED,276,8
LST-000943,AGT-112,LOC-029,Villa,5,SALE,5495,3315000,3315000,0,2025-04-24,2026-02-01,2026-03-11,REMOVED,1396,31
LST-000944,AGT-004,LOC-028,Villa,3,SALE,3095,3060000,3060000,0,2025-04-24,2025-05-03,2025-05-07,REMOVED,104,2
LST-000945,AGT-055,LOC-022,Apartment,0,RENT,370,36000,36000,0,2025-04-24,2025-04-24,2025-05-08,REMOVED,121,3
LST-000946,AGT-015,LOC-019,Apartment,1,RENT,875,75000,73000,1,2025-04-24,2025-07-25,2025-09-03,REMOVED,569,11
LST-000947,AGT-090,LOC-001,Penthouse,5,SALE,8710,20965000,20965000,0,2025-04-24,2025-06-01,2025-07-11,REMOVED,583,13
LST-000948,AGT-064,LOC-022,Apartment,3,RENT,1815,159000,159000,0,2025-04-24,2025-05-18,2025-06-04,REMOVED,195,3
LST-000949,AGT-063,LOC-021,Apartment,1,RENT,625,55000,55000,0,2025-04-24,2025-05-26,2025-06-05,REMOVED,244,3
LST-000950,AGT-033,LOC-004,Apartment,0,RENT,350,69000,69000,0,2025-04-24,2025-05-26,2025-05-28,REMOVED,410,6
LST-000951,AGT-064,LOC-027,Villa,3,SALE,3090,8765000,8765000,0,2025-04-24,2025-06-14,2025-07-28,REMOVED,1405,37
LST-000952,AGT-019,LOC-013,Villa,5,RENT,6520,977000,977000,0,2025-04-25,2025-07-18,2025-07-18,REMOVED,279,5
LST-000953,AGT-033,LOC-004,Apartment,1,SALE,615,1620000,1620000,0,2025-04-25,2025-07-25,2025-08-03,REMOVED,1187,38
LST-000954,AGT-064,LOC-004,Apartment,2,RENT,1480,241000,233000,1,2025-04-25,2025-05-14,2025-05-20,REMOVED,221,5
LST-000955,AGT-008,LOC-023,Apartment,2,SALE,1450,1690000,1690000,0,2025-04-25,2025-05-16,2025-06-29,REMOVED,641,22
LST-000956,AGT-036,LOC-004,Apartment,1,SALE,750,2325000,2325000,0,2025-04-25,2025-05-17,2025-06-22,REMOVED,467,9
LST-000957,AGT-038,LOC-011,Apartment,0,SALE,435,665000,665000,0,2025-04-25,2025-05-23,2025-08-27,REMOVED,479,14
LST-000958,AGT-026,LOC-009,Townhouse,4,RENT,3015,228000,228000,0,2025-04-25,2025-05-03,2025-09-03,EXPIRED,1002,21
LST-000959,AGT-079,LOC-025,Townhouse,4,SALE,3325,4205000,4205000,0,2025-04-25,2025-05-02,2025-05-03,REMOVED,63,1
LST-000960,AGT-070,LOC-031,Apartment,1,RENT,790,60000,60000,0,2025-04-25,2025-04-29,2025-05-14,REMOVED,135,4
LST-000961,AGT-114,LOC-025,Townhouse,4,SALE,2775,3420000,3420000,0,2025-04-25,2025-08-04,2025-09-06,REMOVED,627,19
LST-000962,AGT-019,LOC-013,Townhouse,4,SALE,2890,5435000,5435000,0,2025-04-25,2025-05-11,2025-06-13,EXPIRED,318,8
LST-000963,AGT-070,LOC-007,Apartment,2,RENT,1215,221000,209000,1,2025-04-25,2025-06-19,2025-06-27,EXPIRED,243,2
LST-000964,AGT-030,LOC-012,Apartment,0,RENT,395,48000,47000,1,2025-04-25,2025-04-27,2025-05-20,EXPIRED,198,3
LST-000965,AGT-100,LOC-026,Apartment,1,SALE,620,935000,935000,0,2025-04-25,2025-08-16,2025-08-25,REMOVED,831,22
LST-000966,AGT-092,LOC-010,Apartment,2,SALE,1485,1885000,1715000,2,2025-04-26,2025-05-09,2025-06-07,REMOVED,112,2
LST-000967,AGT-059,LOC-025,Townhouse,4,SALE,2785,3815000,3815000,0,2025-04-26,2025-05-07,2025-05-13,REMOVED,66,1
LST-000968,AGT-103,LOC-007,Apartment,2,SALE,1475,2605000,2605000,0,2025-04-26,2025-06-08,2025-06-26,REMOVED,700,15
LST-000969,AGT-102,LOC-013,Townhouse,3,RENT,2540,341000,341000,0,2025-04-26,2025-05-17,2025-05-22,REMOVED,123,3
LST-000970,AGT-082,LOC-002,Apartment,0,SALE,400,1070000,1070000,0,2025-04-27,2025-05-09,2025-06-04,EXPIRED,284,4
LST-000971,AGT-035,LOC-017,Apartment,0,SALE,455,660000,640000,1,2025-04-27,2025-10-12,2025-12-07,EXPIRED,391,8
LST-000972,AGT-092,LOC-025,Townhouse,3,SALE,2130,2870000,2870000,0,2025-04-27,2025-05-19,2025-05-19,REMOVED,154,4
LST-000973,AGT-085,LOC-028,Villa,6,SALE,8435,9450000,8255000,2,2025-04-27,2025-06-18,2025-06-24,REMOVED,142,3
LST-000974,AGT-004,LOC-017,Villa,5,SALE,6470,7835000,7835000,0,2025-04-27,2025-06-01,2025-09-15,REMOVED,479,8
LST-000975,AGT-019,LOC-028,Villa,3,SALE,3285,3695000,3500000,1,2025-04-28,2025-05-15,2025-05-28,REMOVED,121,2
LST-000976,AGT-070,LOC-015,Villa,4,RENT,4900,471000,471000,0,2025-04-28,2025-05-06,2025-05-17,REMOVED,143,4
LST-000977,AGT-092,LOC-011,Apartment,2,SALE,1170,1965000,1965000,0,2025-04-28,2025-05-31,2025-06-02,REMOVED,180,3
LST-000978,AGT-047,LOC-023,Apartment,3,RENT,2070,184000,184000,0,2025-04-28,2025-05-29,2025-06-09,REMOVED,312,9
LST-000979,AGT-023,LOC-002,Apartment,2,SALE,1305,3385000,3385000,0,2025-04-28,2025-10-28,2026-02-17,REMOVED,1390,26
LST-000980,AGT-048,LOC-007,Penthouse,4,RENT,5680,1243000,1243000,0,2025-04-28,2025-05-03,2025-05-10,REMOVED,93,1
LST-000981,AGT-100,LOC-003,Apartment,2,RENT,1070,191000,191000,0,2025-04-28,2025-05-03,2025-06-08,REMOVED,172,3
LST-000982,AGT-007,LOC-011,Apartment,2,RENT,1045,117000,117000,0,2025-04-28,2025-05-28,2025-09-20,REMOVED,697,15
LST-000983,AGT-030,LOC-021,Apartment,4,SALE,2905,2940000,2870000,1,2025-04-28,2025-04-29,2025-05-26,REMOVED,97,1
LST-000984,AGT-068,LOC-008,Apartment,2,RENT,1480,213000,190000,3,2025-04-28,2025-05-18,2025-07-11,EXPIRED,311,4
LST-000985,AGT-074,LOC-024,Apartment,2,RENT,1380,111000,111000,0,2025-04-28,2025-05-07,2025-05-16,REMOVED,222,8
LST-000986,AGT-033,LOC-024,Apartment,3,SALE,1525,1840000,1840000,0,2025-04-29,2026-04-29,2026-04-29,REMOVED,2692,51
LST-000987,AGT-026,LOC-005,Apartment,0,RENT,360,92000,92000,0,2025-04-29,2025-05-18,2025-06-05,REMOVED,412,7
LST-000988,AGT-059,LOC-025,Villa,4,RENT,3915,335000,335000,0,2025-04-29,2025-07-31,2025-11-24,REMOVED,362,9
LST-000989,AGT-090,LOC-011,Apartment,2,SALE,1145,1755000,1685000,1,2025-04-29,2025-05-17,2025-05-30,REMOVED,363,8
LST-000990,AGT-067,LOC-007,Apartment,2,SALE,1400,2485000,2485000,0,2025-04-29,2025-05-30,2025-06-11,REMOVED,226,6
LST-000991,AGT-069,LOC-002,Apartment,0,RENT,475,68000,68000,0,2025-04-29,2025-05-04,2025-05-12,REMOVED,262,6
LST-000992,AGT-046,LOC-024,Apartment,2,RENT,1410,111000,111000,0,2025-04-29,2025-05-09,2025-05-11,REMOVED,127,3
LST-000993,AGT-101,LOC-007,Apartment,1,RENT,845,111000,111000,0,2025-04-29,2025-05-07,2025-05-07,REMOVED,100,3
LST-000994,AGT-014,LOC-014,Apartment,1,RENT,795,141000,122000,2,2025-04-30,2025-06-21,2025-07-27,REMOVED,200,3
LST-000995,AGT-059,LOC-025,Townhouse,4,SALE,3235,4635000,4200000,3,2025-04-30,2025-12-12,2025-12-19,REMOVED,1330,21
LST-000996,AGT-082,LOC-006,Villa,5,SALE,5030,21835000,21835000,0,2025-04-30,2025-09-07,2026-04-30,REMOVED,3511,79
LST-000997,AGT-036,LOC-023,Apartment,0,SALE,385,515000,515000,0,2025-04-30,2025-05-15,2025-06-26,REMOVED,560,19
LST-000998,AGT-064,LOC-009,Apartment,2,SALE,1175,1450000,1345000,1,2025-04-30,2025-05-27,2025-06-11,EXPIRED,335,5
LST-000999,AGT-012,LOC-028,Villa,4,RENT,4975,409000,409000,0,2025-04-30,2025-05-08,2025-05-13,EXPIRED,60,1
LST-001000,AGT-087,LOC-009,Apartment,4,RENT,2745,225000,225000,0,2025-04-30,2025-05-07,2025-05-09,REMOVED,94,3
LST-001001,AGT-004,LOC-005,Apartment,2,SALE,1400,4575000,4575000,0,2025-04-30,2025-05-07,2025-05-17,REMOVED,173,5
LST-001002,AGT-059,LOC-025,Villa,5,SALE,6725,8935000,8235000,1,2025-04-30,2025-05-31,2025-06-10,REMOVED,266,5
LST-001003,AGT-063,LOC-011,Apartment,2,SALE,1315,2095000,2095000,0,2025-04-30,2025-06-22,2025-06-22,REMOVED,274,4
LST-001004,AGT-023,LOC-002,Apartment,2,RENT,1215,144000,144000,0,2025-05-01,2025-05-18,2025-07-16,REMOVED,1331,24
LST-001005,AGT-070,LOC-005,Apartment,4,RENT,2900,487000,487000,0,2025-05-01,2025-05-11,2025-05-15,REMOVED,209,4
LST-001006,AGT-038,LOC-005,Apartment,4,SALE,2715,7820000,7820000,0,2025-05-01,2025-05-02,2025-06-17,REMOVED,716,21
LST-001007,AGT-103,LOC-010,Apartment,3,RENT,2000,192000,192000,0,2025-05-01,2025-08-05,2025-08-13,REMOVED,356,8
LST-001008,AGT-035,LOC-020,Apartment,2,RENT,1050,114000,114000,0,2025-05-01,2025-05-10,2025-05-13,REMOVED,108,2
LST-001009,AGT-064,LOC-003,Apartment,0,SALE,355,1240000,1240000,0,2025-05-01,2025-08-09,2025-12-03,REMOVED,1422,22
LST-001010,AGT-088,LOC-003,Apartment,3,RENT,2145,300000,300000,0,2025-05-01,2025-05-15,2025-06-01,REMOVED,504,10
LST-001011,AGT-102,LOC-007,Apartment,0,SALE,410,905000,905000,0,2025-05-02,2025-11-04,2026-02-21,REMOVED,1526,34
LST-001012,AGT-023,LOC-009,Apartment,1,SALE,690,805000,805000,0,2025-05-02,2025-05-25,2025-06-16,REMOVED,214,5
LST-001013,AGT-011,LOC-007,Apartment,1,RENT,900,139000,139000,0,2025-05-02,2025-05-13,2025-05-29,EXPIRED,159,3
LST-001014,AGT-069,LOC-032,Apartment,1,SALE,920,665000,665000,0,2025-05-02,2025-05-12,2025-05-15,REMOVED,125,4
LST-001015,AGT-066,LOC-010,Townhouse,5,SALE,4135,4245000,4245000,0,2025-05-02,2025-05-03,2025-08-17,REMOVED,421,10
LST-001016,AGT-047,LOC-032,Apartment,2,RENT,1080,93000,93000,0,2025-05-02,2025-05-06,2025-07-02,EXPIRED,263,4
LST-001017,AGT-072,LOC-029,Villa,4,SALE,4595,2870000,2755000,1,2025-05-02,2025-06-07,2025-06-07,REMOVED,173,5
LST-001018,AGT-046,LOC-014,Apartment,0,SALE,450,1040000,1040000,0,2025-05-02,2025-06-04,2025-07-26,REMOVED,809,19
LST-001019,AGT-068,LOC-001,Apartment,1,RENT,825,108000,101000,1,2025-05-02,2025-05-09,2025-06-02,REMOVED,145,2
LST-001020,AGT-070,LOC-020,Apartment,1,SALE,805,910000,910000,0,2025-05-02,2025-05-11,2025-11-12,REMOVED,1347,54
LST-001021,AGT-061,LOC-013,Villa,4,RENT,4875,602000,602000,0,2025-05-03,2025-06-11,2025-06-27,EXPIRED,299,7
LST-001022,AGT-080,LOC-029,Villa,4,RENT,4325,183000,183000,0,2025-05-03,2025-06-05,2025-06-16,REMOVED,215,3
LST-001023,AGT-090,LOC-021,Apartment,1,SALE,735,785000,785000,0,2025-05-03,2025-05-12,2025-05-24,EXPIRED,146,4
LST-001024,AGT-026,LOC-007,Apartment,0,RENT,350,62000,60000,1,2025-05-03,2025-05-19,2025-06-08,REMOVED,261,3
LST-001025,AGT-101,LOC-008,Apartment,0,SALE,380,775000,775000,0,2025-05-03,2025-07-28,2025-08-25,REMOVED,573,11
LST-001026,AGT-021,LOC-006,Villa,5,SALE,5695,29495000,29495000,0,2025-05-04,2025-06-09,2025-06-29,EXPIRED,475,8
LST-001027,AGT-105,LOC-017,Townhouse,3,RENT,2275,164000,164000,0,2025-05-04,2025-05-21,2025-08-10,REMOVED,491,12
LST-001028,AGT-092,LOC-015,Townhouse,2,SALE,1805,2230000,2230000,0,2025-05-04,2025-05-09,2025-07-04,REMOVED,725,35
LST-001029,AGT-013,LOC-006,Villa,5,SALE,5680,24310000,24310000,0,2025-05-04,2025-05-05,2025-05-23,EXPIRED,218,5
LST-001030,AGT-024,LOC-016,Villa,4,RENT,3815,326000,326000,0,2025-05-04,2025-06-02,2025-06-02,EXPIRED,297,6
LST-001031,AGT-055,LOC-020,Apartment,4,RENT,2520,233000,233000,0,2025-05-04,2025-05-06,2025-05-20,REMOVED,84,2
LST-001032,AGT-098,LOC-004,Penthouse,2,SALE,2015,7805000,7600000,1,2025-05-04,2025-05-23,2025-06-08,REMOVED,308,5
LST-001033,AGT-115,LOC-014,Apartment,4,SALE,2975,6800000,6800000,0,2025-05-05,2025-05-31,2025-12-22,REMOVED,627,7
LST-001034,AGT-064,LOC-031,Apartment,1,RENT,900,69000,69000,0,2025-05-05,2025-05-26,2025-06-14,REMOVED,141,4
LST-001035,AGT-004,LOC-028,Townhouse,4,RENT,2705,222000,222000,0,2025-05-05,2025-05-10,2025-05-20,REMOVED,55,1
LST-001036,AGT-067,LOC-017,Apartment,1,RENT,645,69000,67000,1,2025-05-05,2025-11-25,2025-12-17,REMOVED,721,13
LST-001037,AGT-024,LOC-024,Apartment,2,SALE,1495,1965000,1965000,0,2025-05-05,2025-09-16,2025-11-22,REMOVED,1615,39
LST-001038,AGT-107,LOC-016,Townhouse,4,SALE,2940,4285000,4285000,0,2025-05-06,2025-10-24,2026-01-04,REMOVED,880,16
LST-001039,AGT-069,LOC-014,Apartment,1,RENT,830,115000,115000,0,2025-05-06,2025-05-07,2025-06-20,REMOVED,400,12
LST-001040,AGT-088,LOC-023,Apartment,3,RENT,1565,133000,133000,0,2025-05-06,2025-05-23,2025-06-11,REMOVED,495,11
LST-001041,AGT-030,LOC-024,Apartment,1,SALE,780,955000,955000,0,2025-05-06,2025-05-11,2025-08-28,REMOVED,720,24
LST-001042,AGT-048,LOC-029,Apartment,3,RENT,2020,85000,85000,0,2025-05-06,2025-05-17,2025-05-23,REMOVED,120,2
LST-001043,AGT-067,LOC-022,Villa,5,RENT,6120,374000,374000,0,2025-05-06,2025-05-27,2025-06-14,REMOVED,469,17
LST-001044,AGT-004,LOC-004,Apartment,1,RENT,950,140000,140000,0,2025-05-06,2025-05-09,2025-05-15,REMOVED,268,8
LST-001045,AGT-081,LOC-001,Apartment,3,RENT,2020,190000,190000,0,2025-05-06,2025-05-12,2025-05-20,REMOVED,179,5
LST-001046,AGT-059,LOC-012,Apartment,1,SALE,655,960000,960000,0,2025-05-06,2025-05-06,2025-05-25,REMOVED,177,4
LST-001047,AGT-035,LOC-026,Apartment,0,SALE,390,785000,785000,0,2025-05-06,2025-05-22,2025-07-15,EXPIRED,329,6
LST-001048,AGT-120,LOC-026,Apartment,1,RENT,725,90000,84000,1,2025-05-06,2025-05-17,2025-05-27,REMOVED,195,5
LST-001049,AGT-063,LOC-008,Penthouse,2,RENT,1945,292000,270000,1,2025-05-07,2025-05-24,2025-06-17,REMOVED,242,5
LST-001050,AGT-119,LOC-003,Apartment,3,SALE,2190,6625000,6625000,0,2025-05-07,2025-05-11,2025-05-20,REMOVED,157,4
LST-001051,AGT-026,LOC-007,Penthouse,4,SALE,5840,13350000,13350000,0,2025-05-07,2025-05-12,2025-06-07,REMOVED,187,7
LST-001052,AGT-094,LOC-018,Apartment,0,RENT,395,29000,29000,0,2025-05-07,2025-05-19,2025-05-24,REMOVED,224,7
LST-001053,AGT-105,LOC-026,Apartment,3,RENT,2145,216000,204000,1,2025-05-07,2025-05-16,2025-06-02,REMOVED,142,2
LST-001054,AGT-038,LOC-017,Apartment,1,SALE,850,1020000,1020000,0,2025-05-07,2025-05-07,2025-05-20,REMOVED,91,3
LST-001055,AGT-038,LOC-015,Villa,3,SALE,2980,4080000,4080000,0,2025-05-07,2025-05-14,2025-07-12,REMOVED,603,18
LST-001056,AGT-055,LOC-008,Apartment,1,SALE,620,990000,990000,0,2025-05-07,2025-05-27,2025-05-30,EXPIRED,238,7
LST-001057,AGT-011,LOC-007,Apartment,2,SALE,1380,2545000,2545000,0,2025-05-07,2025-06-01,2025-07-07,REMOVED,350,11
LST-001058,AGT-117,LOC-010,Apartment,1,RENT,625,54000,54000,0,2025-05-07,2025-05-19,2025-06-17,REMOVED,345,10
LST-001059,AGT-040,LOC-009,Apartment,2,SALE,1335,1960000,1960000,0,2025-05-07,2025-07-21,2026-03-21,REMOVED,458,6
LST-001060,AGT-047,LOC-025,Villa,7,SALE,12205,14600000,14600000,0,2025-05-07,2025-05-14,2025-06-12,REMOVED,256,8
LST-001061,AGT-098,LOC-006,Villa,3,RENT,2670,735000,735000,0,2025-05-07,2025-06-20,2025-06-21,EXPIRED,427,11
LST-001062,AGT-059,LOC-031,Apartment,2,SALE,1405,1315000,1240000,1,2025-05-08,2025-06-17,2025-07-09,REMOVED,321,7
LST-001063,AGT-012,LOC-007,Apartment,2,SALE,1100,1950000,1950000,0,2025-05-08,2025-08-05,2025-10-04,REMOVED,1087,29
LST-001064,AGT-035,LOC-022,Villa,4,SALE,4500,4710000,4710000,0,2025-05-08,2025-05-09,2025-05-14,REMOVED,136,4
LST-001065,AGT-005,LOC-023,Apartment,1,RENT,685,77000,74000,1,2025-05-08,2025-05-27,2025-06-01,REMOVED,173,3
LST-001066,AGT-011,LOC-006,Villa,5,RENT,6675,1822000,1546000,3,2025-05-08,2025-06-21,2025-07-19,REMOVED,562,10
LST-001067,AGT-088,LOC-027,Villa,3,RENT,3265,489000,475000,1,2025-05-08,2025-05-17,2025-05-30,REMOVED,314,5
LST-001068,AGT-005,LOC-017,Townhouse,3,SALE,2645,3615000,3615000,0,2025-05-08,2025-08-23,2025-09-22,EXPIRED,277,3
LST-001069,AGT-109,LOC-010,Apartment,1,RENT,935,95000,95000,0,2025-05-09,2025-05-29,2025-05-31,REMOVED,128,2
LST-001070,AGT-033,LOC-014,Apartment,3,SALE,1995,4045000,4045000,0,2025-05-09,2025-06-17,2025-06-21,EXPIRED,209,4
LST-001071,AGT-078,LOC-017,Villa,4,RENT,4170,348000,348000,0,2025-05-09,2025-05-12,2025-05-18,REMOVED,83,2
LST-001072,AGT-006,LOC-011,Apartment,0,SALE,440,655000,655000,0,2025-05-09,2025-05-27,2025-07-13,EXPIRED,349,9
LST-001073,AGT-023,LOC-001,Apartment,1,SALE,640,1290000,1290000,0,2025-05-09,2025-05-21,2025-06-13,REMOVED,369,10
LST-001074,AGT-059,LOC-010,Apartment,2,RENT,1050,99000,99000,0,2025-05-09,2025-05-16,2025-05-18,REMOVED,61,1
LST-001075,AGT-027,LOC-015,Villa,4,SALE,3755,6375000,5880000,1,2025-05-09,2025-06-14,2025-08-13,EXPIRED,303,5
LST-001076,AGT-103,LOC-010,Apartment,3,SALE,2140,2140000,2140000,0,2025-05-09,2025-05-22,2025-09-07,REMOVED,1159,33
LST-001077,AGT-110,LOC-022,Villa,5,RENT,5305,391000,391000,0,2025-05-09,2025-06-10,2025-11-02,REMOVED,1451,32
LST-001078,AGT-072,LOC-007,Apartment,2,RENT,1250,183000,183000,0,2025-05-09,2025-06-06,2025-06-28,EXPIRED,333,6
LST-001079,AGT-088,LOC-006,Villa,3,RENT,3225,884000,884000,0,2025-05-10,2025-06-18,2025-06-23,REMOVED,286,4
LST-001080,AGT-114,LOC-011,Apartment,2,RENT,1165,107000,107000,0,2025-05-10,2025-05-12,2025-05-14,REMOVED,74,2
LST-001081,AGT-027,LOC-025,Villa,4,SALE,4655,5645000,5645000,0,2025-05-10,2025-07-03,2025-07-27,REMOVED,482,14
LST-001082,AGT-064,LOC-028,Villa,4,SALE,3970,3660000,3660000,0,2025-05-10,2025-06-25,2025-09-03,EXPIRED,1098,39
LST-001083,AGT-005,LOC-008,Apartment,0,RENT,435,44000,44000,0,2025-05-10,2025-05-15,2025-05-25,REMOVED,131,5
LST-001084,AGT-096,LOC-015,Villa,5,RENT,5190,522000,522000,0,2025-05-10,2025-06-18,2025-08-25,REMOVED,716,16
LST-001085,AGT-064,LOC-004,Penthouse,3,RENT,3080,486000,486000,0,2025-05-10,2025-05-18,2025-05-19,REMOVED,177,9
LST-001086,AGT-059,LOC-023,Apartment,2,RENT,995,88000,88000,0,2025-05-11,2025-05-26,2025-05-27,REMOVED,150,3
LST-001087,AGT-100,LOC-011,Apartment,2,SALE,1420,2060000,2060000,0,2025-05-11,2025-06-15,2025-07-04,EXPIRED,425,7
LST-001088,AGT-012,LOC-001,Penthouse,3,RENT,3250,530000,530000,0,2025-05-11,2025-05-13,2025-05-22,REMOVED,104,2
LST-001089,AGT-101,LOC-007,Apartment,2,RENT,1230,193000,193000,0,2025-05-11,2025-05-19,2025-06-05,REMOVED,189,3
LST-001090,AGT-096,LOC-029,Apartment,2,SALE,970,525000,525000,0,2025-05-11,2025-05-27,2025-07-05,REMOVED,346,13
LST-001091,AGT-101,LOC-020,Apartment,2,RENT,1305,141000,130000,1,2025-05-12,2025-07-05,2025-07-18,REMOVED,312,6
LST-001092,AGT-045,LOC-033,Apartment,0,SALE,485,675000,675000,0,2025-05-12,2025-12-08,2025-12-11,REMOVED,1179,22
LST-001093,AGT-028,LOC-009,Apartment,2,RENT,1475,118000,118000,0,2025-05-12,2025-05-12,2025-05-15,REMOVED,65,3
LST-001094,AGT-091,LOC-031,Apartment,2,RENT,1485,91000,91000,0,2025-05-12,2025-05-17,2025-05-26,REMOVED,188,5
LST-001095,AGT-015,LOC-014,Apartment,1,SALE,720,1335000,1335000,0,2025-05-12,2025-05-15,2025-05-19,REMOVED,110,4
LST-001096,AGT-064,LOC-019,Apartment,2,RENT,1205,89000,89000,0,2025-05-12,2025-05-17,2025-06-02,REMOVED,125,3
LST-001097,AGT-063,LOC-024,Apartment,2,SALE,1350,2010000,2010000,0,2025-05-12,2025-11-18,2025-12-24,REMOVED,653,10
LST-001098,AGT-088,LOC-008,Apartment,2,SALE,1310,2225000,2225000,0,2025-05-12,2025-05-15,2025-05-16,EXPIRED,53,1
LST-001099,AGT-050,LOC-007,Apartment,1,RENT,720,102000,102000,0,2025-05-12,2025-05-16,2025-05-22,REMOVED,116,3
LST-001100,AGT-026,LOC-031,Apartment,1,RENT,925,67000,65000,1,2025-05-12,2025-06-24,2025-07-11,REMOVED,449,11
LST-001101,AGT-005,LOC-026,Apartment,2,RENT,1465,176000,176000,0,2025-05-12,2025-05-17,2025-05-19,REMOVED,60,1
LST-001102,AGT-103,LOC-033,Apartment,2,SALE,1170,1560000,1560000,0,2025-05-12,2025-07-31,2026-04-15,REMOVED,1005,19
LST-001103,AGT-080,LOC-017,Villa,4,SALE,4030,5200000,5200000,0,2025-05-12,2025-06-01,2025-07-15,REMOVED,327,4
LST-001104,AGT-092,LOC-033,Apartment,2,RENT,1180,99000,99000,0,2025-05-13,2025-05-24,2025-06-09,REMOVED,118,2
LST-001105,AGT-102,LOC-022,Apartment,1,RENT,715,65000,65000,0,2025-05-13,2025-06-11,2025-07-01,REMOVED,718,22
LST-001106,AGT-117,LOC-019,Apartment,2,RENT,1075,70000,70000,0,2025-05-13,2025-05-23,2025-05-23,REMOVED,142,4
LST-001107,AGT-101,LOC-014,Apartment,3,SALE,1995,4425000,4425000,0,2025-05-13,2025-05-15,2025-05-26,EXPIRED,78,2
LST-001108,AGT-067,LOC-001,Apartment,1,RENT,690,64000,64000,0,2025-05-13,2025-05-13,2025-05-14,REMOVED,38,2
LST-001109,AGT-090,LOC-011,Apartment,2,RENT,1105,120000,120000,0,2025-05-13,2025-05-18,2025-05-27,REMOVED,156,3
LST-001110,AGT-061,LOC-029,Apartment,0,RENT,435,20000,20000,0,2025-05-14,2025-05-21,2025-05-27,REMOVED,89,2
LST-001111,AGT-012,LOC-007,Apartment,1,SALE,795,1950000,1950000,0,2025-05-14,2025-05-27,2025-10-20,REMOVED,550,9
LST-001112,AGT-069,LOC-011,Apartment,1,SALE,805,1430000,1360000,1,2025-05-14,2025-07-13,2025-08-13,REMOVED,391,7
LST-001113,AGT-051,LOC-019,Apartment,1,RENT,760,69000,67000,1,2025-05-14,2025-05-30,2025-06-14,EXPIRED,135,2
LST-001114,AGT-070,LOC-012,Apartment,3,SALE,1710,2510000,2510000,0,2025-05-14,2025-06-01,2025-06-15,REMOVED,137,2
LST-001115,AGT-067,LOC-022,Villa,4,SALE,4575,5565000,5375000,1,2025-05-14,2025-05-30,2025-06-04,REMOVED,154,5
LST-001116,AGT-048,LOC-002,Apartment,2,RENT,950,143000,143000,0,2025-05-14,2025-05-21,2025-07-01,REMOVED,256,5
LST-001117,AGT-088,LOC-018,Apartment,1,RENT,750,55000,52000,1,2025-05-14,2025-10-31,2026-04-05,REMOVED,985,16
LST-001118,AGT-036,LOC-003,Apartment,0,SALE,330,1125000,1125000,0,2025-05-15,2025-07-02,2025-09-08,REMOVED,689,11
LST-001119,AGT-082,LOC-003,Apartment,0,RENT,490,92000,92000,0,2025-05-15,2025-06-01,2025-07-14,REMOVED,1479,28
LST-001120,AGT-067,LOC-020,Apartment,0,RENT,355,45000,45000,0,2025-05-15,2025-05-26,2025-05-27,EXPIRED,138,2
LST-001121,AGT-106,LOC-010,Apartment,1,RENT,905,78000,78000,0,2025-05-15,2025-05-15,2025-05-18,REMOVED,40,1
LST-001122,AGT-106,LOC-002,Apartment,0,SALE,470,1160000,1085000,1,2025-05-15,2025-06-02,2025-06-15,REMOVED,316,8
LST-001123,AGT-016,LOC-009,Apartment,0,SALE,450,555000,555000,0,2025-05-15,2025-05-22,2025-06-18,EXPIRED,274,8
LST-001124,AGT-059,LOC-024,Apartment,1,SALE,750,1020000,1020000,0,2025-05-15,2025-05-16,2025-07-22,REMOVED,255,7
LST-001125,AGT-100,LOC-011,Apartment,4,SALE,3125,4000000,3580000,2,2025-05-15,2025-05-17,2025-11-19,REMOVED,1007,30
LST-001126,AGT-110,LOC-004,Apartment,1,SALE,620,2020000,1835000,2,2025-05-15,2025-06-10,2025-08-04,EXPIRED,381,4
LST-001127,AGT-057,LOC-028,Villa,3,RENT,3090,223000,223000,0,2025-05-15,2025-06-13,2025-06-17,EXPIRED,238,7
LST-001128,AGT-020,LOC-025,Apartment,2,SALE,1205,1615000,1615000,0,2025-05-15,2025-06-08,2025-06-10,REMOVED,188,5
LST-001129,AGT-012,LOC-001,Apartment,2,SALE,1285,3030000,3030000,0,2025-05-16,2026-03-24,2026-05-16,EXPIRED,1383,19
LST-001130,AGT-012,LOC-013,Villa,6,SALE,7785,13635000,13635000,0,2025-05-16,2025-05-17,2025-05-31,REMOVED,203,5
LST-001131,AGT-092,LOC-026,Apartment,2,RENT,1180,122000,122000,0,2025-05-16,2025-05-20,2025-06-01,REMOVED,267,7
LST-001132,AGT-020,LOC-019,Apartment,2,RENT,1260,97000,95000,1,2025-05-17,2025-06-05,2025-07-12,REMOVED,244,5
LST-001133,AGT-119,LOC-022,Villa,4,RENT,4735,369000,369000,0,2025-05-17,2025-05-28,2025-06-07,REMOVED,181,4
LST-001134,AGT-048,LOC-002,Apartment,1,SALE,885,2220000,2150000,1,2025-05-17,2025-06-07,2025-06-12,REMOVED,199,4
LST-001135,AGT-016,LOC-014,Apartment,4,SALE,2400,4680000,4350000,1,2025-05-17,2025-05-23,2025-10-05,EXPIRED,1102,28
LST-001136,AGT-006,LOC-011,Apartment,1,SALE,830,1255000,1255000,0,2025-05-17,2025-05-17,2025-08-22,EXPIRED,592,11
LST-001137,AGT-015,LOC-004,Apartment,3,RENT,1575,235000,235000,0,2025-05-17,2025-07-23,2025-07-25,REMOVED,831,13
LST-001138,AGT-052,LOC-002,Apartment,1,SALE,805,2420000,2155000,3,2025-05-17,2025-07-13,2026-02-24,EXPIRED,1364,21
LST-001139,AGT-069,LOC-029,Villa,6,SALE,8195,4670000,4670000,0,2025-05-17,2025-05-27,2025-06-24,EXPIRED,166,4
LST-001140,AGT-115,LOC-027,Villa,7,SALE,10865,28840000,28840000,0,2025-05-17,2025-09-19,2025-10-24,EXPIRED,754,15
LST-001141,AGT-020,LOC-012,Apartment,1,RENT,910,85000,85000,0,2025-05-18,2025-06-02,2025-06-02,REMOVED,177,5
LST-001142,AGT-020,LOC-023,Apartment,0,SALE,460,735000,690000,1,2025-05-18,2025-06-04,2025-10-24,REMOVED,776,18
LST-001143,AGT-068,LOC-006,Villa,4,RENT,4235,1082000,1082000,0,2025-05-18,2025-05-24,2025-05-30,REMOVED,129,2
LST-001144,AGT-026,LOC-011,Apartment,1,SALE,680,890000,890000,0,2025-05-18,2025-05-27,2025-06-27,REMOVED,364,10
LST-001145,AGT-090,LOC-028,Townhouse,3,RENT,2140,132000,132000,0,2025-05-18,2025-05-29,2025-06-20,REMOVED,476,13
LST-001146,AGT-070,LOC-006,Villa,6,SALE,9275,43825000,43825000,0,2025-05-18,2025-05-19,2025-08-24,REMOVED,751,17
LST-001147,AGT-009,LOC-019,Apartment,1,SALE,655,640000,640000,0,2025-05-18,2025-10-06,2025-10-25,REMOVED,881,13
LST-001148,AGT-103,LOC-033,Apartment,1,RENT,695,45000,45000,0,2025-05-18,2025-06-23,2025-06-27,REMOVED,602,18
LST-001149,AGT-101,LOC-020,Apartment,0,SALE,400,620000,620000,0,2025-05-19,2025-05-24,2025-06-06,REMOVED,99,1
LST-001150,AGT-098,LOC-011,Apartment,2,SALE,1355,1905000,1905000,0,2025-05-19,2025-06-14,2025-06-18,REMOVED,243,5
LST-001151,AGT-107,LOC-023,Apartment,0,RENT,475,53000,53000,0,2025-05-19,2025-06-05,2025-06-08,EXPIRED,96,1
LST-001152,AGT-023,LOC-020,Townhouse,4,SALE,3240,3660000,3660000,0,2025-05-19,2025-06-11,2025-07-25,REMOVED,376,8
LST-001153,AGT-099,LOC-032,Apartment,4,RENT,2830,160000,160000,0,2025-05-19,2025-05-19,2025-06-11,REMOVED,137,4
LST-001154,AGT-092,LOC-009,Apartment,3,SALE,1620,1885000,1885000,0,2025-05-19,2025-10-19,2026-02-06,REMOVED,980,21
LST-001155,AGT-056,LOC-023,Apartment,1,SALE,835,1240000,1155000,1,2025-05-19,2025-09-24,2025-10-29,REMOVED,793,18
LST-001156,AGT-038,LOC-017,Villa,6,SALE,7760,9310000,9310000,0,2025-05-19,2025-06-03,2025-06-12,EXPIRED,145,2
LST-001157,AGT-057,LOC-003,Penthouse,3,RENT,4060,764000,764000,0,2025-05-19,2025-05-22,2025-05-29,REMOVED,156,6
LST-001158,AGT-048,LOC-007,Apartment,3,RENT,1895,294000,294000,0,2025-05-19,2025-08-07,2025-08-19,REMOVED,330,6
LST-001159,AGT-073,LOC-025,Townhouse,3,RENT,2325,199000,199000,0,2025-05-19,2025-05-29,2025-07-18,REMOVED,313,7
LST-001160,AGT-063,LOC-013,Villa,3,SALE,3040,7080000,7080000,0,2025-05-19,2025-07-12,2025-08-28,REMOVED,494,8
LST-001161,AGT-051,LOC-017,Apartment,0,RENT,450,40000,40000,0,2025-05-19,2025-05-30,2025-06-04,EXPIRED,184,5
LST-001162,AGT-070,LOC-016,Villa,5,SALE,6840,8445000,8445000,0,2025-05-20,2025-09-08,2026-05-20,EXPIRED,2455,64
LST-001163,AGT-008,LOC-028,Townhouse,2,RENT,1510,101000,101000,0,2025-05-20,2025-05-28,2025-06-01,REMOVED,80,2
LST-001164,AGT-029,LOC-001,Apartment,0,RENT,445,53000,53000,0,2025-05-20,2025-05-24,2025-05-28,REMOVED,126,3
LST-001165,AGT-070,LOC-009,Apartment,3,RENT,1520,150000,139000,1,2025-05-20,2025-06-20,2025-08-05,EXPIRED,330,6
LST-001166,AGT-005,LOC-022,Villa,3,SALE,3145,4290000,4290000,0,2025-05-20,2025-05-28,2025-06-23,REMOVED,334,9
LST-001167,AGT-054,LOC-029,Apartment,1,RENT,705,43000,39000,2,2025-05-20,2025-07-30,2025-09-02,REMOVED,319,3
LST-001168,AGT-052,LOC-025,Townhouse,4,RENT,3340,277000,277000,0,2025-05-20,2025-05-31,2025-06-21,EXPIRED,236,4
LST-001169,AGT-092,LOC-018,Apartment,2,SALE,1375,1435000,1350000,1,2025-05-20,2025-06-10,2025-06-20,REMOVED,209,4
LST-001170,AGT-051,LOC-012,Apartment,2,SALE,1060,1310000,1310000,0,2025-05-21,2025-07-13,2025-07-31,REMOVED,514,15
LST-001171,AGT-042,LOC-026,Apartment,2,RENT,1360,134000,134000,0,2025-05-21,2025-06-15,2025-06-28,REMOVED,371,7
LST-001172,AGT-004,LOC-026,Apartment,3,SALE,1730,2455000,2455000,0,2025-05-21,2025-06-12,2025-09-29,EXPIRED,1692,38
LST-001173,AGT-005,LOC-019,Apartment,0,SALE,455,495000,495000,0,2025-05-21,2026-05-10,2026-05-21,REMOVED,980,17
LST-001174,AGT-107,LOC-013,Townhouse,4,SALE,2725,4385000,4385000,0,2025-05-21,2025-06-01,2025-06-09,REMOVED,203,7
LST-001175,AGT-051,LOC-012,Apartment,1,SALE,945,1545000,1545000,0,2025-05-21,2025-06-11,2025-07-01,REMOVED,122,2
LST-001176,AGT-071,LOC-006,Villa,3,RENT,3440,880000,880000,0,2025-05-21,2025-06-04,2025-06-16,EXPIRED,264,4
LST-001177,AGT-074,LOC-015,Villa,6,RENT,8700,755000,755000,0,2025-05-21,2025-06-03,2025-06-13,REMOVED,143,4
LST-001178,AGT-026,LOC-017,Townhouse,3,SALE,2410,3345000,3345000,0,2025-05-21,2025-08-29,2025-11-02,REMOVED,359,4
LST-001179,AGT-055,LOC-022,Townhouse,3,RENT,2440,159000,159000,0,2025-05-22,2025-06-03,2025-06-09,EXPIRED,225,5
LST-001180,AGT-051,LOC-004,Apartment,0,RENT,510,79000,79000,0,2025-05-22,2025-09-12,2025-09-24,REMOVED,1294,30
LST-001181,AGT-038,LOC-017,Villa,3,SALE,3080,3505000,3505000,0,2025-05-22,2025-05-28,2025-07-08,REMOVED,333,7
LST-001182,AGT-068,LOC-021,Apartment,3,SALE,2155,2270000,2110000,1,2025-05-22,2025-07-03,2026-05-22,REMOVED,848,19
LST-001183,AGT-050,LOC-027,Apartment,2,SALE,1080,3395000,3010000,2,2025-05-22,2025-06-03,2025-07-07,REMOVED,269,5
LST-001184,AGT-070,LOC-001,Apartment,2,SALE,1020,2215000,2130000,1,2025-05-23,2025-06-15,2025-07-26,EXPIRED,524,12
LST-001185,AGT-096,LOC-018,Apartment,2,RENT,1500,103000,103000,0,2025-05-23,2025-05-26,2025-06-06,REMOVED,135,4
LST-001186,AGT-094,LOC-023,Apartment,1,SALE,820,1135000,1135000,0,2025-05-23,2025-05-26,2025-08-04,REMOVED,346,8
LST-001187,AGT-012,LOC-003,Apartment,1,SALE,680,2220000,2220000,0,2025-05-23,2026-02-09,2026-05-23,REMOVED,2244,47
LST-001188,AGT-074,LOC-002,Apartment,1,RENT,860,115000,115000,0,2025-05-23,2025-08-05,2025-08-17,EXPIRED,1093,26
LST-001189,AGT-068,LOC-010,Apartment,2,RENT,1420,122000,122000,0,2025-05-23,2025-06-09,2025-06-11,REMOVED,155,5
LST-001190,AGT-088,LOC-016,Villa,4,SALE,4490,6330000,6330000,0,2025-05-23,2025-05-31,2025-06-10,REMOVED,93,3
LST-001191,AGT-025,LOC-015,Villa,3,SALE,3225,5235000,5235000,0,2025-05-23,2025-07-04,2025-07-21,REMOVED,297,7
LST-001192,AGT-028,LOC-027,Villa,7,RENT,10740,1252000,1252000,0,2025-05-23,2025-06-01,2025-06-10,EXPIRED,325,9
LST-001193,AGT-090,LOC-008,Apartment,0,SALE,450,1075000,1075000,0,2025-05-23,2025-06-20,2025-10-04,REMOVED,402,7
LST-001194,AGT-012,LOC-010,Apartment,3,SALE,1590,1765000,1765000,0,2025-05-23,2025-06-17,2025-09-07,REMOVED,454,11
LST-001195,AGT-096,LOC-012,Apartment,0,SALE,490,810000,810000,0,2025-05-23,2025-07-31,2025-10-06,REMOVED,840,19
LST-001196,AGT-070,LOC-021,Apartment,1,RENT,795,68000,68000,0,2025-05-23,2025-06-14,2025-06-23,REMOVED,247,7
LST-001197,AGT-096,LOC-029,Apartment,1,RENT,645,34000,34000,0,2025-05-23,2025-05-31,2025-06-25,REMOVED,210,6
LST-001198,AGT-014,LOC-003,Penthouse,3,SALE,3625,14065000,14065000,0,2025-05-24,2025-06-29,2025-07-10,REMOVED,350,7
LST-001199,AGT-070,LOC-029,Apartment,1,RENT,615,30000,28000,1,2025-05-24,2025-06-29,2025-06-30,REMOVED,144,4
LST-001200,AGT-057,LOC-033,Apartment,1,SALE,905,1030000,1030000,0,2025-05-24,2025-05-26,2025-07-05,EXPIRED,405,11
LST-001201,AGT-117,LOC-019,Apartment,4,SALE,2780,2550000,2475000,1,2025-05-24,2025-06-25,2025-11-03,REMOVED,423,5
LST-001202,AGT-035,LOC-012,Apartment,1,SALE,750,1140000,1140000,0,2025-05-25,2025-10-05,2026-03-04,EXPIRED,1313,24
LST-001203,AGT-064,LOC-017,Villa,4,SALE,4700,5065000,5065000,0,2025-05-25,2025-08-20,2025-10-22,EXPIRED,1168,39
LST-001204,AGT-045,LOC-011,Apartment,3,RENT,2015,194000,194000,0,2025-05-25,2025-06-28,2025-06-28,REMOVED,345,8
LST-001205,AGT-053,LOC-021,Apartment,1,RENT,795,61000,61000,0,2025-05-25,2025-06-09,2025-06-13,REMOVED,144,4
LST-001206,AGT-111,LOC-015,Townhouse,3,RENT,2305,187000,187000,0,2025-05-25,2025-05-28,2025-06-04,REMOVED,69,2
LST-001207,AGT-023,LOC-031,Apartment,1,RENT,625,41000,41000,0,2025-05-25,2025-07-03,2025-07-14,REMOVED,487,13
LST-001208,AGT-014,LOC-022,Villa,4,RENT,3645,322000,322000,0,2025-05-26,2025-08-14,2026-01-04,REMOVED,994,15
LST-001209,AGT-068,LOC-009,Apartment,3,RENT,1505,133000,133000,0,2025-05-26,2025-06-12,2025-07-10,REMOVED,389,10
LST-001210,AGT-080,LOC-007,Apartment,2,RENT,1395,214000,187000,2,2025-05-26,2025-05-30,2025-07-10,REMOVED,290,4
LST-001211,AGT-059,LOC-002,Apartment,3,RENT,2140,276000,276000,0,2025-05-26,2025-06-24,2025-07-04,REMOVED,451,10
LST-001212,AGT-026,LOC-005,Apartment,1,RENT,685,159000,155000,1,2025-05-26,2025-06-20,2025-07-01,EXPIRED,250,4
LST-001213,AGT-074,LOC-013,Villa,4,RENT,4315,570000,570000,0,2025-05-26,2025-06-02,2025-06-21,REMOVED,233,7
LST-001214,AGT-096,LOC-029,Apartment,1,SALE,725,485000,475000,1,2025-05-26,2025-07-22,2025-10-06,EXPIRED,667,11
LST-001215,AGT-061,LOC-030,Apartment,1,SALE,615,390000,390000,0,2025-05-26,2025-05-30,2025-07-15,REMOVED,125,2
LST-001216,AGT-012,LOC-002,Apartment,1,SALE,635,1500000,1430000,1,2025-05-26,2025-06-21,2025-06-29,REMOVED,476,15
LST-001217,AGT-057,LOC-029,Apartment,0,SALE,480,375000,360000,1,2025-05-26,2025-12-09,2026-04-03,REMOVED,878,17
LST-001218,AGT-011,LOC-002,Apartment,2,RENT,1285,156000,156000,0,2025-05-27,2025-05-28,2025-06-09,REMOVED,292,6
LST-001219,AGT-028,LOC-018,Apartment,0,SALE,510,535000,535000,0,2025-05-27,2025-05-27,2025-06-20,REMOVED,124,3
LST-001220,AGT-029,LOC-009,Townhouse,3,SALE,2490,2670000,2670000,0,2025-05-27,2025-08-06,2025-11-16,REMOVED,896,22
LST-001221,AGT-080,LOC-001,Apartment,1,RENT,705,100000,100000,0,2025-05-27,2025-06-10,2025-06-16,REMOVED,144,2
LST-001222,AGT-070,LOC-011,Apartment,1,RENT,760,74000,74000,0,2025-05-27,2025-05-31,2025-06-13,REMOVED,166,3
LST-001223,AGT-035,LOC-022,Villa,4,SALE,4500,5315000,5315000,0,2025-05-27,2025-05-28,2025-07-15,REMOVED,279,10
LST-001224,AGT-087,LOC-001,Apartment,2,RENT,1355,140000,140000,0,2025-05-27,2025-05-30,2025-07-01,REMOVED,736,24
LST-001225,AGT-107,LOC-006,Villa,5,SALE,6155,32435000,27860000,2,2025-05-27,2025-06-18,2025-07-29,REMOVED,297,5
LST-001226,AGT-092,LOC-026,Apartment,0,RENT,415,51000,51000,0,2025-05-27,2025-05-27,2025-07-13,REMOVED,416,10
LST-001227,AGT-103,LOC-002,Apartment,2,SALE,1435,3270000,3270000,0,2025-05-27,2025-06-05,2025-06-30,REMOVED,326,9
LST-001228,AGT-015,LOC-003,Apartment,1,RENT,715,93000,93000,0,2025-05-28,2025-06-10,2025-06-10,REMOVED,201,4
LST-001229,AGT-065,LOC-004,Apartment,1,SALE,760,2055000,2055000,0,2025-05-28,2025-06-06,2025-07-30,REMOVED,896,22
LST-001230,AGT-055,LOC-020,Apartment,2,RENT,1475,144000,144000,0,2025-05-28,2025-05-30,2025-09-26,REMOVED,993,22
LST-001231,AGT-019,LOC-008,Apartment,3,RENT,1530,156000,140000,2,2025-05-28,2025-06-23,2025-07-18,EXPIRED,391,7
LST-001232,AGT-038,LOC-008,Penthouse,2,SALE,2015,4375000,4375000,0,2025-05-28,2025-07-14,2025-07-20,REMOVED,634,14
LST-001233,AGT-100,LOC-024,Apartment,3,RENT,1950,194000,194000,0,2025-05-28,2025-07-01,2025-07-03,REMOVED,288,4
LST-001234,AGT-115,LOC-027,Apartment,2,SALE,1140,3135000,3135000,0,2025-05-28,2025-08-18,2025-09-09,REMOVED,956,21
LST-001235,AGT-113,LOC-027,Apartment,1,SALE,915,2325000,2325000,0,2025-05-29,2025-06-07,2025-06-16,REMOVED,318,11
LST-001236,AGT-019,LOC-001,Penthouse,2,SALE,2455,7140000,7140000,0,2025-05-29,2025-07-12,2025-09-14,REMOVED,971,17
LST-001237,AGT-054,LOC-014,Apartment,1,RENT,600,81000,81000,0,2025-05-29,2025-06-14,2025-07-04,REMOVED,228,6
LST-001238,AGT-029,LOC-008,Apartment,1,RENT,870,104000,104000,0,2025-05-29,2025-05-30,2025-06-11,REMOVED,299,8
LST-001239,AGT-030,LOC-009,Apartment,2,SALE,1395,1910000,1910000,0,2025-05-29,2025-09-13,2025-11-21,REMOVED,461,5
LST-001240,AGT-014,LOC-022,Villa,3,RENT,2955,213000,213000,0,2025-05-29,2025-06-04,2025-06-14,REMOVED,120,3
LST-001241,AGT-004,LOC-005,Apartment,1,SALE,775,2725000,2725000,0,2025-05-29,2025-06-06,2025-06-18,REMOVED,152,4
LST-001242,AGT-026,LOC-009,Apartment,1,RENT,785,86000,86000,0,2025-05-29,2025-09-09,2025-11-30,REMOVED,637,10
LST-001243,AGT-005,LOC-023,Apartment,4,SALE,2525,2950000,2950000,0,2025-05-29,2025-06-07,2025-06-11,REMOVED,95,2
LST-001244,AGT-070,LOC-031,Apartment,2,RENT,1410,112000,112000,0,2025-05-29,2025-06-17,2025-07-13,REMOVED,264,8
LST-001245,AGT-030,LOC-005,Apartment,2,RENT,1385,230000,230000,0,2025-05-30,2025-06-11,2025-06-15,REMOVED,349,10
LST-001246,AGT-007,LOC-003,Apartment,1,RENT,885,144000,144000,0,2025-05-30,2025-07-13,2025-07-26,REMOVED,536,13
LST-001247,AGT-063,LOC-007,Apartment,2,RENT,1290,172000,172000,0,2025-05-30,2025-06-05,2025-07-15,REMOVED,475,16
LST-001248,AGT-040,LOC-020,Townhouse,2,RENT,1900,190000,190000,0,2025-05-30,2025-07-11,2025-10-17,REMOVED,464,6
LST-001249,AGT-041,LOC-002,Penthouse,4,SALE,5390,17895000,17895000,0,2025-05-30,2025-07-07,2025-08-23,REMOVED,715,13
LST-001250,AGT-056,LOC-029,Apartment,0,SALE,350,235000,235000,0,2025-05-30,2025-08-19,2025-09-29,EXPIRED,406,12
LST-001251,AGT-071,LOC-033,Apartment,0,RENT,365,28000,28000,0,2025-05-30,2025-06-19,2025-07-01,REMOVED,340,11
LST-001252,AGT-024,LOC-017,Villa,5,SALE,6610,7725000,7435000,1,2025-05-30,2025-06-05,2025-08-25,REMOVED,388,7
LST-001253,AGT-050,LOC-026,Apartment,2,SALE,1475,2220000,2095000,1,2025-05-30,2025-06-14,2025-06-25,REMOVED,180,6
LST-001254,AGT-004,LOC-020,Townhouse,3,RENT,2080,184000,174000,1,2025-05-30,2025-07-21,2025-08-22,REMOVED,317,5
LST-001255,AGT-014,LOC-003,Penthouse,4,SALE,5085,19910000,19910000,0,2025-05-30,2025-06-06,2025-09-03,REMOVED,872,18
LST-001256,AGT-082,LOC-024,Apartment,1,RENT,740,71000,64000,3,2025-05-30,2025-06-17,2025-08-24,REMOVED,294,5
LST-001257,AGT-045,LOC-001,Penthouse,3,SALE,2895,6185000,6185000,0,2025-05-30,2025-06-15,2025-06-30,REMOVED,923,46
LST-001258,AGT-107,LOC-012,Apartment,2,SALE,1290,1860000,1860000,0,2025-05-31,2025-09-04,2025-10-05,REMOVED,1103,18
LST-001259,AGT-103,LOC-031,Apartment,2,SALE,1205,1160000,1115000,1,2025-05-31,2025-06-03,2025-08-29,EXPIRED,282,5
LST-001260,AGT-070,LOC-025,Townhouse,2,RENT,1640,141000,141000,0,2025-05-31,2025-06-05,2025-06-08,EXPIRED,74,2
LST-001261,AGT-069,LOC-014,Apartment,1,SALE,925,2190000,2190000,0,2025-05-31,2025-06-02,2025-07-12,REMOVED,283,7
LST-001262,AGT-070,LOC-016,Villa,3,RENT,2985,268000,268000,0,2025-05-31,2025-06-02,2025-07-28,REMOVED,333,6
LST-001263,AGT-092,LOC-026,Apartment,3,RENT,1795,170000,170000,0,2025-05-31,2025-06-03,2025-06-19,REMOVED,352,12
LST-001264,AGT-107,LOC-003,Apartment,1,RENT,635,90000,90000,0,2025-06-01,2025-06-27,2025-08-31,REMOVED,1607,60
LST-001265,AGT-071,LOC-019,Apartment,3,SALE,1970,1670000,1625000,1,2025-06-01,2025-07-03,2025-07-06,REMOVED,205,5
LST-001266,AGT-101,LOC-008,Apartment,2,RENT,1145,133000,133000,0,2025-06-01,2025-06-04,2025-08-09,EXPIRED,602,16
LST-001267,AGT-008,LOC-001,Apartment,3,SALE,1925,3550000,3550000,0,2025-06-01,2025-06-22,2025-11-25,REMOVED,2436,66
LST-001268,AGT-047,LOC-011,Apartment,1,RENT,930,104000,104000,0,2025-06-02,2025-06-02,2025-06-17,REMOVED,150,4
LST-001269,AGT-059,LOC-027,Apartment,2,SALE,1015,2960000,2855000,1,2025-06-02,2025-07-09,2025-11-28,REMOVED,848,21
LST-001270,AGT-051,LOC-004,Apartment,1,SALE,870,2345000,2345000,0,2025-06-02,2025-06-24,2025-07-27,REMOVED,731,24
LST-001271,AGT-070,LOC-005,Apartment,2,RENT,1395,278000,278000,0,2025-06-02,2025-06-06,2025-07-16,REMOVED,674,19
LST-001272,AGT-110,LOC-031,Apartment,4,SALE,2900,2410000,2410000,0,2025-06-02,2025-07-29,2026-03-19,EXPIRED,852,14
LST-001273,AGT-087,LOC-020,Apartment,0,SALE,365,480000,425000,2,2025-06-02,2025-09-10,2025-10-10,EXPIRED,460,14
LST-001274,AGT-070,LOC-006,Villa,7,RENT,9980,2052000,2052000,0,2025-06-03,2025-06-23,2025-07-05,REMOVED,532,13
LST-001275,AGT-030,LOC-011,Apartment,0,RENT,450,50000,50000,0,2025-06-03,2025-08-11,2026-02-14,EXPIRED,1447,36
LST-001276,AGT-025,LOC-002,Apartment,0,SALE,395,1080000,1080000,0,2025-06-03,2025-06-23,2025-07-14,REMOVED,252,6
LST-001277,AGT-019,LOC-025,Townhouse,2,RENT,1515,129000,129000,0,2025-06-03,2025-06-12,2025-06-15,REMOVED,113,4
LST-001278,AGT-002,LOC-004,Apartment,2,RENT,1130,161000,161000,0,2025-06-03,2025-06-03,2025-06-06,REMOVED,47,1
LST-001279,AGT-035,LOC-022,Apartment,0,SALE,330,495000,495000,0,2025-06-03,2025-06-22,2025-07-23,REMOVED,178,4
LST-001280,AGT-090,LOC-002,Apartment,1,SALE,690,1650000,1570000,1,2025-06-03,2025-07-05,2025-07-06,REMOVED,362,10
LST-001281,AGT-061,LOC-028,Villa,3,SALE,3420,3410000,3410000,0,2025-06-03,2025-06-07,2025-07-10,REMOVED,380,7
LST-001282,AGT-025,LOC-002,Apartment,1,SALE,670,1520000,1520000,0,2025-06-03,2025-06-23,2025-06-24,REMOVED,216,7
LST-001283,AGT-085,LOC-003,Apartment,2,RENT,1465,241000,228000,1,2025-06-03,2025-07-24,2025-07-25,REMOVED,386,10
LST-001284,AGT-005,LOC-009,Townhouse,3,RENT,2425,165000,165000,0,2025-06-04,2025-06-25,2025-07-12,EXPIRED,351,11
LST-001285,AGT-112,LOC-020,Apartment,2,SALE,1380,1475000,1475000,0,2025-06-04,2025-07-18,2025-08-29,REMOVED,987,43
LST-001286,AGT-012,LOC-010,Townhouse,4,SALE,3015,3555000,3555000,0,2025-06-04,2025-07-15,2025-07-31,REMOVED,232,3
LST-001287,AGT-071,LOC-029,Villa,3,RENT,3175,111000,111000,0,2025-06-04,2025-06-23,2025-07-03,REMOVED,300,8
LST-001288,AGT-070,LOC-031,Apartment,2,RENT,1180,100000,100000,0,2025-06-04,2025-06-21,2025-08-18,REMOVED,598,10
LST-001289,AGT-115,LOC-003,Apartment,0,SALE,385,1295000,1295000,0,2025-06-04,2025-07-15,2025-09-15,EXPIRED,636,15
LST-001290,AGT-027,LOC-021,Apartment,3,SALE,1945,1690000,1690000,0,2025-06-04,2025-06-08,2025-07-04,EXPIRED,149,4
LST-001291,AGT-093,LOC-029,Villa,4,SALE,3555,2335000,2055000,2,2025-06-05,2025-06-22,2025-08-04,REMOVED,226,4
LST-001292,AGT-015,LOC-014,Apartment,2,RENT,1455,236000,236000,0,2025-06-05,2025-06-26,2025-07-21,EXPIRED,352,4
LST-001293,AGT-107,LOC-010,Apartment,3,SALE,2085,2260000,2260000,0,2025-06-05,2025-07-19,2025-07-19,EXPIRED,192,4
LST-001294,AGT-080,LOC-028,Villa,7,SALE,12420,13300000,12625000,1,2025-06-05,2025-06-18,2025-07-06,REMOVED,123,2
LST-001295,AGT-004,LOC-008,Penthouse,2,RENT,2450,362000,362000,0,2025-06-05,2025-06-14,2025-06-26,EXPIRED,351,10
LST-001296,AGT-088,LOC-021,Apartment,3,SALE,2045,1670000,1670000,0,2025-06-05,2025-06-17,2025-07-16,REMOVED,332,12
LST-001297,AGT-016,LOC-020,Apartment,0,RENT,340,35000,35000,0,2025-06-05,2025-06-08,2025-06-14,REMOVED,93,3
LST-001298,AGT-105,LOC-021,Apartment,1,RENT,790,69000,69000,0,2025-06-05,2025-06-07,2025-06-22,REMOVED,96,2
LST-001299,AGT-038,LOC-007,Apartment,2,RENT,1320,172000,172000,0,2025-06-06,2025-07-02,2025-07-16,REMOVED,285,7
LST-001300,AGT-088,LOC-007,Apartment,1,SALE,865,1920000,1920000,0,2025-06-06,2025-06-23,2025-09-12,REMOVED,601,13
LST-001301,AGT-111,LOC-002,Apartment,1,RENT,765,91000,91000,0,2025-06-06,2025-06-11,2025-06-22,REMOVED,315,12
LST-001302,AGT-034,LOC-022,Villa,5,SALE,6225,7800000,7800000,0,2025-06-06,2025-06-17,2025-07-01,REMOVED,263,6
LST-001303,AGT-067,LOC-019,Apartment,2,SALE,1295,1075000,1075000,0,2025-06-06,2025-07-06,2025-07-29,REMOVED,327,9
LST-001304,AGT-064,LOC-016,Villa,5,SALE,6225,9595000,9085000,1,2025-06-06,2026-02-18,2026-05-25,REMOVED,710,13
LST-001305,AGT-027,LOC-031,Apartment,1,RENT,655,55000,55000,0,2025-06-06,2025-06-19,2025-06-22,EXPIRED,131,3
LST-001306,AGT-071,LOC-004,Apartment,2,SALE,1350,3390000,3390000,0,2025-06-06,2025-07-10,2025-07-12,REMOVED,371,12
LST-001307,AGT-010,LOC-033,Apartment,1,SALE,860,1095000,1065000,1,2025-06-07,2025-06-11,2025-07-06,REMOVED,116,2
LST-001308,AGT-046,LOC-013,Villa,5,RENT,5980,644000,594000,1,2025-06-07,2025-07-17,2025-07-18,REMOVED,513,18
LST-001309,AGT-117,LOC-028,Villa,5,SALE,6350,5295000,5295000,0,2025-06-07,2025-06-07,2025-08-01,REMOVED,387,11
LST-001310,AGT-071,LOC-019,Apartment,4,RENT,2850,126000,126000,0,2025-06-07,2025-06-23,2025-06-25,EXPIRED,566,29
LST-001311,AGT-055,LOC-028,Villa,3,RENT,2890,250000,239000,1,2025-06-08,2025-07-04,2025-07-12,EXPIRED,119,2
LST-001312,AGT-021,LOC-002,Apartment,2,SALE,1010,2770000,2770000,0,2025-06-08,2025-06-29,2025-10-08,REMOVED,475,6
LST-001313,AGT-080,LOC-008,Apartment,2,SALE,1425,2455000,2455000,0,2025-06-08,2025-07-10,2025-07-25,REMOVED,328,6
LST-001314,AGT-117,LOC-020,Apartment,1,SALE,900,1290000,1290000,0,2025-06-08,2025-09-12,2025-09-12,REMOVED,453,7
LST-001315,AGT-055,LOC-005,Apartment,3,SALE,2095,6805000,6805000,0,2025-06-08,2025-06-15,2025-07-24,REMOVED,524,11
LST-001316,AGT-106,LOC-024,Apartment,3,RENT,1590,134000,134000,0,2025-06-08,2025-06-16,2025-07-15,REMOVED,199,4
LST-001317,AGT-012,LOC-016,Villa,5,SALE,5970,7165000,7165000,0,2025-06-09,2025-07-22,2025-08-27,REMOVED,549,18
LST-001318,AGT-063,LOC-011,Apartment,3,SALE,1510,2020000,2020000,0,2025-06-09,2025-09-09,2026-06-09,EXPIRED,2515,55
LST-001319,AGT-060,LOC-009,Apartment,0,RENT,445,45000,45000,0,2025-06-09,2025-06-12,2025-06-21,REMOVED,148,4
LST-001320,AGT-065,LOC-009,Townhouse,2,SALE,1440,1690000,1690000,0,2025-06-09,2025-12-20,2026-02-14,REMOVED,1520,27
LST-001321,AGT-031,LOC-021,Apartment,1,RENT,755,68000,68000,0,2025-06-09,2025-06-10,2025-06-17,REMOVED,75,2
LST-001322,AGT-114,LOC-026,Apartment,1,RENT,640,68000,68000,0,2025-06-09,2025-06-09,2025-06-13,REMOVED,63,2
LST-001323,AGT-019,LOC-003,Apartment,1,SALE,915,3125000,3125000,0,2025-06-10,2025-06-12,2025-07-08,REMOVED,151,2
LST-001324,AGT-035,LOC-019,Apartment,2,RENT,1175,78000,78000,0,2025-06-10,2025-09-14,2025-09-29,EXPIRED,993,20
LST-001325,AGT-070,LOC-024,Apartment,1,SALE,715,970000,970000,0,2025-06-10,2025-07-03,2025-07-18,REMOVED,207,4
LST-001326,AGT-009,LOC-015,Villa,5,SALE,5165,8830000,8830000,0,2025-06-10,2025-07-08,2025-10-22,REMOVED,540,6
LST-001327,AGT-023,LOC-014,Penthouse,3,RENT,3340,638000,610000,1,2025-06-10,2025-06-27,2025-07-08,REMOVED,197,4
LST-001328,AGT-088,LOC-032,Apartment,1,SALE,655,530000,530000,0,2025-06-10,2025-06-10,2025-06-20,REMOVED,101,2
LST-001329,AGT-028,LOC-016,Villa,5,SALE,6255,9760000,9485000,1,2025-06-10,2026-02-04,2026-03-25,REMOVED,589,11
LST-001330,AGT-045,LOC-018,Apartment,2,SALE,1380,1180000,1180000,0,2025-06-10,2025-08-27,2026-06-10,REMOVED,1327,42
LST-001331,AGT-063,LOC-024,Apartment,2,SALE,1130,1500000,1415000,1,2025-06-10,2025-06-11,2025-07-07,EXPIRED,278,6
LST-001332,AGT-063,LOC-011,Apartment,1,RENT,735,65000,65000,0,2025-06-11,2025-07-03,2025-07-09,REMOVED,221,5
LST-001333,AGT-005,LOC-015,Villa,5,RENT,6390,575000,528000,2,2025-06-11,2025-06-16,2025-08-06,EXPIRED,702,18
LST-001334,AGT-019,LOC-001,Apartment,1,RENT,850,106000,103000,1,2025-06-11,2025-06-22,2025-07-20,REMOVED,359,7
LST-001335,AGT-115,LOC-003,Penthouse,5,SALE,8030,26830000,26830000,0,2025-06-11,2025-07-07,2025-07-08,REMOVED,150,5
LST-001336,AGT-011,LOC-008,Apartment,1,SALE,825,1575000,1575000,0,2025-06-11,2025-06-11,2025-06-18,EXPIRED,56,1
LST-001337,AGT-119,LOC-001,Penthouse,2,RENT,2465,441000,428000,1,2025-06-11,2025-07-14,2025-08-07,EXPIRED,355,4
LST-001338,AGT-016,LOC-024,Apartment,3,SALE,1650,2020000,2020000,0,2025-06-11,2025-10-02,2025-11-26,REMOVED,870,22
LST-001339,AGT-092,LOC-010,Apartment,2,RENT,1090,122000,104000,3,2025-06-11,2025-10-07,2025-12-28,REMOVED,708,11
LST-001340,AGT-038,LOC-001,Apartment,1,SALE,735,1320000,1320000,0,2025-06-11,2025-07-09,2025-08-15,REMOVED,834,22
LST-001341,AGT-070,LOC-015,Villa,6,SALE,8620,13555000,12935000,1,2025-06-11,2025-08-15,2025-08-28,REMOVED,396,9
LST-001342,AGT-068,LOC-022,Villa,5,RENT,5870,453000,433000,1,2025-06-12,2025-06-15,2025-07-03,REMOVED,267,5
LST-001343,AGT-004,LOC-003,Apartment,2,RENT,1215,195000,195000,0,2025-06-12,2025-07-12,2025-07-14,REMOVED,417,7
LST-001344,AGT-035,LOC-029,Apartment,1,SALE,900,605000,605000,0,2025-06-12,2025-07-24,2025-12-30,REMOVED,716,11
LST-001345,AGT-090,LOC-014,Apartment,2,SALE,1045,2135000,2135000,0,2025-06-12,2025-06-22,2025-07-11,REMOVED,261,8
LST-001346,AGT-071,LOC-007,Apartment,2,SALE,1020,1905000,1905000,0,2025-06-12,2025-06-21,2025-07-11,EXPIRED,105,2
LST-001347,AGT-068,LOC-001,Apartment,2,RENT,1150,136000,136000,0,2025-06-12,2025-06-21,2025-07-08,EXPIRED,331,6
LST-001348,AGT-117,LOC-019,Apartment,1,SALE,895,780000,780000,0,2025-06-12,2025-07-05,2025-07-13,REMOVED,173,6
LST-001349,AGT-067,LOC-019,Apartment,4,RENT,3005,189000,189000,0,2025-06-12,2025-06-12,2025-06-25,REMOVED,99,3
LST-001350,AGT-006,LOC-028,Townhouse,3,RENT,2560,181000,170000,1,2025-06-12,2025-12-01,2026-01-31,REMOVED,971,24
LST-001351,AGT-026,LOC-005,Apartment,1,RENT,775,156000,156000,0,2025-06-13,2025-06-22,2025-07-20,REMOVED,843,19
LST-001352,AGT-074,LOC-020,Apartment,2,SALE,1295,1750000,1625000,1,2025-06-13,2025-08-11,2025-09-25,REMOVED,374,9
LST-001353,AGT-050,LOC-002,Apartment,0,SALE,340,880000,880000,0,2025-06-13,2025-06-25,2025-08-04,EXPIRED,431,10
LST-001354,AGT-069,LOC-013,Townhouse,3,RENT,2360,287000,271000,1,2025-06-13,2025-06-15,2025-07-11,EXPIRED,337,7
LST-001355,AGT-059,LOC-017,Villa,3,RENT,3125,245000,245000,0,2025-06-13,2025-06-16,2025-06-21,REMOVED,71,2
LST-001356,AGT-111,LOC-011,Apartment,2,SALE,1405,2450000,2345000,1,2025-06-13,2025-07-03,2025-08-31,EXPIRED,272,4
LST-001357,AGT-055,LOC-032,Apartment,4,RENT,2370,159000,159000,0,2025-06-13,2025-06-21,2025-06-27,EXPIRED,112,2
LST-001358,AGT-068,LOC-007,Apartment,1,SALE,950,1940000,1940000,0,2025-06-13,2025-06-22,2025-07-06,REMOVED,130,4
LST-001359,AGT-059,LOC-019,Apartment,3,SALE,1865,1725000,1725000,0,2025-06-13,2025-06-19,2025-07-16,EXPIRED,144,3
LST-001360,AGT-035,LOC-029,Apartment,2,SALE,1170,850000,850000,0,2025-06-13,2025-09-01,2025-11-28,REMOVED,618,7
LST-001361,AGT-063,LOC-011,Apartment,0,RENT,415,47000,47000,0,2025-06-13,2025-06-26,2025-07-09,REMOVED,248,6
LST-001362,AGT-102,LOC-011,Apartment,2,SALE,990,1320000,1320000,0,2025-06-14,2025-06-14,2025-08-22,REMOVED,884,31
LST-001363,AGT-114,LOC-008,Apartment,1,SALE,850,1655000,1575000,1,2025-06-14,2025-08-02,2025-08-25,REMOVED,414,7
LST-001364,AGT-063,LOC-024,Apartment,2,SALE,1440,1840000,1840000,0,2025-06-14,2025-06-27,2025-10-20,REMOVED,1201,23
LST-001365,AGT-012,LOC-001,Penthouse,4,RENT,4275,554000,543000,1,2025-06-15,2025-07-01,2025-07-07,REMOVED,189,5
LST-001366,AGT-005,LOC-033,Apartment,3,RENT,2085,167000,155000,1,2025-06-15,2025-07-22,2025-07-22,REMOVED,174,3
LST-001367,AGT-070,LOC-028,Villa,5,SALE,6375,9100000,9100000,0,2025-06-16,2025-09-12,2026-06-16,EXPIRED,890,7
LST-001368,AGT-012,LOC-001,Apartment,1,RENT,840,89000,89000,0,2025-06-16,2025-06-29,2025-07-09,REMOVED,267,9
LST-001369,AGT-033,LOC-003,Apartment,2,SALE,1010,3230000,3125000,1,2025-06-16,2025-08-11,2025-08-16,REMOVED,302,6
LST-001370,AGT-087,LOC-031,Apartment,1,SALE,875,890000,890000,0,2025-06-16,2025-06-23,2025-08-18,REMOVED,443,6
LST-001371,AGT-026,LOC-011,Apartment,1,SALE,665,1125000,1125000,0,2025-06-16,2025-07-08,2025-07-14,REMOVED,172,3
LST-001372,AGT-008,LOC-022,Villa,5,SALE,6800,11175000,10905000,1,2025-06-16,2025-08-16,2026-01-19,REMOVED,589,6
LST-001373,AGT-009,LOC-011,Apartment,2,SALE,1030,1575000,1450000,1,2025-06-16,2025-09-06,2025-12-05,REMOVED,882,13
LST-001374,AGT-063,LOC-012,Apartment,2,RENT,1210,97000,97000,0,2025-06-17,2025-06-18,2025-06-24,EXPIRED,147,5
LST-001375,AGT-072,LOC-020,Townhouse,3,SALE,2690,3190000,2990000,1,2025-06-17,2025-09-27,2025-10-31,EXPIRED,526,13
LST-001376,AGT-014,LOC-011,Apartment,1,SALE,945,1210000,1140000,1,2025-06-17,2025-06-25,2025-07-19,REMOVED,257,11
LST-001377,AGT-078,LOC-001,Apartment,3,SALE,1750,3750000,3750000,0,2025-06-17,2025-06-29,2025-07-01,REMOVED,134,3
LST-001378,AGT-092,LOC-011,Apartment,3,SALE,1765,2915000,2915000,0,2025-06-17,2025-06-25,2025-07-02,EXPIRED,54,1
LST-001379,AGT-019,LOC-004,Apartment,3,SALE,1600,4075000,4075000,0,2025-06-17,2025-06-28,2025-07-01,REMOVED,174,4
LST-001380,AGT-005,LOC-018,Apartment,1,SALE,655,795000,795000,0,2025-06-18,2025-09-12,2025-09-13,REMOVED,192,3
LST-001381,AGT-051,LOC-029,Villa,6,RENT,8935,335000,335000,0,2025-06-18,2025-08-08,2025-08-13,REMOVED,299,6
LST-001382,AGT-064,LOC-008,Apartment,3,RENT,1835,208000,208000,0,2025-06-18,2025-07-17,2025-07-26,REMOVED,251,4
LST-001383,AGT-101,LOC-001,Apartment,1,SALE,835,1875000,1590000,3,2025-06-18,2025-09-05,2025-09-24,REMOVED,597,8
LST-001384,AGT-012,LOC-010,Apartment,2,SALE,1220,1500000,1440000,1,2025-06-18,2025-07-07,2025-07-20,EXPIRED,195,2
LST-001385,AGT-070,LOC-011,Apartment,1,RENT,720,80000,80000,0,2025-06-18,2025-07-04,2025-07-26,EXPIRED,287,5
LST-001386,AGT-119,LOC-032,Apartment,2,RENT,970,75000,75000,0,2025-06-18,2025-06-30,2025-09-08,REMOVED,438,7
LST-001387,AGT-096,LOC-007,Apartment,3,SALE,1945,3575000,3575000,0,2025-06-18,2025-07-27,2025-08-01,REMOVED,356,8
LST-001388,AGT-107,LOC-010,Townhouse,3,RENT,2460,199000,199000,0,2025-06-19,2025-06-30,2025-07-26,REMOVED,126,2
LST-001389,AGT-033,LOC-004,Apartment,1,SALE,890,2205000,2205000,0,2025-06-19,2025-07-28,2025-08-10,REMOVED,971,36
LST-001390,AGT-053,LOC-003,Apartment,0,RENT,485,72000,72000,0,2025-06-19,2025-07-03,2025-07-03,REMOVED,261,8
LST-001391,AGT-038,LOC-010,Townhouse,3,RENT,2435,192000,192000,0,2025-06-19,2025-06-24,2025-06-29,EXPIRED,63,1
LST-001392,AGT-014,LOC-003,Penthouse,3,RENT,4105,857000,811000,1,2025-06-19,2025-08-02,2025-10-23,EXPIRED,1768,32
LST-001393,AGT-078,LOC-020,Apartment,1,RENT,640,63000,63000,0,2025-06-19,2025-06-26,2025-06-27,REMOVED,46,2
LST-001394,AGT-102,LOC-024,Apartment,1,SALE,650,900000,900000,0,2025-06-19,2025-07-23,2025-10-05,REMOVED,822,20
LST-001395,AGT-107,LOC-009,Apartment,3,RENT,1535,146000,146000,0,2025-06-19,2025-06-26,2025-07-29,REMOVED,139,4
LST-001396,AGT-069,LOC-013,Villa,4,RENT,4555,665000,612000,2,2025-06-19,2025-06-25,2025-08-08,REMOVED,225,4
LST-001397,AGT-038,LOC-009,Apartment,1,RENT,745,71000,71000,0,2025-06-19,2025-06-22,2025-06-30,REMOVED,98,2
LST-001398,AGT-054,LOC-023,Apartment,1,RENT,890,92000,92000,0,2025-06-19,2025-06-26,2025-07-11,EXPIRED,210,6
LST-001399,AGT-015,LOC-003,Apartment,4,SALE,2475,6080000,6080000,0,2025-06-20,2025-07-19,2025-08-07,EXPIRED,690,16
LST-001400,AGT-023,LOC-001,Apartment,0,RENT,520,56000,56000,0,2025-06-20,2025-06-28,2025-07-20,REMOVED,234,6
LST-001401,AGT-068,LOC-002,Apartment,2,SALE,1200,3280000,3280000,0,2025-06-20,2025-08-07,2025-08-11,REMOVED,235,4
LST-001402,AGT-014,LOC-007,Apartment,2,SALE,1490,2350000,2350000,0,2025-06-20,2025-07-04,2025-08-19,EXPIRED,845,24
LST-001403,AGT-064,LOC-017,Townhouse,3,RENT,2515,225000,217000,1,2025-06-20,2025-06-23,2025-07-15,REMOVED,78,2
LST-001404,AGT-035,LOC-015,Villa,4,RENT,4990,446000,446000,0,2025-06-20,2025-06-26,2025-06-29,REMOVED,116,2
LST-001405,AGT-011,LOC-029,Apartment,2,RENT,1445,76000,76000,0,2025-06-20,2025-06-25,2025-06-27,REMOVED,40,1
LST-001406,AGT-024,LOC-033,Apartment,1,SALE,645,765000,765000,0,2025-06-20,2025-07-07,2025-07-13,REMOVED,183,4
LST-001407,AGT-099,LOC-022,Villa,3,SALE,2610,4150000,4150000,0,2025-06-20,2025-07-20,2025-10-12,EXPIRED,493,8
LST-001408,AGT-071,LOC-005,Apartment,2,RENT,1495,294000,294000,0,2025-06-20,2025-07-25,2025-08-05,REMOVED,324,7
LST-001409,AGT-018,LOC-003,Apartment,2,SALE,1065,3370000,3370000,0,2025-06-20,2025-09-17,2025-11-09,REMOVED,1524,22
LST-001410,AGT-038,LOC-017,Apartment,1,RENT,865,82000,82000,0,2025-06-20,2025-07-01,2025-07-05,REMOVED,122,3
LST-001411,AGT-005,LOC-018,Apartment,1,RENT,895,78000,73000,1,2025-06-20,2025-06-30,2025-07-19,REMOVED,182,3
LST-001412,AGT-053,LOC-020,Apartment,1,RENT,890,109000,109000,0,2025-06-21,2025-07-04,2025-07-16,REMOVED,242,4
LST-001413,AGT-101,LOC-020,Townhouse,4,SALE,2750,3190000,3190000,0,2025-06-22,2025-07-31,2025-08-17,REMOVED,343,10
LST-001414,AGT-057,LOC-005,Apartment,1,RENT,870,189000,189000,0,2025-06-22,2025-06-25,2025-07-22,REMOVED,192,4
LST-001415,AGT-054,LOC-022,Apartment,2,SALE,1485,1785000,1485000,3,2025-06-22,2025-11-16,2026-02-05,REMOVED,1870,42
LST-001416,AGT-064,LOC-003,Apartment,1,RENT,930,157000,157000,0,2025-06-22,2025-07-07,2025-07-08,REMOVED,188,5
LST-001417,AGT-006,LOC-011,Apartment,3,SALE,2135,3685000,3685000,0,2025-06-23,2025-07-07,2025-07-24,REMOVED,174,2
LST-001418,AGT-067,LOC-009,Townhouse,2,RENT,1895,148000,148000,0,2025-06-23,2025-06-30,2025-07-26,REMOVED,219,6
LST-001419,AGT-097,LOC-006,Villa,4,SALE,4510,18800000,18800000,0,2025-06-23,2025-08-26,2025-09-08,EXPIRED,814,28
LST-001420,AGT-107,LOC-025,Villa,6,SALE,8860,11405000,11405000,0,2025-06-23,2025-07-10,2025-09-21,REMOVED,640,13
LST-001421,AGT-050,LOC-018,Apartment,2,RENT,1085,69000,69000,0,2025-06-23,2025-06-30,2025-07-13,REMOVED,259,6
LST-001422,AGT-074,LOC-029,Apartment,1,RENT,850,54000,51000,1,2025-06-23,2025-09-12,2025-09-19,REMOVED,549,9
LST-001423,AGT-092,LOC-016,Villa,4,RENT,3610,248000,248000,0,2025-06-23,2025-07-15,2025-07-23,REMOVED,515,15
LST-001424,AGT-030,LOC-021,Apartment,2,RENT,1210,101000,93000,1,2025-06-23,2025-07-02,2025-07-14,EXPIRED,175,4
LST-001425,AGT-067,LOC-010,Apartment,0,SALE,350,480000,480000,0,2025-06-23,2025-07-07,2025-09-27,EXPIRED,421,6
LST-001426,AGT-025,LOC-009,Apartment,4,RENT,2805,219000,219000,0,2025-06-24,2025-08-02,2025-08-04,REMOVED,537,16
LST-001427,AGT-008,LOC-022,Villa,5,SALE,5845,7810000,7335000,1,2025-06-24,2025-11-09,2025-12-14,REMOVED,953,25
LST-001428,AGT-061,LOC-018,Apartment,2,SALE,1450,1325000,1325000,0,2025-06-24,2025-07-12,2025-09-05,REMOVED,436,11
LST-001429,AGT-013,LOC-013,Villa,4,RENT,4595,591000,591000,0,2025-06-24,2025-07-19,2025-07-27,REMOVED,212,5
LST-001430,AGT-069,LOC-012,Apartment,3,RENT,1965,167000,167000,0,2025-06-24,2025-06-26,2025-06-28,EXPIRED,49,1
LST-001431,AGT-101,LOC-020,Townhouse,4,SALE,3385,4185000,4185000,0,2025-06-24,2025-09-03,2026-05-09,REMOVED,1482,25
LST-001432,AGT-024,LOC-020,Apartment,3,SALE,1880,2450000,2450000,0,2025-06-24,2025-07-10,2025-12-25,EXPIRED,1128,20
LST-001433,AGT-055,LOC-003,Apartment,0,RENT,350,61000,59000,1,2025-06-24,2025-07-16,2025-07-16,REMOVED,243,6
LST-001434,AGT-105,LOC-015,Villa,4,SALE,4385,6330000,6330000,0,2025-06-24,2025-08-22,2025-08-22,EXPIRED,485,12
LST-001435,AGT-081,LOC-001,Apartment,3,SALE,2125,3985000,3985000,0,2025-06-24,2025-07-12,2025-07-18,EXPIRED,411,7
LST-001436,AGT-059,LOC-027,Apartment,2,RENT,1295,202000,202000,0,2025-06-24,2025-07-19,2025-09-05,REMOVED,580,13
LST-001437,AGT-061,LOC-016,Villa,6,SALE,7685,9625000,9060000,1,2025-06-24,2025-08-06,2026-02-28,REMOVED,1713,36
LST-001438,AGT-070,LOC-033,Apartment,0,RENT,380,33000,33000,0,2025-06-25,2025-07-02,2025-07-17,REMOVED,173,4
LST-001439,AGT-025,LOC-006,Villa,4,RENT,3870,836000,836000,0,2025-06-25,2025-09-11,2025-10-07,REMOVED,1085,20
LST-001440,AGT-069,LOC-013,Villa,5,RENT,6160,684000,684000,0,2025-06-25,2025-07-01,2025-07-02,REMOVED,73,2
LST-001441,AGT-050,LOC-031,Apartment,3,SALE,1940,1715000,1540000,2,2025-06-25,2025-07-31,2025-09-25,REMOVED,405,10
LST-001442,AGT-025,LOC-002,Apartment,2,RENT,1435,198000,198000,0,2025-06-25,2025-07-15,2025-07-18,REMOVED,210,3
LST-001443,AGT-079,LOC-017,Apartment,1,SALE,650,670000,670000,0,2025-06-25,2025-09-08,2025-09-28,REMOVED,1126,48
LST-001444,AGT-107,LOC-022,Villa,3,RENT,2585,195000,195000,0,2025-06-25,2025-07-18,2025-08-17,EXPIRED,778,25
LST-001445,AGT-012,LOC-020,Townhouse,2,SALE,1510,1820000,1820000,0,2025-06-25,2025-07-03,2025-09-01,REMOVED,573,19
LST-001446,AGT-019,LOC-027,Apartment,1,SALE,935,2700000,2700000,0,2025-06-25,2025-07-03,2025-07-28,REMOVED,290,7
LST-001447,AGT-055,LOC-021,Apartment,2,SALE,1490,1710000,1710000,0,2025-06-25,2025-09-18,2025-11-28,REMOVED,269,4
LST-001448,AGT-087,LOC-013,Villa,3,RENT,2690,311000,311000,0,2025-06-25,2025-06-27,2025-06-27,EXPIRED,23,1
LST-001449,AGT-018,LOC-003,Apartment,1,RENT,825,129000,129000,0,2025-06-25,2025-07-05,2025-07-05,REMOVED,119,3
LST-001450,AGT-101,LOC-018,Apartment,2,RENT,965,73000,73000,0,2025-06-25,2025-07-09,2025-07-11,REMOVED,56,1
LST-001451,AGT-051,LOC-012,Apartment,3,SALE,1885,2685000,2685000,0,2025-06-26,2025-07-03,2025-07-22,EXPIRED,186,3
LST-001452,AGT-107,LOC-020,Apartment,1,SALE,710,740000,740000,0,2025-06-26,2025-06-26,2025-07-05,REMOVED,199,6
LST-001453,AGT-115,LOC-014,Apartment,0,SALE,380,945000,945000,0,2025-06-26,2025-07-08,2025-10-07,REMOVED,379,7
LST-001454,AGT-063,LOC-011,Apartment,2,RENT,1355,142000,142000,0,2025-06-26,2025-07-03,2025-07-03,REMOVED,92,2
LST-001455,AGT-054,LOC-014,Apartment,2,RENT,1345,187000,170000,2,2025-06-26,2025-08-21,2025-08-24,EXPIRED,396,7
LST-001456,AGT-070,LOC-015,Villa,3,SALE,3040,4025000,4025000,0,2025-06-26,2025-07-21,2025-07-22,EXPIRED,403,13
LST-001457,AGT-080,LOC-001,Apartment,1,RENT,935,125000,125000,0,2025-06-26,2025-06-29,2025-07-21,REMOVED,276,5
LST-001458,AGT-038,LOC-001,Apartment,2,SALE,1305,2515000,2515000,0,2025-06-27,2025-07-22,2025-08-01,REMOVED,326,7
LST-001459,AGT-025,LOC-001,Apartment,1,SALE,675,1235000,1235000,0,2025-06-27,2025-06-29,2025-08-31,REMOVED,895,30
LST-001460,AGT-019,LOC-001,Penthouse,2,RENT,2800,395000,395000,0,2025-06-27,2025-07-02,2025-07-13,REMOVED,326,8
LST-001461,AGT-090,LOC-008,Apartment,3,SALE,2150,2785000,2785000,0,2025-06-27,2025-07-13,2025-07-31,REMOVED,670,29
LST-001462,AGT-015,LOC-011,Apartment,0,SALE,475,745000,745000,0,2025-06-27,2025-07-28,2025-08-22,EXPIRED,348,10
LST-001463,AGT-107,LOC-009,Apartment,2,SALE,1380,1545000,1545000,0,2025-06-27,2025-08-26,2025-09-17,REMOVED,601,17
LST-001464,AGT-026,LOC-003,Apartment,2,RENT,1420,215000,215000,0,2025-06-27,2025-06-27,2025-07-08,REMOVED,148,4
LST-001465,AGT-016,LOC-001,Apartment,2,RENT,1075,132000,132000,0,2025-06-28,2025-07-10,2025-08-14,REMOVED,397,7
LST-001466,AGT-018,LOC-018,Apartment,1,SALE,895,905000,850000,1,2025-06-28,2025-07-13,2025-07-23,EXPIRED,125,3
LST-001467,AGT-025,LOC-009,Apartment,2,SALE,1035,1215000,1215000,0,2025-06-28,2025-07-08,2025-08-11,REMOVED,150,2
LST-001468,AGT-040,LOC-006,Villa,5,SALE,6180,28200000,28200000,0,2025-06-28,2025-07-16,2025-07-23,REMOVED,281,5
LST-001469,AGT-092,LOC-016,Villa,5,RENT,6315,487000,487000,0,2025-06-28,2025-08-06,2025-10-08,REMOVED,675,15
LST-001470,AGT-025,LOC-007,Apartment,1,RENT,785,114000,114000,0,2025-06-28,2025-07-01,2025-07-03,REMOVED,84,2
LST-001471,AGT-096,LOC-030,Villa,4,SALE,4800,2465000,2465000,0,2025-06-29,2025-07-20,2025-07-23,REMOVED,194,7
LST-001472,AGT-100,LOC-014,Apartment,1,RENT,835,107000,107000,0,2025-06-29,2025-07-15,2025-07-22,REMOVED,263,6
LST-001473,AGT-107,LOC-017,Apartment,1,RENT,910,91000,91000,0,2025-06-29,2025-08-14,2025-08-15,REMOVED,283,7
LST-001474,AGT-107,LOC-010,Apartment,0,RENT,420,43000,43000,0,2025-06-29,2025-07-10,2025-08-19,REMOVED,321,6
LST-001475,AGT-107,LOC-030,Villa,3,RENT,3170,122000,122000,0,2025-06-30,2025-07-02,2025-07-04,EXPIRED,22,1
LST-001476,AGT-107,LOC-010,Apartment,0,SALE,365,425000,425000,0,2025-06-30,2025-09-03,2025-10-07,REMOVED,586,13
LST-001477,AGT-012,LOC-002,Apartment,1,SALE,740,1645000,1645000,0,2025-06-30,2025-07-05,2025-07-28,REMOVED,459,10
LST-001478,AGT-033,LOC-027,Apartment,1,SALE,835,2715000,2715000,0,2025-06-30,2026-01-17,2026-06-30,REMOVED,2508,49
LST-001479,AGT-079,LOC-032,Apartment,1,SALE,885,850000,795000,1,2025-06-30,2025-08-14,2026-06-30,REMOVED,1084,19
LST-001480,AGT-110,LOC-021,Apartment,1,RENT,710,59000,59000,0,2025-06-30,2025-07-18,2025-07-22,REMOVED,199,5
LST-001481,AGT-038,LOC-007,Apartment,3,RENT,1840,240000,240000,0,2025-07-01,2025-07-08,2025-07-11,REMOVED,88,2
LST-001482,AGT-048,LOC-023,Apartment,1,RENT,855,87000,87000,0,2025-07-01,2025-07-05,2025-07-30,REMOVED,117,3
LST-001483,AGT-009,LOC-006,Villa,5,RENT,6770,1513000,1401000,1,2025-07-01,2025-07-17,2025-07-31,REMOVED,338,9
LST-001484,AGT-014,LOC-005,Apartment,0,RENT,360,79000,79000,0,2025-07-01,2025-07-09,2025-08-31,REMOVED,1002,22
LST-001485,AGT-070,LOC-008,Apartment,1,SALE,655,1365000,1365000,0,2025-07-01,2025-08-09,2025-10-02,REMOVED,351,7
LST-001486,AGT-018,LOC-018,Apartment,3,RENT,2185,150000,150000,0,2025-07-01,2025-07-17,2025-07-25,REMOVED,200,5
LST-001487,AGT-105,LOC-022,Townhouse,5,SALE,3680,4560000,4560000,0,2025-07-01,2025-07-18,2025-08-13,EXPIRED,410,8
LST-001488,AGT-051,LOC-018,Apartment,2,SALE,1365,1465000,1465000,0,2025-07-01,2025-07-26,2025-08-26,REMOVED,287,6
LST-001489,AGT-067,LOC-009,Townhouse,2,RENT,1545,126000,126000,0,2025-07-01,2025-07-05,2025-07-08,REMOVED,95,2
LST-001490,AGT-023,LOC-030,Villa,5,SALE,6220,3065000,3065000,0,2025-07-01,2025-10-21,2026-01-23,REMOVED,1211,26
LST-001491,AGT-019,LOC-026,Apartment,3,SALE,1595,2495000,2495000,0,2025-07-01,2025-07-03,2025-08-07,REMOVED,230,5
LST-001492,AGT-102,LOC-001,Apartment,1,SALE,900,2030000,2030000,0,2025-07-02,2025-09-17,2025-10-28,REMOVED,803,15
LST-001493,AGT-052,LOC-014,Apartment,1,RENT,700,92000,92000,0,2025-07-02,2025-07-16,2025-08-03,REMOVED,291,8
LST-001494,AGT-096,LOC-014,Apartment,2,RENT,1415,207000,207000,0,2025-07-02,2025-07-14,2025-07-24,EXPIRED,175,2
LST-001495,AGT-005,LOC-018,Apartment,1,SALE,640,560000,560000,0,2025-07-02,2025-08-10,2025-08-15,REMOVED,315,8
LST-001496,AGT-028,LOC-004,Apartment,3,SALE,2000,5905000,5755000,1,2025-07-02,2025-08-07,2025-12-08,EXPIRED,614,9
LST-001497,AGT-040,LOC-018,Apartment,3,RENT,1580,110000,110000,0,2025-07-03,2025-07-10,2025-08-09,REMOVED,397,8
LST-001498,AGT-012,LOC-001,Apartment,3,SALE,1570,3815000,3815000,0,2025-07-03,2026-03-15,2026-07-03,REMOVED,1747,18
LST-001499,AGT-096,LOC-023,Apartment,2,RENT,1070,104000,104000,0,2025-07-03,2025-07-08,2025-07-21,REMOVED,174,4
LST-001500,AGT-027,LOC-014,Apartment,1,SALE,865,1830000,1830000,0,2025-07-03,2025-08-21,2025-08-22,REMOVED,357,11
LST-001501,AGT-085,LOC-012,Apartment,1,SALE,635,1010000,1010000,0,2025-07-03,2025-07-14,2025-08-15,EXPIRED,201,4
LST-001502,AGT-036,LOC-021,Apartment,1,RENT,890,75000,75000,0,2025-07-03,2025-07-11,2025-07-29,REMOVED,217,5
LST-001503,AGT-047,LOC-028,Townhouse,4,SALE,2780,3275000,2770000,3,2025-07-04,2025-09-10,2025-10-13,REMOVED,363,5
LST-001504,AGT-073,LOC-032,Apartment,1,SALE,745,660000,615000,1,2025-07-04,2025-07-15,2025-08-07,EXPIRED,233,4
LST-001505,AGT-014,LOC-025,Townhouse,3,SALE,2595,4050000,4050000,0,2025-07-04,2025-10-03,2025-10-28,REMOVED,297,4
LST-001506,AGT-063,LOC-016,Villa,5,RENT,6330,508000,508000,0,2025-07-04,2025-07-04,2025-07-09,EXPIRED,50,1
LST-001507,AGT-059,LOC-004,Penthouse,4,SALE,4640,17070000,16220000,1,2025-07-04,2025-11-19,2026-01-06,REMOVED,1015,16
LST-001508,AGT-023,LOC-024,Apartment,2,SALE,1435,1700000,1700000,0,2025-07-04,2025-07-04,2025-07-10,REMOVED,68,2
LST-001509,AGT-005,LOC-010,Apartment,2,RENT,1215,128000,128000,0,2025-07-04,2025-07-05,2025-08-28,REMOVED,211,5
LST-001510,AGT-014,LOC-021,Apartment,2,SALE,1290,1200000,1200000,0,2025-07-04,2025-09-23,2025-09-27,REMOVED,481,12
LST-001511,AGT-067,LOC-019,Apartment,1,SALE,635,560000,560000,0,2025-07-04,2025-08-05,2025-08-28,REMOVED,623,21
LST-001512,AGT-063,LOC-033,Apartment,3,RENT,2125,126000,126000,0,2025-07-04,2025-07-07,2025-07-11,REMOVED,119,3
LST-001513,AGT-092,LOC-011,Apartment,1,SALE,900,1480000,1380000,1,2025-07-04,2025-08-04,2025-08-12,REMOVED,299,7
LST-001514,AGT-015,LOC-010,Apartment,1,RENT,780,68000,68000,0,2025-07-05,2025-07-11,2025-07-15,REMOVED,70,1
LST-001515,AGT-018,LOC-025,Villa,6,RENT,9285,764000,764000,0,2025-07-05,2025-07-25,2025-08-06,REMOVED,386,7
LST-001516,AGT-059,LOC-023,Apartment,1,RENT,880,86000,79000,1,2025-07-05,2025-07-24,2025-07-30,REMOVED,166,5
LST-001517,AGT-059,LOC-016,Villa,3,RENT,3335,243000,243000,0,2025-07-05,2025-07-28,2025-10-10,REMOVED,760,17
LST-001518,AGT-019,LOC-003,Apartment,1,RENT,620,120000,120000,0,2025-07-06,2025-07-20,2025-07-22,REMOVED,122,2
LST-001519,AGT-045,LOC-010,Townhouse,2,RENT,1445,125000,120000,1,2025-07-06,2025-07-27,2025-07-28,REMOVED,135,2
LST-001520,AGT-056,LOC-024,Apartment,0,SALE,370,515000,485000,1,2025-07-06,2025-08-15,2025-08-16,REMOVED,301,10
LST-001521,AGT-019,LOC-018,Apartment,1,SALE,780,955000,955000,0,2025-07-06,2025-07-07,2025-11-05,REMOVED,320,5
LST-001522,AGT-005,LOC-003,Apartment,3,RENT,1970,288000,288000,0,2025-07-06,2025-07-20,2025-07-30,EXPIRED,266,7
LST-001523,AGT-005,LOC-016,Villa,4,SALE,4180,5790000,5790000,0,2025-07-06,2025-07-10,2025-09-02,REMOVED,498,11
LST-001524,AGT-015,LOC-004,Apartment,1,SALE,605,1810000,1705000,1,2025-07-06,2025-08-18,2025-09-29,REMOVED,484,8
LST-001525,AGT-033,LOC-003,Apartment,2,SALE,1155,3825000,3825000,0,2025-07-07,2025-07-17,2026-02-28,REMOVED,1055,18
LST-001526,AGT-036,LOC-009,Apartment,1,SALE,905,1040000,1040000,0,2025-07-07,2025-07-10,2025-07-16,REMOVED,59,1
LST-001527,AGT-051,LOC-020,Apartment,0,SALE,500,650000,650000,0,2025-07-07,2025-07-17,2025-07-20,REMOVED,87,3
LST-001528,AGT-054,LOC-022,Villa,4,SALE,4855,6490000,6490000,0,2025-07-07,2025-07-20,2025-08-22,REMOVED,407,11
LST-001529,AGT-059,LOC-010,Apartment,2,SALE,1415,1820000,1575000,3,2025-07-07,2025-08-23,2026-06-16,REMOVED,933,17
LST-001530,AGT-023,LOC-028,Villa,5,SALE,5415,5035000,5035000,0,2025-07-07,2025-07-28,2025-09-28,REMOVED,371,11
LST-001531,AGT-026,LOC-025,Townhouse,2,RENT,1860,189000,160000,3,2025-07-07,2025-07-29,2025-12-16,REMOVED,768,12
LST-001532,AGT-101,LOC-007,Apartment,2,SALE,1015,2145000,2145000,0,2025-07-08,2025-07-29,2025-08-12,REMOVED,261,5
LST-001533,AGT-024,LOC-001,Apartment,3,RENT,1885,230000,205000,2,2025-07-08,2026-01-19,2026-01-29,REMOVED,929,13
LST-001534,AGT-088,LOC-020,Apartment,0,RENT,390,39000,39000,0,2025-07-08,2025-07-08,2025-07-15,EXPIRED,112,2
LST-001535,AGT-057,LOC-020,Apartment,1,SALE,755,1140000,1065000,2,2025-07-09,2025-09-04,2025-09-09,REMOVED,151,3
LST-001536,AGT-050,LOC-002,Penthouse,3,RENT,3545,511000,511000,0,2025-07-09,2025-08-11,2025-08-17,REMOVED,482,21
LST-001537,AGT-053,LOC-017,Apartment,2,RENT,1005,87000,87000,0,2025-07-09,2025-08-21,2025-08-31,REMOVED,434,14
LST-001538,AGT-037,LOC-024,Apartment,1,SALE,785,1040000,1040000,0,2025-07-09,2025-08-12,2025-08-26,REMOVED,422,13
LST-001539,AGT-085,LOC-008,Apartment,3,RENT,1525,174000,174000,0,2025-07-09,2025-09-13,2025-09-25,REMOVED,595,10
LST-001540,AGT-021,LOC-005,Apartment,4,RENT,2280,428000,428000,0,2025-07-09,2025-07-28,2025-09-20,REMOVED,925,28
LST-001541,AGT-103,LOC-009,Apartment,2,SALE,1465,1885000,1885000,0,2025-07-09,2025-07-22,2025-09-18,REMOVED,416,7
LST-001542,AGT-067,LOC-009,Apartment,3,RENT,1605,160000,160000,0,2025-07-09,2025-07-20,2025-07-31,EXPIRED,103,2
LST-001543,AGT-096,LOC-016,Villa,4,RENT,4315,307000,301000,1,2025-07-09,2025-07-16,2025-07-30,REMOVED,235,5
LST-001544,AGT-117,LOC-031,Apartment,1,SALE,655,690000,675000,1,2025-07-09,2025-08-02,2026-02-16,REMOVED,810,13
LST-001545,AGT-064,LOC-016,Villa,4,RENT,4380,380000,380000,0,2025-07-09,2025-09-12,2025-10-16,EXPIRED,440,8
LST-001546,AGT-060,LOC-032,Apartment,2,RENT,990,79000,77000,1,2025-07-09,2025-09-01,2025-09-27,EXPIRED,226,4
LST-001547,AGT-080,LOC-001,Apartment,3,SALE,1510,2570000,2570000,0,2025-07-10,2025-08-25,2026-03-01,REMOVED,4632,163
LST-001548,AGT-025,LOC-010,Apartment,1,SALE,930,1130000,1130000,0,2025-07-10,2025-09-02,2026-03-26,REMOVED,1090,19
LST-001549,AGT-080,LOC-023,Apartment,4,SALE,2690,3160000,3160000,0,2025-07-10,2025-07-18,2025-10-19,EXPIRED,697,19
LST-001550,AGT-048,LOC-008,Apartment,0,RENT,340,49000,49000,0,2025-07-10,2025-07-11,2025-07-22,EXPIRED,98,2
LST-001551,AGT-096,LOC-008,Penthouse,4,SALE,4730,11090000,11090000,0,2025-07-10,2025-08-04,2025-08-04,REMOVED,145,3
LST-001552,AGT-070,LOC-006,Villa,4,SALE,3620,17555000,17555000,0,2025-07-10,2025-08-07,2026-06-12,EXPIRED,6041,164
LST-001553,AGT-071,LOC-022,Apartment,2,SALE,1410,1580000,1580000,0,2025-07-10,2025-09-03,2025-09-23,REMOVED,319,10
LST-001554,AGT-006,LOC-012,Apartment,4,RENT,2500,209000,209000,0,2025-07-10,2025-07-15,2025-07-30,REMOVED,159,5
LST-001555,AGT-023,LOC-002,Apartment,2,SALE,1480,3520000,3520000,0,2025-07-10,2025-07-27,2025-08-01,REMOVED,172,4
LST-001556,AGT-002,LOC-005,Apartment,0,SALE,370,1525000,1525000,0,2025-07-10,2025-07-15,2025-07-27,REMOVED,162,3
LST-001557,AGT-097,LOC-022,Apartment,3,SALE,2050,2885000,2445000,3,2025-07-10,2025-10-10,2025-11-02,REMOVED,643,11
LST-001558,AGT-117,LOC-032,Apartment,1,RENT,710,58000,58000,0,2025-07-10,2025-07-14,2025-07-24,EXPIRED,95,2
LST-001559,AGT-119,LOC-022,Villa,4,RENT,4245,309000,309000,0,2025-07-10,2025-07-14,2025-08-21,EXPIRED,461,9
LST-001560,AGT-025,LOC-002,Apartment,3,SALE,1705,3285000,3285000,0,2025-07-11,2025-07-17,2025-07-19,REMOVED,172,6
LST-001561,AGT-051,LOC-002,Apartment,3,SALE,2055,4670000,4560000,1,2025-07-11,2025-07-24,2025-08-19,REMOVED,341,6
LST-001562,AGT-005,LOC-017,Villa,4,SALE,3525,3605000,3605000,0,2025-07-11,2025-07-12,2025-08-29,REMOVED,516,16
LST-001563,AGT-080,LOC-007,Apartment,0,SALE,355,710000,710000,0,2025-07-11,2025-08-21,2025-08-24,REMOVED,263,6
LST-001564,AGT-096,LOC-021,Apartment,2,RENT,1415,144000,144000,0,2025-07-11,2025-07-19,2025-07-27,REMOVED,73,1
LST-001565,AGT-026,LOC-020,Apartment,3,SALE,1685,1800000,1800000,0,2025-07-11,2025-09-17,2025-09-27,REMOVED,665,24
LST-001566,AGT-113,LOC-027,Apartment,2,SALE,1495,4290000,4025000,1,2025-07-11,2025-08-21,2025-10-02,REMOVED,498,11
LST-001567,AGT-101,LOC-002,Apartment,1,RENT,940,126000,117000,2,2025-07-11,2025-08-16,2025-08-27,EXPIRED,713,15
LST-001568,AGT-061,LOC-014,Apartment,2,SALE,1085,2275000,2275000,0,2025-07-11,2025-08-11,2025-10-24,REMOVED,715,18
LST-001569,AGT-069,LOC-012,Apartment,1,RENT,730,78000,78000,0,2025-07-11,2025-09-14,2025-11-03,EXPIRED,1509,32
LST-001570,AGT-114,LOC-029,Apartment,3,SALE,1750,1130000,1130000,0,2025-07-11,2025-10-03,2025-10-19,REMOVED,331,6
LST-001571,AGT-069,LOC-002,Apartment,2,SALE,1295,2900000,2900000,0,2025-07-12,2025-08-05,2025-09-02,EXPIRED,546,16
LST-001572,AGT-028,LOC-018,Apartment,0,SALE,405,390000,390000,0,2025-07-12,2025-08-03,2025-08-03,REMOVED,201,8
LST-001573,AGT-070,LOC-013,Townhouse,2,SALE,1605,3245000,3245000,0,2025-07-12,2025-08-09,2025-08-19,REMOVED,222,4
LST-001574,AGT-014,LOC-018,Apartment,1,SALE,630,710000,710000,0,2025-07-12,2025-08-08,2026-07-12,REMOVED,895,12
LST-001575,AGT-107,LOC-009,Apartment,1,SALE,935,1285000,1245000,1,2025-07-12,2025-08-11,2025-08-12,REMOVED,63,1
LST-001576,AGT-035,LOC-001,Apartment,2,SALE,1495,2770000,2770000,0,2025-07-12,2025-09-20,2025-09-24,EXPIRED,633,22
LST-001577,AGT-013,LOC-016,Villa,4,SALE,4970,8080000,8080000,0,2025-07-12,2026-05-19,2026-07-06,REMOVED,1530,32
LST-001578,AGT-070,LOC-012,Apartment,0,RENT,495,56000,56000,0,2025-07-12,2025-07-20,2025-07-21,REMOVED,60,2
LST-001579,AGT-019,LOC-029,Villa,4,RENT,4545,189000,189000,0,2025-07-12,2026-02-05,2026-02-09,REMOVED,1235,36
LST-001580,AGT-067,LOC-020,Apartment,1,RENT,910,87000,87000,0,2025-07-12,2025-07-19,2025-07-24,REMOVED,125,4
LST-001581,AGT-006,LOC-011,Apartment,1,RENT,895,90000,90000,0,2025-07-13,2025-07-14,2025-07-27,REMOVED,65,2
LST-001582,AGT-008,LOC-031,Apartment,1,RENT,635,45000,45000,0,2025-07-13,2025-08-01,2025-08-02,REMOVED,142,3
LST-001583,AGT-096,LOC-019,Apartment,2,SALE,1005,935000,905000,1,2025-07-13,2025-09-16,2025-12-20,REMOVED,572,12
LST-001584,AGT-101,LOC-014,Apartment,1,RENT,830,127000,127000,0,2025-07-14,2025-07-15,2025-08-07,REMOVED,102,2
LST-001585,AGT-024,LOC-031,Apartment,2,SALE,1480,1555000,1390000,2,2025-07-14,2025-09-14,2025-10-01,EXPIRED,237,3
LST-001586,AGT-082,LOC-019,Apartment,2,SALE,965,855000,855000,0,2025-07-14,2026-03-05,2026-04-22,REMOVED,843,18
LST-001587,AGT-064,LOC-019,Apartment,2,RENT,1195,97000,95000,1,2025-07-14,2025-08-09,2025-09-10,REMOVED,329,6
LST-001588,AGT-026,LOC-032,Apartment,2,RENT,1420,100000,100000,0,2025-07-14,2025-09-26,2025-10-27,REMOVED,455,12
LST-001589,AGT-005,LOC-018,Apartment,2,SALE,1235,995000,995000,0,2025-07-14,2025-08-03,2025-08-12,REMOVED,323,14
LST-001590,AGT-117,LOC-014,Apartment,1,RENT,885,137000,128000,1,2025-07-14,2025-07-18,2025-08-08,REMOVED,224,3
LST-001591,AGT-036,LOC-017,Townhouse,3,SALE,1960,2270000,2270000,0,2025-07-14,2025-07-27,2026-04-27,REMOVED,876,23
LST-001592,AGT-088,LOC-017,Townhouse,2,SALE,1535,2150000,2150000,0,2025-07-15,2025-08-10,2025-10-17,REMOVED,378,7
LST-001593,AGT-092,LOC-003,Apartment,2,SALE,1300,3970000,3970000,0,2025-07-15,2025-10-19,2026-03-14,EXPIRED,950,14
LST-001594,AGT-063,LOC-016,Villa,5,SALE,5920,7455000,7455000,0,2025-07-15,2025-08-25,2025-09-30,EXPIRED,871,34
LST-001595,AGT-031,LOC-025,Villa,5,RENT,6705,508000,508000,0,2025-07-15,2025-07-15,2025-08-11,EXPIRED,279,5
LST-001596,AGT-070,LOC-014,Apartment,0,RENT,475,91000,85000,1,2025-07-15,2025-08-02,2025-08-10,EXPIRED,136,2
LST-001597,AGT-051,LOC-017,Townhouse,3,SALE,2660,2675000,2675000,0,2025-07-15,2025-08-14,2025-10-10,EXPIRED,1079,27
LST-001598,AGT-007,LOC-009,Townhouse,3,RENT,2225,167000,167000,0,2025-07-15,2025-07-19,2025-09-03,REMOVED,360,10
LST-001599,AGT-117,LOC-009,Apartment,1,RENT,695,72000,72000,0,2025-07-15,2025-10-27,2025-11-28,REMOVED,470,8
LST-001600,AGT-087,LOC-001,Apartment,1,RENT,735,81000,75000,1,2025-07-15,2025-07-20,2025-08-20,REMOVED,437,12
LST-001601,AGT-010,LOC-001,Apartment,2,RENT,1185,141000,141000,0,2025-07-16,2025-07-18,2025-07-31,REMOVED,197,5
LST-001602,AGT-023,LOC-014,Apartment,0,SALE,335,745000,745000,0,2025-07-16,2025-07-16,2025-08-26,EXPIRED,260,7
LST-001603,AGT-019,LOC-013,Townhouse,4,RENT,2815,293000,293000,0,2025-07-16,2025-07-26,2025-07-28,REMOVED,119,2
LST-001604,AGT-087,LOC-031,Apartment,1,SALE,845,880000,880000,0,2025-07-16,2025-10-03,2026-01-08,REMOVED,1686,30
LST-001605,AGT-112,LOC-019,Apartment,2,RENT,1310,104000,96000,2,2025-07-16,2025-08-05,2025-09-20,EXPIRED,369,5
LST-001606,AGT-011,LOC-007,Apartment,1,SALE,770,1485000,1485000,0,2025-07-16,2025-07-28,2026-02-26,EXPIRED,943,25
LST-001607,AGT-038,LOC-012,Apartment,2,SALE,1325,2085000,2085000,0,2025-07-16,2025-09-02,2025-09-04,REMOVED,296,5
LST-001608,AGT-035,LOC-024,Apartment,2,SALE,1015,1435000,1435000,0,2025-07-16,2025-08-19,2025-08-31,REMOVED,308,4
LST-001609,AGT-038,LOC-025,Villa,5,SALE,6930,8585000,8585000,0,2025-07-16,2025-07-20,2025-08-21,REMOVED,229,7
LST-001610,AGT-018,LOC-018,Apartment,2,SALE,1490,1290000,1290000,0,2025-07-16,2025-08-08,2025-10-12,EXPIRED,343,11
LST-001611,AGT-120,LOC-001,Apartment,3,SALE,1620,3290000,3290000,0,2025-07-16,2025-08-23,2025-09-05,EXPIRED,384,6
LST-001612,AGT-035,LOC-032,Apartment,1,SALE,835,655000,655000,0,2025-07-17,2025-08-02,2025-08-08,EXPIRED,192,8
LST-001613,AGT-009,LOC-019,Apartment,4,SALE,2735,2140000,2140000,0,2025-07-17,2025-08-20,2025-09-14,REMOVED,253,8
LST-001614,AGT-080,LOC-001,Apartment,2,SALE,1235,2440000,2440000,0,2025-07-17,2025-07-19,2025-08-04,REMOVED,295,8
LST-001615,AGT-034,LOC-003,Apartment,3,RENT,2180,290000,290000,0,2025-07-17,2025-08-04,2025-08-18,REMOVED,431,11
LST-001616,AGT-069,LOC-014,Apartment,1,SALE,790,1450000,1450000,0,2025-07-17,2025-08-02,2025-08-25,REMOVED,432,13
LST-001617,AGT-101,LOC-026,Apartment,1,SALE,900,1415000,1415000,0,2025-07-17,2025-08-11,2025-09-12,REMOVED,413,14
LST-001618,AGT-005,LOC-026,Apartment,2,RENT,1165,120000,120000,0,2025-07-18,2025-07-24,2025-07-31,REMOVED,198,7
LST-001619,AGT-069,LOC-014,Apartment,1,RENT,840,105000,105000,0,2025-07-18,2025-07-22,2025-07-29,REMOVED,127,5
LST-001620,AGT-004,LOC-025,Townhouse,3,SALE,2535,3790000,3790000,0,2025-07-18,2025-08-16,2025-08-23,REMOVED,116,2
LST-001621,AGT-101,LOC-009,Apartment,0,SALE,405,535000,535000,0,2025-07-18,2025-08-12,2025-09-13,REMOVED,217,4
LST-001622,AGT-052,LOC-013,Villa,4,RENT,4145,614000,614000,0,2025-07-18,2025-07-25,2025-08-21,REMOVED,216,4
LST-001623,AGT-088,LOC-023,Apartment,2,SALE,1435,1885000,1650000,3,2025-07-18,2025-10-08,2026-02-22,REMOVED,1394,44
LST-001624,AGT-096,LOC-027,Apartment,1,RENT,725,128000,128000,0,2025-07-18,2025-07-18,2025-07-24,REMOVED,133,4
LST-001625,AGT-103,LOC-010,Townhouse,3,SALE,2150,2310000,2310000,0,2025-07-18,2025-07-23,2025-09-27,EXPIRED,385,8
LST-001626,AGT-066,LOC-008,Apartment,1,RENT,640,80000,80000,0,2025-07-19,2025-07-23,2025-08-01,REMOVED,184,4
LST-001627,AGT-082,LOC-016,Villa,5,RENT,6360,537000,524000,1,2025-07-19,2025-08-02,2025-08-17,REMOVED,171,3
LST-001628,AGT-102,LOC-003,Apartment,1,SALE,640,1915000,1795000,1,2025-07-19,2025-08-20,2025-09-14,REMOVED,893,18
LST-001629,AGT-067,LOC-017,Townhouse,2,SALE,1860,2130000,2130000,0,2025-07-19,2025-08-19,2025-09-12,REMOVED,321,9
LST-001630,AGT-051,LOC-014,Apartment,0,SALE,465,1025000,1025000,0,2025-07-19,2025-09-11,2025-09-14,REMOVED,436,11
LST-001631,AGT-113,LOC-020,Apartment,2,RENT,1400,133000,133000,0,2025-07-19,2025-08-13,2025-08-29,REMOVED,218,5
LST-001632,AGT-087,LOC-025,Villa,3,RENT,3410,286000,286000,0,2025-07-20,2025-08-23,2025-09-01,EXPIRED,431,11
LST-001633,AGT-070,LOC-006,Villa,5,RENT,6730,1339000,1339000,0,2025-07-20,2025-07-31,2025-07-31,EXPIRED,238,8
LST-001634,AGT-092,LOC-010,Apartment,1,RENT,630,56000,56000,0,2025-07-20,2025-07-24,2025-07-30,REMOVED,125,5
LST-001635,AGT-103,LOC-009,Apartment,3,RENT,1715,148000,145000,1,2025-07-20,2026-03-26,2026-03-28,REMOVED,1480,37
LST-001636,AGT-117,LOC-016,Villa,4,SALE,4740,8360000,7890000,1,2025-07-20,2025-10-14,2026-01-28,REMOVED,363,5
LST-001637,AGT-027,LOC-002,Apartment,3,RENT,1990,224000,224000,0,2025-07-20,2025-07-26,2025-08-17,REMOVED,370,8
LST-001638,AGT-013,LOC-014,Apartment,0,SALE,385,895000,895000,0,2025-07-21,2025-09-22,2025-10-03,REMOVED,488,12
LST-001639,AGT-047,LOC-003,Apartment,4,RENT,2795,393000,393000,0,2025-07-21,2025-08-01,2025-08-13,REMOVED,359,9
LST-001640,AGT-112,LOC-024,Apartment,1,RENT,725,73000,67000,2,2025-07-21,2025-08-17,2025-11-13,EXPIRED,924,14
LST-001641,AGT-087,LOC-015,Villa,3,SALE,2600,3960000,3960000,0,2025-07-21,2025-08-04,2025-09-03,EXPIRED,427,11
LST-001642,AGT-026,LOC-023,Apartment,1,SALE,815,1125000,1125000,0,2025-07-21,2025-09-26,2026-01-07,REMOVED,2496,61
LST-001643,AGT-097,LOC-021,Apartment,1,SALE,610,705000,680000,1,2025-07-21,2025-12-25,2026-04-15,REMOVED,930,14
LST-001644,AGT-009,LOC-024,Apartment,2,RENT,1460,109000,109000,0,2025-07-21,2025-08-02,2025-08-30,EXPIRED,487,14
LST-001645,AGT-059,LOC-006,Villa,4,RENT,4465,1072000,1072000,0,2025-07-21,2025-07-25,2025-07-30,EXPIRED,132,3
LST-001646,AGT-005,LOC-021,Apartment,2,SALE,1095,1195000,1070000,2,2025-07-22,2025-08-18,2025-10-12,REMOVED,287,5
LST-001647,AGT-111,LOC-019,Apartment,2,SALE,1495,1220000,1220000,0,2025-07-22,2025-10-18,2025-11-09,REMOVED,849,18
LST-001648,AGT-107,LOC-010,Apartment,2,SALE,1350,1510000,1510000,0,2025-07-22,2025-08-21,2025-08-27,EXPIRED,150,4
LST-001649,AGT-011,LOC-033,Apartment,3,SALE,1540,1785000,1650000,1,2025-07-22,2025-08-23,2025-09-10,REMOVED,216,5
LST-001650,AGT-070,LOC-028,Villa,5,RENT,5225,432000,391000,2,2025-07-22,2025-09-08,2025-09-15,REMOVED,104,2
LST-001651,AGT-117,LOC-021,Apartment,1,RENT,890,86000,86000,0,2025-07-22,2025-08-05,2025-09-26,REMOVED,365,10
LST-001652,AGT-033,LOC-004,Apartment,2,RENT,1265,200000,200000,0,2025-07-22,2025-07-24,2025-08-28,EXPIRED,569,9
LST-001653,AGT-026,LOC-031,Apartment,2,RENT,1445,100000,94000,1,2025-07-22,2025-08-04,2025-10-07,REMOVED,469,10
LST-001654,AGT-019,LOC-025,Apartment,1,RENT,730,77000,77000,0,2025-07-23,2025-10-11,2025-10-26,EXPIRED,629,15
LST-001655,AGT-027,LOC-020,Apartment,1,RENT,810,92000,92000,0,2025-07-23,2025-08-25,2025-11-02,EXPIRED,445,13
LST-001656,AGT-019,LOC-018,Apartment,0,RENT,505,43000,37000,3,2025-07-23,2025-11-15,2026-01-30,REMOVED,360,6
LST-001657,AGT-020,LOC-018,Apartment,3,RENT,2190,133000,133000,0,2025-07-24,2025-08-11,2025-08-11,REMOVED,134,2
LST-001658,AGT-117,LOC-001,Apartment,1,RENT,700,91000,91000,0,2025-07-24,2025-07-30,2025-08-16,EXPIRED,233,3
LST-001659,AGT-090,LOC-001,Apartment,0,RENT,470,57000,55000,1,2025-07-24,2025-07-25,2025-08-16,REMOVED,311,6
LST-001660,AGT-056,LOC-013,Villa,4,RENT,3540,525000,525000,0,2025-07-24,2025-07-31,2025-08-21,EXPIRED,273,6
LST-001661,AGT-009,LOC-027,Villa,3,SALE,2665,7570000,7570000,0,2025-07-24,2025-07-24,2026-01-12,REMOVED,1663,42
LST-001662,AGT-099,LOC-031,Apartment,3,RENT,1910,123000,123000,0,2025-07-24,2025-08-01,2025-08-02,EXPIRED,125,3
LST-001663,AGT-044,LOC-011,Apartment,1,SALE,845,1280000,1280000,0,2025-07-24,2025-07-24,2025-08-11,REMOVED,138,3
LST-001664,AGT-033,LOC-023,Apartment,1,RENT,875,78000,78000,0,2025-07-24,2025-07-30,2025-08-04,EXPIRED,102,3
LST-001665,AGT-063,LOC-033,Apartment,3,SALE,1705,2125000,2125000,0,2025-07-24,2025-08-31,2026-02-05,EXPIRED,754,9
LST-001666,AGT-046,LOC-027,Villa,7,SALE,12370,32130000,32130000,0,2025-07-24,2025-08-16,2025-08-25,REMOVED,237,4
LST-001667,AGT-025,LOC-019,Apartment,2,RENT,1175,90000,90000,0,2025-07-25,2025-08-05,2025-08-06,REMOVED,103,3
LST-001668,AGT-033,LOC-005,Apartment,1,RENT,785,181000,172000,1,2025-07-25,2025-11-07,2026-01-04,REMOVED,2023,42
LST-001669,AGT-012,LOC-027,Apartment,2,SALE,1130,3135000,3135000,0,2025-07-25,2025-08-14,2025-09-02,REMOVED,583,14
LST-001670,AGT-070,LOC-006,Villa,5,RENT,5085,1147000,1147000,0,2025-07-25,2025-08-19,2025-08-28,REMOVED,568,19
LST-001671,AGT-107,LOC-001,Apartment,2,SALE,1260,2360000,2360000,0,2025-07-25,2025-08-14,2025-10-19,EXPIRED,861,20
LST-001672,AGT-080,LOC-002,Apartment,2,RENT,1225,144000,144000,0,2025-07-25,2025-07-30,2025-08-05,REMOVED,162,5
LST-001673,AGT-079,LOC-028,Villa,5,RENT,5285,379000,379000,0,2025-07-25,2025-08-05,2025-08-06,REMOVED,90,2
LST-001674,AGT-102,LOC-030,Villa,3,RENT,2840,111000,111000,0,2025-07-25,2025-07-25,2025-08-12,REMOVED,193,4
LST-001675,AGT-073,LOC-010,Townhouse,3,SALE,2345,2475000,2475000,0,2025-07-25,2025-08-13,2025-08-31,EXPIRED,226,6
LST-001676,AGT-100,LOC-012,Apartment,2,RENT,1200,123000,123000,0,2025-07-26,2025-07-26,2025-07-30,REMOVED,52,1
LST-001677,AGT-093,LOC-010,Apartment,1,RENT,925,78000,72000,1,2025-07-26,2025-08-13,2025-08-22,REMOVED,98,3
LST-001678,AGT-012,LOC-028,Villa,5,RENT,6920,497000,497000,0,2025-07-26,2025-08-24,2025-09-05,REMOVED,148,3
LST-001679,AGT-069,LOC-013,Villa,4,SALE,3605,7610000,7610000,0,2025-07-26,2025-08-10,2025-08-30,REMOVED,234,3
LST-001680,AGT-067,LOC-009,Townhouse,3,SALE,2415,2665000,2665000,0,2025-07-26,2025-11-24,2026-01-16,REMOVED,655,12
LST-001681,AGT-057,LOC-005,Apartment,2,SALE,1375,5465000,5465000,0,2025-07-27,2025-07-31,2025-09-17,REMOVED,318,5
LST-001682,AGT-064,LOC-003,Apartment,3,SALE,2090,5965000,5965000,0,2025-07-27,2025-10-25,2025-12-20,REMOVED,2290,60
LST-001683,AGT-038,LOC-015,Villa,3,RENT,2930,260000,260000,0,2025-07-27,2025-08-04,2025-08-16,REMOVED,353,12
LST-001684,AGT-081,LOC-026,Apartment,1,RENT,790,85000,85000,0,2025-07-28,2025-08-13,2025-08-25,REMOVED,386,13
LST-001685,AGT-048,LOC-013,Villa,5,RENT,6385,708000,657000,1,2025-07-28,2025-08-09,2025-08-18,REMOVED,231,8
LST-001686,AGT-038,LOC-009,Apartment,4,SALE,2625,2930000,2485000,3,2025-07-28,2025-10-29,2025-12-01,REMOVED,473,8
LST-001687,AGT-110,LOC-022,Villa,5,RENT,6970,567000,567000,0,2025-07-28,2025-07-29,2025-10-09,REMOVED,396,6
LST-001688,AGT-045,LOC-018,Apartment,2,SALE,1255,1430000,1330000,1,2025-07-28,2026-03-25,2026-07-28,EXPIRED,1491,21
LST-001689,AGT-010,LOC-023,Apartment,3,SALE,1555,1975000,1975000,0,2025-07-28,2025-08-01,2025-09-17,REMOVED,386,10
LST-001690,AGT-044,LOC-026,Apartment,2,RENT,1445,120000,120000,0,2025-07-28,2025-08-07,2025-08-08,REMOVED,292,14
LST-001691,AGT-028,LOC-001,Apartment,1,SALE,640,1300000,1300000,0,2025-07-28,2025-10-13,2025-10-24,REMOVED,1336,41
LST-001692,AGT-087,LOC-012,Apartment,1,RENT,745,74000,74000,0,2025-07-28,2025-08-07,2025-08-07,REMOVED,91,3
LST-001693,AGT-051,LOC-004,Apartment,2,RENT,1235,210000,198000,1,2025-07-28,2025-08-16,2025-08-20,REMOVED,203,3
LST-001694,AGT-067,LOC-010,Apartment,2,RENT,1215,127000,127000,0,2025-07-28,2025-08-17,2025-11-17,EXPIRED,408,6
LST-001695,AGT-113,LOC-001,Apartment,3,SALE,1730,3345000,3345000,0,2025-07-28,2025-08-08,2025-08-30,REMOVED,441,8
LST-001696,AGT-070,LOC-005,Apartment,1,RENT,925,189000,189000,0,2025-07-28,2025-09-04,2025-09-13,REMOVED,283,6
LST-001697,AGT-080,LOC-028,Villa,5,RENT,6280,419000,419000,0,2025-07-28,2025-08-06,2025-08-13,REMOVED,112,3
LST-001698,AGT-074,LOC-003,Apartment,1,SALE,945,3095000,3000000,1,2025-07-28,2026-02-03,2026-02-10,EXPIRED,1533,31
LST-001699,AGT-030,LOC-018,Apartment,1,SALE,690,635000,635000,0,2025-07-28,2025-10-25,2025-11-09,REMOVED,525,15
LST-001700,AGT-027,LOC-021,Apartment,1,SALE,600,735000,610000,3,2025-07-28,2025-10-07,2025-10-08,REMOVED,173,3
LST-001701,AGT-052,LOC-029,Apartment,0,SALE,425,280000,280000,0,2025-07-28,2025-08-04,2025-11-18,REMOVED,385,9
LST-001702,AGT-060,LOC-001,Apartment,1,SALE,710,1345000,1345000,0,2025-07-28,2025-08-18,2025-08-25,REMOVED,486,15
LST-001703,AGT-106,LOC-009,Apartment,2,RENT,1245,111000,111000,0,2025-07-28,2025-08-04,2025-08-16,REMOVED,96,2
LST-001704,AGT-117,LOC-020,Apartment,1,RENT,635,77000,77000,0,2025-07-29,2025-08-16,2025-08-31,REMOVED,232,5
LST-001705,AGT-060,LOC-021,Apartment,2,RENT,1335,102000,102000,0,2025-07-29,2025-07-29,2025-08-26,REMOVED,190,5
LST-001706,AGT-044,LOC-007,Apartment,4,SALE,2410,4290000,4290000,0,2025-07-29,2025-08-20,2025-09-16,REMOVED,290,7
LST-001707,AGT-047,LOC-025,Townhouse,3,RENT,2245,169000,169000,0,2025-07-29,2025-08-02,2025-08-13,REMOVED,151,5
LST-001708,AGT-037,LOC-026,Apartment,0,RENT,450,59000,59000,0,2025-07-29,2025-08-17,2025-09-09,REMOVED,265,7
LST-001709,AGT-067,LOC-022,Apartment,3,SALE,1855,2485000,2485000,0,2025-07-29,2025-10-25,2025-10-29,REMOVED,597,10
LST-001710,AGT-019,LOC-019,Apartment,2,SALE,1370,1270000,1270000,0,2025-07-29,2025-08-04,2025-09-10,REMOVED,173,5
LST-001711,AGT-025,LOC-001,Apartment,2,SALE,1420,2670000,2670000,0,2025-07-29,2025-08-08,2025-08-15,EXPIRED,270,6
LST-001712,AGT-069,LOC-031,Apartment,1,SALE,905,1070000,995000,2,2025-07-29,2025-11-24,2026-07-29,EXPIRED,736,10
LST-001713,AGT-025,LOC-018,Apartment,1,RENT,825,61000,58000,1,2025-07-29,2025-08-28,2025-09-04,REMOVED,288,6
LST-001714,AGT-023,LOC-001,Apartment,2,SALE,1480,3105000,2895000,1,2025-07-29,2025-10-21,2026-01-26,EXPIRED,1100,21
LST-001715,AGT-018,LOC-007,Apartment,1,SALE,920,2140000,2140000,0,2025-07-29,2025-08-26,2025-09-18,REMOVED,276,5
LST-001716,AGT-021,LOC-008,Apartment,2,RENT,1455,166000,166000,0,2025-07-29,2025-08-20,2025-08-24,REMOVED,247,5
LST-001717,AGT-064,LOC-022,Villa,4,RENT,4265,342000,342000,0,2025-07-30,2025-07-30,2025-09-11,REMOVED,428,10
LST-001718,AGT-080,LOC-028,Villa,7,SALE,10985,10815000,10420000,1,2025-07-30,2025-08-17,2025-08-21,REMOVED,121,3
LST-001719,AGT-040,LOC-031,Apartment,4,RENT,2500,152000,152000,0,2025-07-30,2025-07-30,2025-08-08,EXPIRED,84,2
LST-001720,AGT-045,LOC-002,Apartment,3,SALE,1860,4320000,4320000,0,2025-07-30,2025-08-21,2025-12-04,REMOVED,899,13
LST-001721,AGT-033,LOC-017,Villa,5,SALE,6305,7440000,7440000,0,2025-07-30,2025-08-31,2025-10-15,REMOVED,479,12
LST-001722,AGT-005,LOC-023,Apartment,0,RENT,480,48000,48000,0,2025-07-30,2025-07-31,2025-09-07,EXPIRED,379,9
LST-001723,AGT-071,LOC-029,Apartment,2,RENT,1325,61000,61000,0,2025-07-30,2025-08-04,2025-08-19,REMOVED,290,8
LST-001724,AGT-066,LOC-001,Apartment,2,RENT,1155,122000,122000,0,2025-07-30,2025-08-25,2025-08-27,EXPIRED,166,5
LST-001725,AGT-018,LOC-029,Villa,4,SALE,4770,2915000,2625000,2,2025-07-30,2025-08-12,2026-06-16,REMOVED,1932,35
LST-001726,AGT-035,LOC-013,Villa,4,SALE,4675,9825000,9825000,0,2025-07-30,2025-09-15,2025-09-25,REMOVED,320,6
LST-001727,AGT-050,LOC-025,Villa,4,SALE,4720,6500000,6500000,0,2025-07-30,2025-08-27,2025-10-09,REMOVED,494,10
LST-001728,AGT-059,LOC-006,Villa,7,SALE,12570,54115000,54115000,0,2025-07-30,2025-09-30,2025-10-06,REMOVED,419,8
LST-001729,AGT-056,LOC-031,Apartment,1,SALE,645,660000,660000,0,2025-07-30,2025-10-01,2025-12-17,EXPIRED,475,11
LST-001730,AGT-117,LOC-019,Apartment,3,SALE,1720,1255000,1255000,0,2025-07-31,2025-09-10,2025-09-10,REMOVED,323,10
LST-001731,AGT-090,LOC-002,Apartment,3,RENT,1670,228000,200000,2,2025-07-31,2025-08-31,2025-09-30,EXPIRED,363,6
LST-001732,AGT-024,LOC-010,Apartment,2,SALE,1305,1825000,1735000,1,2025-07-31,2025-08-01,2025-10-27,REMOVED,260,4
LST-001733,AGT-026,LOC-013,Villa,3,SALE,2505,5610000,5610000,0,2025-07-31,2025-08-28,2025-09-14,REMOVED,271,6
LST-001734,AGT-020,LOC-011,Apartment,1,RENT,630,76000,67000,2,2025-07-31,2025-08-06,2025-10-19,REMOVED,365,6
LST-001735,AGT-025,LOC-033,Apartment,1,SALE,740,805000,805000,0,2025-07-31,2025-08-19,2025-08-23,REMOVED,199,7
LST-001736,AGT-096,LOC-007,Apartment,1,SALE,820,1450000,1450000,0,2025-07-31,2025-09-05,2025-09-05,EXPIRED,353,10
LST-001737,AGT-105,LOC-016,Villa,5,RENT,6995,586000,586000,0,2025-07-31,2025-08-18,2025-09-19,REMOVED,386,10
LST-001738,AGT-107,LOC-023,Apartment,2,RENT,1145,88000,88000,0,2025-07-31,2025-08-13,2025-08-22,REMOVED,459,22
LST-001739,AGT-090,LOC-013,Villa,5,SALE,6225,12480000,11715000,1,2025-07-31,2025-08-23,2025-09-08,REMOVED,201,3
LST-001740,AGT-038,LOC-010,Apartment,2,SALE,1350,1555000,1555000,0,2025-07-31,2025-08-03,2025-09-10,REMOVED,146,3
LST-001741,AGT-102,LOC-001,Apartment,1,RENT,775,81000,81000,0,2025-07-31,2025-08-23,2025-09-29,EXPIRED,689,21
LST-001742,AGT-102,LOC-029,Villa,5,RENT,6790,296000,260000,2,2025-08-01,2025-08-07,2025-10-10,REMOVED,373,6
LST-001743,AGT-031,LOC-033,Apartment,1,SALE,785,935000,935000,0,2025-08-01,2025-09-11,2025-10-10,EXPIRED,568,16
LST-001744,AGT-112,LOC-011,Apartment,3,SALE,1945,2350000,2350000,0,2025-08-01,2025-08-29,2025-09-09,REMOVED,505,14
LST-001745,AGT-056,LOC-031,Apartment,2,SALE,1315,1415000,1205000,3,2025-08-01,2026-02-05,2026-05-13,REMOVED,759,13
LST-001746,AGT-005,LOC-018,Apartment,0,RENT,330,28000,28000,0,2025-08-01,2025-08-01,2025-08-15,REMOVED,104,2
LST-001747,AGT-108,LOC-012,Apartment,1,RENT,805,102000,96000,1,2025-08-01,2025-08-27,2025-09-16,REMOVED,239,3
LST-001748,AGT-012,LOC-028,Villa,4,SALE,4805,4450000,4450000,0,2025-08-01,2025-08-23,2025-09-09,REMOVED,392,13
LST-001749,AGT-053,LOC-003,Apartment,2,RENT,1170,175000,175000,0,2025-08-01,2025-08-12,2025-09-08,REMOVED,355,9
LST-001750,AGT-011,LOC-023,Apartment,2,RENT,1320,124000,124000,0,2025-08-02,2025-08-13,2025-08-18,REMOVED,180,4
LST-001751,AGT-074,LOC-001,Apartment,0,RENT,480,58000,58000,0,2025-08-02,2025-12-14,2025-12-20,REMOVED,1058,27
LST-001752,AGT-016,LOC-009,Apartment,1,SALE,810,990000,990000,0,2025-08-02,2025-09-18,2025-12-03,EXPIRED,538,10
LST-001753,AGT-074,LOC-001,Apartment,0,RENT,350,39000,39000,0,2025-08-03,2025-08-10,2025-08-13,REMOVED,257,7
LST-001754,AGT-005,LOC-023,Apartment,2,RENT,1440,127000,127000,0,2025-08-03,2025-10-20,2025-10-26,EXPIRED,412,7
LST-001755,AGT-112,LOC-018,Apartment,2,SALE,1230,1195000,1195000,0,2025-08-03,2025-08-19,2025-09-20,EXPIRED,270,7
LST-001756,AGT-085,LOC-010,Apartment,0,SALE,345,525000,455000,3,2025-08-03,2025-11-30,2025-12-26,EXPIRED,300,4
LST-001757,AGT-100,LOC-023,Apartment,3,SALE,1575,2355000,2355000,0,2025-08-04,2025-12-17,2026-02-02,REMOVED,371,5
LST-001758,AGT-107,LOC-010,Townhouse,5,RENT,4135,306000,306000,0,2025-08-04,2025-10-09,2025-10-12,REMOVED,392,10
LST-001759,AGT-018,LOC-022,Villa,4,SALE,3520,5150000,5150000,0,2025-08-04,2025-10-24,2025-12-12,REMOVED,697,10
LST-001760,AGT-005,LOC-025,Apartment,1,SALE,880,1380000,1380000,0,2025-08-04,2025-08-09,2025-09-08,REMOVED,148,3
LST-001761,AGT-035,LOC-009,Apartment,3,RENT,2000,166000,166000,0,2025-08-04,2025-08-05,2025-08-12,REMOVED,88,3
LST-001762,AGT-070,LOC-022,Villa,4,RENT,4915,414000,414000,0,2025-08-04,2025-09-18,2025-10-09,REMOVED,518,10
LST-001763,AGT-018,LOC-004,Apartment,1,RENT,620,93000,93000,0,2025-08-04,2025-08-07,2025-08-07,REMOVED,71,2
LST-001764,AGT-014,LOC-026,Apartment,1,SALE,775,1390000,1360000,1,2025-08-04,2025-08-09,2025-09-22,EXPIRED,368,7
LST-001765,AGT-029,LOC-008,Penthouse,3,RENT,3070,502000,489000,1,2025-08-05,2025-08-18,2025-10-07,REMOVED,239,4
LST-001766,AGT-063,LOC-002,Apartment,3,SALE,1500,3220000,3220000,0,2025-08-05,2025-08-12,2025-10-08,REMOVED,523,16
LST-001767,AGT-011,LOC-017,Townhouse,3,SALE,2655,2960000,2960000,0,2025-08-05,2025-08-13,2025-09-25,REMOVED,276,6
LST-001768,AGT-119,LOC-022,Villa,4,SALE,3795,5020000,5020000,0,2025-08-05,2025-09-01,2025-09-18,REMOVED,322,6
LST-001769,AGT-087,LOC-001,Apartment,1,SALE,790,1635000,1635000,0,2025-08-06,2025-08-14,2025-08-17,REMOVED,93,3
LST-001770,AGT-013,LOC-001,Penthouse,3,SALE,3395,9715000,9180000,1,2025-08-06,2025-08-16,2025-12-31,REMOVED,1988,29
LST-001771,AGT-069,LOC-028,Townhouse,3,SALE,2510,2650000,2650000,0,2025-08-06,2025-09-15,2025-11-01,EXPIRED,445,8
LST-001772,AGT-101,LOC-013,Townhouse,2,RENT,1450,181000,181000,0,2025-08-06,2025-08-20,2025-08-23,EXPIRED,312,6
LST-001773,AGT-019,LOC-014,Apartment,1,RENT,875,126000,126000,0,2025-08-06,2025-08-22,2025-08-22,REMOVED,126,3
LST-001774,AGT-070,LOC-010,Apartment,0,SALE,335,400000,400000,0,2025-08-06,2025-11-27,2026-01-13,REMOVED,1396,29
LST-001775,AGT-050,LOC-026,Apartment,4,SALE,2460,3820000,3820000,0,2025-08-06,2025-10-16,2025-12-30,REMOVED,696,15
LST-001776,AGT-004,LOC-004,Apartment,1,SALE,650,1920000,1920000,0,2025-08-07,2025-09-08,2025-09-17,REMOVED,254,4
LST-001777,AGT-080,LOC-013,Villa,4,SALE,3705,7775000,7775000,0,2025-08-07,2025-09-13,2025-09-28,REMOVED,263,5
LST-001778,AGT-035,LOC-022,Villa,3,SALE,2510,3660000,3660000,0,2025-08-08,2025-12-01,2025-12-18,REMOVED,653,12
LST-001779,AGT-031,LOC-009,Apartment,4,RENT,2645,249000,249000,0,2025-08-08,2025-08-14,2025-08-27,REMOVED,212,4
LST-001780,AGT-070,LOC-005,Penthouse,4,RENT,5250,1211000,1211000,0,2025-08-08,2025-08-28,2025-09-29,REMOVED,525,17
LST-001781,AGT-055,LOC-020,Townhouse,4,RENT,2730,262000,248000,1,2025-08-08,2025-08-10,2025-10-13,REMOVED,185,3
LST-001782,AGT-028,LOC-013,Villa,5,SALE,5610,11295000,11295000,0,2025-08-08,2025-08-10,2025-09-22,EXPIRED,292,5
LST-001783,AGT-018,LOC-003,Apartment,1,SALE,670,1870000,1870000,0,2025-08-08,2025-09-04,2025-09-12,EXPIRED,340,11
LST-001784,AGT-012,LOC-010,Townhouse,4,SALE,3020,3495000,3495000,0,2025-08-08,2025-08-27,2026-07-19,EXPIRED,1306,25
LST-001785,AGT-012,LOC-030,Villa,3,SALE,2720,1560000,1560000,0,2025-08-08,2025-08-23,2025-09-12,EXPIRED,166,5
LST-001786,AGT-055,LOC-028,Townhouse,3,SALE,2195,2225000,2225000,0,2025-08-08,2025-09-15,2025-10-01,REMOVED,275,7
LST-001787,AGT-026,LOC-015,Villa,4,SALE,4955,8745000,7725000,2,2025-08-08,2025-08-29,2025-09-22,REMOVED,261,5
LST-001788,AGT-102,LOC-026,Apartment,2,RENT,1320,137000,137000,0,2025-08-08,2025-08-13,2025-08-14,REMOVED,118,4
LST-001789,AGT-025,LOC-003,Apartment,2,SALE,1120,3200000,3200000,0,2025-08-08,2025-12-11,2026-03-06,REMOVED,1646,29
LST-001790,AGT-012,LOC-032,Apartment,4,RENT,2640,166000,166000,0,2025-08-09,2025-08-21,2025-08-28,REMOVED,182,6
LST-001791,AGT-020,LOC-006,Villa,4,SALE,4145,19210000,19210000,0,2025-08-09,2025-09-14,2026-02-20,REMOVED,1684,45
LST-001792,AGT-090,LOC-001,Penthouse,3,SALE,3890,10775000,10775000,0,2025-08-09,2025-09-09,2026-05-30,REMOVED,2809,64
LST-001793,AGT-029,LOC-008,Apartment,3,SALE,1935,3145000,3145000,0,2025-08-09,2025-08-26,2025-09-22,REMOVED,239,5
LST-001794,AGT-059,LOC-005,Apartment,2,RENT,1495,320000,310000,1,2025-08-10,2025-08-28,2025-09-10,REMOVED,341,7
LST-001795,AGT-030,LOC-013,Townhouse,3,RENT,2520,309000,309000,0,2025-08-10,2025-08-20,2025-08-23,REMOVED,96,3
LST-001796,AGT-092,LOC-025,Townhouse,2,SALE,1500,2260000,2190000,1,2025-08-10,2025-09-02,2025-12-07,REMOVED,504,10
LST-001797,AGT-004,LOC-028,Villa,6,SALE,8800,7530000,7530000,0,2025-08-10,2025-08-16,2025-09-14,REMOVED,185,5
LST-001798,AGT-054,LOC-018,Apartment,1,SALE,900,970000,970000,0,2025-08-11,2026-03-02,2026-08-11,REMOVED,1943,44
LST-001799,AGT-092,LOC-021,Apartment,1,RENT,880,79000,79000,0,2025-08-11,2025-08-19,2025-09-27,REMOVED,443,10
LST-001800,AGT-070,LOC-029,Apartment,1,SALE,655,415000,415000,0,2025-08-11,2025-08-22,2025-10-11,REMOVED,274,5
LST-001801,AGT-114,LOC-030,Villa,6,RENT,7385,256000,256000,0,2025-08-11,2025-08-15,2025-08-18,EXPIRED,68,1
LST-001802,AGT-070,LOC-031,Apartment,2,SALE,1065,1025000,935000,2,2025-08-11,2025-12-05,2025-12-07,EXPIRED,461,11
LST-001803,AGT-040,LOC-008,Apartment,1,RENT,930,104000,104000,0,2025-08-11,2025-08-16,2025-10-02,EXPIRED,721,21
LST-001804,AGT-061,LOC-032,Apartment,3,SALE,1825,1350000,1350000,0,2025-08-11,2025-08-21,2025-09-04,REMOVED,118,3
LST-001805,AGT-046,LOC-005,Apartment,1,SALE,755,3030000,2715000,2,2025-08-11,2025-09-01,2025-11-16,REMOVED,319,6
LST-001806,AGT-038,LOC-017,Villa,6,SALE,8830,9680000,9680000,0,2025-08-12,2026-05-14,2026-08-12,REMOVED,1702,33
LST-001807,AGT-074,LOC-029,Villa,3,SALE,3235,1805000,1805000,0,2025-08-12,2025-08-12,2025-09-13,REMOVED,261,10
LST-001808,AGT-096,LOC-004,Apartment,2,SALE,1360,3805000,3805000,0,2025-08-12,2025-12-07,2026-08-12,REMOVED,2440,42
LST-001809,AGT-050,LOC-021,Apartment,0,RENT,390,32000,27000,2,2025-08-12,2025-09-28,2025-09-28,EXPIRED,506,18
LST-001810,AGT-024,LOC-003,Apartment,2,SALE,1260,3615000,3615000,0,2025-08-12,2025-08-14,2025-08-26,REMOVED,195,6
LST-001811,AGT-059,LOC-018,Apartment,2,SALE,1135,1050000,1050000,0,2025-08-12,2025-12-20,2026-01-06,EXPIRED,1465,32
LST-001812,AGT-056,LOC-002,Penthouse,3,RENT,3130,655000,655000,0,2025-08-12,2025-08-23,2025-09-21,EXPIRED,282,5
LST-001813,AGT-051,LOC-003,Penthouse,2,SALE,2270,10915000,10520000,1,2025-08-13,2025-09-09,2026-01-25,REMOVED,1316,19
LST-001814,AGT-026,LOC-005,Apartment,1,SALE,940,2600000,2600000,0,2025-08-13,2025-08-23,2025-09-07,REMOVED,503,20
LST-001815,AGT-091,LOC-021,Apartment,1,RENT,610,52000,52000,0,2025-08-13,2025-08-16,2025-09-02,EXPIRED,130,4
LST-001816,AGT-075,LOC-009,Apartment,0,RENT,465,50000,50000,0,2025-08-13,2025-08-20,2025-08-27,REMOVED,100,3
LST-001817,AGT-002,LOC-014,Apartment,3,SALE,2060,4230000,4230000,0,2025-08-13,2025-09-03,2026-04-30,EXPIRED,1039,28
LST-001818,AGT-088,LOC-016,Villa,5,SALE,5170,7620000,7620000,0,2025-08-13,2025-08-28,2025-08-29,EXPIRED,94,2
LST-001819,AGT-096,LOC-031,Apartment,3,SALE,1915,1780000,1780000,0,2025-08-13,2025-12-31,2026-03-09,EXPIRED,1309,31
LST-001820,AGT-070,LOC-005,Apartment,2,RENT,1080,250000,234000,1,2025-08-14,2025-10-04,2025-10-14,REMOVED,610,11
LST-001821,AGT-097,LOC-024,Apartment,0,SALE,440,690000,665000,1,2025-08-14,2025-09-02,2026-03-12,REMOVED,723,10
LST-001822,AGT-075,LOC-012,Apartment,2,SALE,1000,1285000,1285000,0,2025-08-14,2026-06-10,2026-08-14,REMOVED,1869,53
LST-001823,AGT-092,LOC-009,Apartment,1,SALE,790,970000,970000,0,2025-08-14,2025-08-19,2026-01-03,REMOVED,1183,30
LST-001824,AGT-119,LOC-018,Apartment,3,RENT,2105,145000,145000,0,2025-08-14,2025-09-10,2025-09-12,REMOVED,197,4
LST-001825,AGT-038,LOC-001,Apartment,1,RENT,685,91000,85000,1,2025-08-14,2025-08-30,2025-09-19,EXPIRED,329,3
LST-001826,AGT-101,LOC-020,Apartment,4,RENT,2875,273000,273000,0,2025-08-14,2025-09-24,2025-10-09,REMOVED,420,8
LST-001827,AGT-055,LOC-029,Villa,3,SALE,3140,1900000,1900000,0,2025-08-14,2025-09-09,2025-11-22,EXPIRED,677,14
LST-001828,AGT-073,LOC-008,Apartment,1,SALE,840,1540000,1540000,0,2025-08-14,2025-08-19,2025-09-25,REMOVED,263,7
LST-001829,AGT-040,LOC-018,Apartment,2,SALE,1130,1235000,1235000,0,2025-08-14,2025-11-09,2025-11-17,REMOVED,745,14
LST-001830,AGT-087,LOC-002,Apartment,1,SALE,910,2335000,2195000,1,2025-08-14,2025-12-24,2026-01-18,EXPIRED,833,16
LST-001831,AGT-075,LOC-021,Apartment,3,RENT,2140,168000,168000,0,2025-08-14,2025-08-21,2025-08-24,EXPIRED,57,1
LST-001832,AGT-069,LOC-010,Apartment,2,SALE,1115,1060000,1060000,0,2025-08-14,2025-10-04,2025-10-07,REMOVED,511,21
LST-001833,AGT-033,LOC-003,Penthouse,4,SALE,5525,24830000,21795000,2,2025-08-14,2025-12-03,2026-01-16,EXPIRED,782,13
LST-001834,AGT-015,LOC-012,Apartment,0,RENT,345,39000,39000,0,2025-08-14,2025-08-23,2025-08-31,REMOVED,138,3
LST-001835,AGT-114,LOC-008,Apartment,2,SALE,1370,2180000,2180000,0,2025-08-14,2025-09-02,2025-10-03,REMOVED,725,17
LST-001836,AGT-012,LOC-015,Townhouse,4,SALE,2895,4910000,4910000,0,2025-08-14,2025-10-31,2025-11-13,REMOVED,475,6
LST-001837,AGT-090,LOC-001,Apartment,2,RENT,1315,151000,144000,1,2025-08-14,2025-09-12,2025-09-19,EXPIRED,641,18
LST-001838,AGT-016,LOC-004,Apartment,0,SALE,375,940000,940000,0,2025-08-14,2025-08-16,2025-08-30,REMOVED,225,9
LST-001839,AGT-028,LOC-001,Apartment,2,RENT,1260,143000,143000,0,2025-08-14,2025-08-15,2025-09-22,REMOVED,453,12
LST-001840,AGT-019,LOC-001,Apartment,0,SALE,510,1030000,1030000,0,2025-08-14,2026-01-04,2026-05-04,EXPIRED,2848,106
LST-001841,AGT-105,LOC-006,Villa,4,SALE,4730,27000000,23755000,3,2025-08-15,2025-12-26,2026-01-10,REMOVED,1225,15
LST-001842,AGT-037,LOC-010,Townhouse,2,SALE,1490,1735000,1735000,0,2025-08-15,2025-08-17,2026-01-04,REMOVED,682,14
LST-001843,AGT-071,LOC-017,Villa,3,RENT,2850,219000,219000,0,2025-08-15,2025-09-03,2025-09-26,REMOVED,292,6
LST-001844,AGT-080,LOC-011,Apartment,3,SALE,1715,2525000,2395000,1,2025-08-15,2025-09-19,2025-09-21,REMOVED,140,4
LST-001845,AGT-092,LOC-009,Apartment,1,SALE,850,940000,875000,1,2025-08-15,2025-10-15,2025-11-21,EXPIRED,527,19
LST-001846,AGT-069,LOC-013,Villa,5,SALE,6355,12535000,12535000,0,2025-08-15,2025-09-17,2025-10-17,EXPIRED,493,10
LST-001847,AGT-055,LOC-020,Apartment,3,SALE,2135,2715000,2715000,0,2025-08-15,2025-08-17,2026-07-11,REMOVED,1286,24
LST-001848,AGT-050,LOC-004,Apartment,3,SALE,1860,6165000,5955000,1,2025-08-15,2025-10-13,2026-02-10,REMOVED,814,11
LST-001849,AGT-071,LOC-029,Villa,3,RENT,3000,137000,137000,0,2025-08-15,2025-08-27,2025-09-07,REMOVED,207,5
LST-001850,AGT-064,LOC-014,Apartment,1,SALE,870,1545000,1545000,0,2025-08-15,2025-08-26,2025-09-15,REMOVED,264,12
LST-001851,AGT-103,LOC-009,Apartment,1,RENT,865,84000,84000,0,2025-08-15,2025-10-03,2026-02-12,EXPIRED,515,12
LST-001852,AGT-064,LOC-003,Apartment,0,SALE,515,1580000,1580000,0,2025-08-16,2025-09-15,2025-09-19,REMOVED,602,14
LST-001853,AGT-105,LOC-004,Apartment,3,RENT,1550,194000,194000,0,2025-08-16,2025-11-05,2025-12-17,REMOVED,2655,80
LST-001854,AGT-038,LOC-017,Villa,7,SALE,10215,11035000,10375000,1,2025-08-16,2025-09-13,2025-09-22,REMOVED,264,6
LST-001855,AGT-070,LOC-031,Apartment,3,RENT,1905,141000,141000,0,2025-08-16,2025-08-23,2025-09-23,EXPIRED,220,6
LST-001856,AGT-033,LOC-003,Penthouse,5,RENT,6765,1373000,1373000,0,2025-08-16,2025-09-04,2025-09-24,REMOVED,324,7
LST-001857,AGT-018,LOC-010,Townhouse,3,RENT,2595,221000,221000,0,2025-08-16,2025-10-20,2025-10-22,REMOVED,299,4
LST-001858,AGT-050,LOC-012,Apartment,2,SALE,1415,2010000,2010000,0,2025-08-17,2025-08-30,2026-01-15,REMOVED,714,15
LST-001859,AGT-059,LOC-014,Apartment,1,RENT,680,94000,91000,1,2025-08-17,2025-09-27,2025-09-28,REMOVED,212,4
LST-001860,AGT-064,LOC-003,Apartment,2,RENT,1065,190000,190000,0,2025-08-17,2025-09-11,2025-09-18,REMOVED,176,3
LST-001861,AGT-068,LOC-020,Apartment,2,RENT,1265,138000,127000,2,2025-08-17,2026-02-06,2026-05-15,REMOVED,1289,33
LST-001862,AGT-005,LOC-007,Apartment,2,SALE,1205,2405000,2405000,0,2025-08-17,2025-08-20,2025-11-02,REMOVED,371,8
LST-001863,AGT-037,LOC-007,Apartment,0,SALE,420,890000,890000,0,2025-08-17,2025-09-12,2025-09-30,REMOVED,263,5
LST-001864,AGT-033,LOC-027,Apartment,1,SALE,690,2235000,2235000,0,2025-08-17,2025-09-28,2025-10-19,EXPIRED,472,9
LST-001865,AGT-024,LOC-015,Villa,5,RENT,6830,597000,597000,0,2025-08-17,2025-09-03,2025-09-06,EXPIRED,153,3
LST-001866,AGT-069,LOC-013,Villa,7,RENT,12515,1553000,1553000,0,2025-08-18,2025-08-25,2025-09-03,EXPIRED,116,2
LST-001867,AGT-023,LOC-020,Apartment,1,RENT,650,77000,68000,2,2025-08-18,2025-10-01,2025-10-12,REMOVED,244,5
LST-001868,AGT-019,LOC-013,Villa,5,SALE,6775,13285000,13285000,0,2025-08-18,2025-08-20,2025-12-29,REMOVED,822,24
LST-001869,AGT-100,LOC-029,Villa,5,RENT,6435,249000,225000,2,2025-08-18,2025-09-30,2025-10-06,EXPIRED,310,7
LST-001870,AGT-119,LOC-018,Apartment,3,SALE,2060,1715000,1715000,0,2025-08-18,2025-10-22,2025-10-25,REMOVED,308,11
LST-001871,AGT-027,LOC-021,Apartment,2,RENT,1250,133000,125000,1,2025-08-18,2025-09-06,2025-09-10,REMOVED,87,2
LST-001872,AGT-071,LOC-021,Apartment,3,RENT,2100,171000,162000,1,2025-08-18,2025-09-13,2025-09-24,EXPIRED,281,7
LST-001873,AGT-004,LOC-022,Townhouse,4,SALE,3100,3600000,3600000,0,2025-08-18,2025-08-28,2025-10-12,REMOVED,259,8
LST-001874,AGT-101,LOC-003,Apartment,3,SALE,2130,7315000,6515000,2,2025-08-18,2025-10-05,2025-11-24,REMOVED,286,4
LST-001875,AGT-040,LOC-006,Villa,4,RENT,4350,1142000,1142000,0,2025-08-18,2025-08-20,2025-09-04,REMOVED,254,4
LST-001876,AGT-105,LOC-001,Apartment,1,SALE,825,1780000,1780000,0,2025-08-18,2025-12-28,2026-04-06,REMOVED,2254,51
LST-001877,AGT-035,LOC-003,Penthouse,4,RENT,5025,1122000,1070000,1,2025-08-18,2025-08-30,2025-09-14,EXPIRED,239,5
LST-001878,AGT-028,LOC-029,Villa,3,SALE,3120,1820000,1820000,0,2025-08-19,2025-08-20,2025-11-29,EXPIRED,550,15
LST-001879,AGT-075,LOC-003,Apartment,3,SALE,1790,5225000,5225000,0,2025-08-19,2025-10-07,2025-11-20,REMOVED,470,11
LST-001880,AGT-028,LOC-002,Apartment,0,SALE,445,995000,995000,0,2025-08-19,2025-08-23,2025-08-27,EXPIRED,137,4
LST-001881,AGT-071,LOC-006,Villa,4,SALE,4190,18745000,18745000,0,2025-08-19,2025-09-14,2025-10-28,REMOVED,520,16
LST-001882,AGT-096,LOC-020,Apartment,1,SALE,635,900000,900000,0,2025-08-19,2025-08-28,2025-08-31,EXPIRED,63,1
LST-001883,AGT-026,LOC-006,Villa,7,RENT,12990,2758000,2528000,2,2025-08-19,2025-09-21,2025-09-30,REMOVED,753,13
LST-001884,AGT-059,LOC-025,Villa,5,RENT,5065,507000,507000,0,2025-08-19,2025-11-29,2026-03-29,REMOVED,737,11
LST-001885,AGT-070,LOC-005,Apartment,1,RENT,660,133000,133000,0,2025-08-19,2025-08-19,2025-08-26,EXPIRED,100,3
LST-001886,AGT-005,LOC-012,Apartment,3,SALE,1795,2580000,2205000,3,2025-08-20,2026-02-01,2026-02-24,REMOVED,1526,38
LST-001887,AGT-096,LOC-006,Villa,4,SALE,4605,22150000,19380000,2,2025-08-20,2025-09-20,2025-10-08,REMOVED,362,10
LST-001888,AGT-059,LOC-023,Apartment,3,RENT,1875,196000,182000,1,2025-08-20,2025-09-05,2025-10-22,REMOVED,368,5
LST-001889,AGT-120,LOC-032,Apartment,1,SALE,890,675000,675000,0,2025-08-20,2025-09-15,2025-09-22,REMOVED,350,14
LST-001890,AGT-028,LOC-029,Villa,4,RENT,4705,214000,197000,1,2025-08-20,2025-09-09,2025-09-16,REMOVED,227,4
LST-001891,AGT-026,LOC-026,Apartment,2,RENT,1090,129000,129000,0,2025-08-20,2025-08-24,2025-09-15,REMOVED,132,3
LST-001892,AGT-024,LOC-002,Penthouse,4,RENT,4435,680000,680000,0,2025-08-20,2025-08-28,2025-09-01,REMOVED,316,8
LST-001893,AGT-014,LOC-029,Villa,4,SALE,4435,3110000,2800000,2,2025-08-20,2025-11-06,2026-08-20,REMOVED,1135,17
LST-001894,AGT-092,LOC-023,Apartment,3,SALE,1650,2360000,2360000,0,2025-08-20,2025-08-31,2025-10-23,REMOVED,224,3
LST-001895,AGT-094,LOC-023,Apartment,1,RENT,850,88000,88000,0,2025-08-20,2025-08-26,2025-09-01,EXPIRED,82,2
LST-001896,AGT-090,LOC-010,Apartment,2,RENT,1050,98000,98000,0,2025-08-20,2025-10-30,2025-11-02,REMOVED,315,6
LST-001897,AGT-103,LOC-009,Apartment,0,SALE,450,605000,605000,0,2025-08-20,2025-10-02,2025-10-18,REMOVED,240,4
LST-001898,AGT-061,LOC-013,Townhouse,3,RENT,2625,303000,303000,0,2025-08-20,2025-08-28,2025-08-30,EXPIRED,148,4
LST-001899,AGT-023,LOC-029,Apartment,2,SALE,1010,725000,725000,0,2025-08-21,2025-09-24,2025-10-04,REMOVED,185,3
LST-001900,AGT-096,LOC-029,Apartment,2,SALE,1160,735000,735000,0,2025-08-21,2026-02-03,2026-02-03,EXPIRED,864,17
LST-001901,AGT-075,LOC-023,Apartment,0,SALE,375,635000,635000,0,2025-08-21,2025-09-27,2025-11-07,EXPIRED,546,10
LST-001902,AGT-051,LOC-003,Apartment,1,RENT,665,117000,117000,0,2025-08-21,2025-09-10,2025-10-06,EXPIRED,272,6
LST-001903,AGT-069,LOC-009,Apartment,1,RENT,740,75000,75000,0,2025-08-21,2025-10-17,2025-11-21,REMOVED,346,9
LST-001904,AGT-055,LOC-031,Apartment,3,SALE,2200,2245000,2245000,0,2025-08-21,2025-12-05,2026-02-04,EXPIRED,324,6
LST-001905,AGT-102,LOC-024,Apartment,0,SALE,360,555000,535000,1,2025-08-21,2026-01-05,2026-08-21,REMOVED,1672,31
LST-001906,AGT-064,LOC-025,Townhouse,2,RENT,1520,163000,152000,1,2025-08-22,2025-08-29,2025-09-14,REMOVED,124,1
LST-001907,AGT-030,LOC-024,Apartment,2,SALE,1040,1250000,1250000,0,2025-08-22,2025-09-04,2025-09-10,REMOVED,144,4
LST-001908,AGT-101,LOC-031,Apartment,0,RENT,435,40000,40000,0,2025-08-22,2025-08-23,2025-08-29,REMOVED,60,1
LST-001909,AGT-119,LOC-028,Townhouse,3,RENT,2025,160000,155000,1,2025-08-22,2025-08-23,2025-10-10,EXPIRED,239,5
LST-001910,AGT-012,LOC-014,Apartment,1,SALE,760,1740000,1740000,0,2025-08-22,2025-08-27,2025-11-04,EXPIRED,397,10
LST-001911,AGT-064,LOC-008,Apartment,0,RENT,395,56000,56000,0,2025-08-22,2025-09-27,2025-10-02,EXPIRED,185,2
LST-001912,AGT-070,LOC-016,Villa,5,SALE,6955,11055000,10280000,1,2025-08-22,2025-11-24,2025-12-06,EXPIRED,492,7
LST-001913,AGT-074,LOC-007,Apartment,1,RENT,625,102000,102000,0,2025-08-22,2025-08-27,2025-09-16,EXPIRED,290,6
LST-001914,AGT-027,LOC-023,Apartment,0,RENT,355,39000,39000,0,2025-08-22,2025-09-19,2025-09-29,EXPIRED,194,4
LST-001915,AGT-096,LOC-012,Apartment,2,SALE,1010,1695000,1695000,0,2025-08-22,2025-08-31,2025-12-04,REMOVED,403,7
LST-001916,AGT-012,LOC-028,Townhouse,3,SALE,2660,2735000,2735000,0,2025-08-22,2025-10-02,2025-10-12,EXPIRED,222,4
LST-001917,AGT-060,LOC-010,Apartment,3,SALE,1880,2475000,2360000,1,2025-08-22,2025-10-18,2025-11-24,EXPIRED,261,3
LST-001918,AGT-091,LOC-010,Apartment,2,RENT,1395,127000,127000,0,2025-08-22,2025-09-03,2025-09-05,REMOVED,122,3
LST-001919,AGT-045,LOC-007,Apartment,1,RENT,780,112000,112000,0,2025-08-22,2025-08-30,2025-09-14,REMOVED,101,3
LST-001920,AGT-103,LOC-009,Townhouse,4,RENT,3145,246000,246000,0,2025-08-22,2025-09-07,2025-09-07,REMOVED,145,4
LST-001921,AGT-067,LOC-010,Apartment,2,SALE,1485,1595000,1595000,0,2025-08-22,2025-09-02,2025-10-01,REMOVED,234,7
LST-001922,AGT-075,LOC-006,Villa,5,RENT,5065,1113000,1113000,0,2025-08-22,2025-09-02,2025-09-21,EXPIRED,443,15
LST-001923,AGT-071,LOC-014,Apartment,2,RENT,1330,206000,206000,0,2025-08-22,2025-09-18,2025-10-05,REMOVED,263,5
LST-001924,AGT-068,LOC-024,Apartment,3,SALE,2145,2710000,2710000,0,2025-08-23,2025-09-18,2025-11-30,EXPIRED,493,11
LST-001925,AGT-080,LOC-008,Apartment,1,SALE,680,1215000,1215000,0,2025-08-23,2025-09-08,2025-09-10,REMOVED,114,3
LST-001926,AGT-038,LOC-004,Apartment,1,RENT,805,155000,155000,0,2025-08-23,2025-09-09,2025-09-12,EXPIRED,223,4
LST-001927,AGT-026,LOC-023,Apartment,2,RENT,1405,117000,117000,0,2025-08-23,2025-09-16,2025-11-11,REMOVED,711,15
LST-001928,AGT-070,LOC-009,Apartment,2,RENT,1355,99000,99000,0,2025-08-23,2025-08-30,2025-09-11,REMOVED,151,5
LST-001929,AGT-067,LOC-009,Townhouse,3,RENT,1925,176000,176000,0,2025-08-23,2025-09-02,2026-01-11,REMOVED,599,10
LST-001930,AGT-023,LOC-014,Penthouse,5,SALE,6965,18285000,18285000,0,2025-08-23,2025-09-02,2025-09-12,REMOVED,132,3
LST-001931,AGT-114,LOC-007,Apartment,0,SALE,375,970000,970000,0,2025-08-24,2025-09-15,2026-01-01,REMOVED,670,10
LST-001932,AGT-031,LOC-001,Apartment,1,RENT,860,113000,113000,0,2025-08-24,2025-09-06,2025-09-23,REMOVED,254,4
LST-001933,AGT-028,LOC-018,Apartment,2,RENT,1440,120000,120000,0,2025-08-24,2025-09-08,2025-09-29,REMOVED,99,1
LST-001934,AGT-052,LOC-010,Townhouse,2,SALE,1710,1750000,1750000,0,2025-08-24,2025-09-08,2025-11-10,REMOVED,337,9
LST-001935,AGT-005,LOC-013,Townhouse,3,SALE,1995,4345000,4345000,0,2025-08-24,2025-09-25,2026-01-11,REMOVED,808,17
LST-001936,AGT-027,LOC-030,Apartment,3,SALE,1760,810000,810000,0,2025-08-24,2025-09-09,2025-11-14,REMOVED,926,26
LST-001937,AGT-005,LOC-007,Apartment,1,RENT,635,99000,99000,0,2025-08-24,2025-09-26,2026-03-09,EXPIRED,1447,27
LST-001938,AGT-014,LOC-018,Apartment,4,SALE,3035,2800000,2670000,1,2025-08-24,2025-10-03,2025-10-04,REMOVED,260,5
LST-001939,AGT-005,LOC-002,Apartment,1,RENT,695,86000,86000,0,2025-08-25,2025-08-26,2025-09-03,REMOVED,76,2
LST-001940,AGT-102,LOC-005,Apartment,2,SALE,1060,3850000,3850000,0,2025-08-25,2025-11-01,2025-11-20,REMOVED,657,15
LST-001941,AGT-053,LOC-017,Villa,3,SALE,3000,3880000,3445000,2,2025-08-25,2025-10-25,2026-01-26,REMOVED,1001,23
LST-001942,AGT-052,LOC-020,Apartment,2,RENT,1295,139000,134000,1,2025-08-25,2025-09-15,2025-09-16,EXPIRED,100,2
LST-001943,AGT-059,LOC-024,Apartment,2,RENT,1335,119000,119000,0,2025-08-25,2025-11-01,2025-11-03,REMOVED,456,10
LST-001944,AGT-100,LOC-023,Apartment,2,SALE,1280,1885000,1640000,2,2025-08-25,2025-09-22,2025-10-13,REMOVED,187,4
LST-001945,AGT-018,LOC-009,Townhouse,3,SALE,1915,2005000,2005000,0,2025-08-25,2025-08-29,2025-10-14,REMOVED,321,9
LST-001946,AGT-107,LOC-003,Apartment,3,RENT,1830,288000,288000,0,2025-08-25,2025-09-14,2025-10-04,REMOVED,463,9
LST-001947,AGT-107,LOC-023,Apartment,2,SALE,955,1485000,1485000,0,2025-08-25,2025-10-10,2025-10-10,REMOVED,271,5
LST-001948,AGT-005,LOC-018,Apartment,2,SALE,1405,1255000,1255000,0,2025-08-25,2025-09-15,2025-09-23,REMOVED,270,7
LST-001949,AGT-010,LOC-003,Apartment,1,RENT,835,140000,131000,2,2025-08-25,2025-09-24,2025-10-08,REMOVED,416,12
LST-001950,AGT-050,LOC-033,Apartment,2,RENT,1075,82000,80000,1,2025-08-25,2025-10-03,2025-10-06,REMOVED,212,3
LST-001951,AGT-107,LOC-007,Apartment,4,RENT,2440,382000,382000,0,2025-08-26,2025-10-02,2025-10-23,EXPIRED,229,4
LST-001952,AGT-088,LOC-003,Apartment,2,SALE,1225,3415000,3415000,0,2025-08-26,2025-08-30,2025-09-18,REMOVED,326,11
LST-001953,AGT-028,LOC-011,Apartment,1,SALE,685,945000,945000,0,2025-08-26,2025-10-16,2025-10-31,REMOVED,541,15
LST-001954,AGT-026,LOC-015,Villa,3,SALE,2980,4785000,4550000,1,2025-08-26,2025-09-06,2025-10-09,REMOVED,327,9
LST-001955,AGT-075,LOC-011,Apartment,1,SALE,650,1105000,1050000,1,2025-08-26,2025-11-28,2025-12-16,REMOVED,261,6
LST-001956,AGT-033,LOC-025,Villa,3,RENT,2505,233000,215000,1,2025-08-26,2025-09-12,2025-09-27,REMOVED,331,7
LST-001957,AGT-064,LOC-023,Apartment,2,SALE,1350,1835000,1835000,0,2025-08-26,2025-10-10,2026-01-13,REMOVED,875,22
LST-001958,AGT-005,LOC-005,Apartment,1,RENT,845,182000,182000,0,2025-08-26,2025-11-04,2025-11-04,REMOVED,760,12
LST-001959,AGT-093,LOC-017,Apartment,1,SALE,885,1170000,1170000,0,2025-08-27,2025-09-03,2025-09-07,EXPIRED,74,1
LST-001960,AGT-038,LOC-018,Apartment,1,RENT,860,69000,69000,0,2025-08-27,2025-08-31,2025-09-26,REMOVED,157,2
LST-001961,AGT-033,LOC-004,Apartment,2,SALE,1085,3305000,3305000,0,2025-08-27,2025-09-16,2025-10-01,EXPIRED,186,4
LST-001962,AGT-068,LOC-018,Apartment,3,SALE,1855,1645000,1645000,0,2025-08-27,2025-09-21,2025-10-31,EXPIRED,554,12
LST-001963,AGT-084,LOC-010,Apartment,1,RENT,830,93000,82000,2,2025-08-27,2025-08-30,2026-08-11,EXPIRED,1752,31
LST-001964,AGT-018,LOC-014,Apartment,2,SALE,1485,2570000,2570000,0,2025-08-27,2025-09-14,2025-12-08,EXPIRED,991,48
LST-001965,AGT-091,LOC-026,Apartment,1,RENT,615,78000,78000,0,2025-08-27,2025-09-14,2025-10-14,REMOVED,400,6
LST-001966,AGT-090,LOC-023,Apartment,1,RENT,700,76000,68000,2,2025-08-27,2026-01-26,2026-02-19,EXPIRED,1074,20
LST-001967,AGT-102,LOC-023,Apartment,3,RENT,1760,148000,148000,0,2025-08-27,2025-08-27,2025-08-30,REMOVED,64,2
LST-001968,AGT-117,LOC-009,Apartment,2,RENT,1060,112000,112000,0,2025-08-27,2025-09-30,2025-10-11,REMOVED,237,3
LST-001969,AGT-011,LOC-009,Apartment,0,SALE,355,545000,545000,0,2025-08-28,2025-09-03,2025-12-10,REMOVED,191,2
LST-001970,AGT-021,LOC-013,Townhouse,3,SALE,2115,3530000,3530000,0,2025-08-28,2025-08-29,2025-09-19,REMOVED,272,12
LST-001971,AGT-052,LOC-033,Apartment,4,SALE,2715,2960000,2860000,1,2025-08-28,2025-11-27,2026-04-18,EXPIRED,1408,27
LST-001972,AGT-101,LOC-008,Apartment,0,RENT,340,53000,50000,1,2025-08-28,2025-09-19,2025-09-23,REMOVED,86,1
LST-001973,AGT-038,LOC-021,Apartment,1,RENT,725,67000,67000,0,2025-08-28,2025-09-04,2025-09-04,EXPIRED,65,1
LST-001974,AGT-071,LOC-003,Apartment,2,SALE,1105,3265000,3265000,0,2025-08-28,2025-08-29,2025-09-21,REMOVED,175,4
LST-001975,AGT-002,LOC-024,Apartment,1,SALE,625,910000,910000,0,2025-08-28,2025-09-15,2025-09-21,EXPIRED,114,2
LST-001976,AGT-067,LOC-008,Apartment,1,RENT,820,102000,102000,0,2025-08-28,2025-09-07,2025-09-08,REMOVED,101,2
LST-001977,AGT-103,LOC-010,Apartment,1,SALE,730,1040000,980000,1,2025-08-28,2026-01-30,2026-02-24,REMOVED,582,7
LST-001978,AGT-088,LOC-025,Townhouse,4,RENT,2900,240000,240000,0,2025-08-28,2025-10-26,2025-12-27,EXPIRED,995,23
LST-001979,AGT-074,LOC-001,Penthouse,4,SALE,5035,13830000,13830000,0,2025-08-29,2025-09-18,2025-10-08,REMOVED,287,6
LST-001980,AGT-005,LOC-018,Apartment,0,SALE,420,460000,460000,0,2025-08-29,2025-10-09,2025-11-29,REMOVED,337,8
LST-001981,AGT-026,LOC-006,Villa,3,SALE,3185,17420000,16300000,2,2025-08-29,2026-06-19,2026-06-19,REMOVED,1530,29
LST-001982,AGT-021,LOC-028,Villa,6,RENT,7525,501000,501000,0,2025-08-29,2025-08-31,2025-09-05,REMOVED,73,2
LST-001983,AGT-040,LOC-006,Villa,5,RENT,6720,1769000,1660000,1,2025-08-29,2025-09-09,2025-09-26,REMOVED,121,2
LST-001984,AGT-035,LOC-018,Apartment,4,SALE,2925,3290000,3290000,0,2025-08-29,2025-12-06,2026-01-21,REMOVED,221,3
LST-001985,AGT-030,LOC-025,Apartment,2,SALE,1455,1800000,1800000,0,2025-08-29,2026-02-12,2026-02-18,REMOVED,1193,37
LST-001986,AGT-069,LOC-013,Villa,5,RENT,5385,645000,645000,0,2025-08-29,2025-09-11,2025-09-11,REMOVED,176,4
LST-001987,AGT-070,LOC-017,Villa,5,SALE,6375,8500000,8215000,1,2025-08-29,2025-09-10,2025-12-15,EXPIRED,259,5
LST-001988,AGT-064,LOC-003,Apartment,2,RENT,1135,225000,202000,2,2025-08-29,2025-10-28,2025-12-22,REMOVED,353,5
LST-001989,AGT-028,LOC-023,Apartment,0,RENT,445,45000,43000,1,2025-08-29,2025-09-15,2025-10-11,REMOVED,738,16
LST-001990,AGT-016,LOC-023,Apartment,3,SALE,2145,3220000,3220000,0,2025-08-30,2026-06-24,2026-06-25,EXPIRED,897,13
LST-001991,AGT-016,LOC-022,Villa,4,SALE,4395,6610000,6610000,0,2025-08-30,2026-01-02,2026-04-26,REMOVED,655,11
LST-001992,AGT-064,LOC-028,Villa,6,SALE,8865,8465000,8465000,0,2025-08-30,2025-10-29,2026-01-03,REMOVED,494,11
LST-001993,AGT-026,LOC-028,Villa,7,SALE,10845,11335000,10030000,2,2025-08-30,2025-09-03,2025-12-27,REMOVED,305,6
LST-001994,AGT-103,LOC-001,Apartment,2,RENT,1435,166000,166000,0,2025-08-30,2025-10-14,2025-10-26,EXPIRED,323,5
LST-001995,AGT-107,LOC-029,Villa,3,RENT,2620,104000,104000,0,2025-08-30,2025-09-17,2025-11-06,REMOVED,384,9
LST-001996,AGT-038,LOC-011,Apartment,1,RENT,615,61000,57000,1,2025-08-31,2025-09-06,2025-09-24,EXPIRED,158,4
LST-001997,AGT-108,LOC-014,Apartment,1,SALE,760,1565000,1565000,0,2025-08-31,2025-09-07,2025-09-16,REMOVED,178,4
LST-001998,AGT-019,LOC-011,Apartment,2,SALE,1010,1740000,1740000,0,2025-08-31,2025-11-22,2026-08-31,REMOVED,1143,14
LST-001999,AGT-074,LOC-002,Penthouse,4,RENT,4650,755000,755000,0,2025-08-31,2025-08-31,2025-09-08,REMOVED,176,6
LST-002000,AGT-107,LOC-009,Apartment,2,SALE,1305,1745000,1430000,3,2025-08-31,2025-10-29,2026-06-02,REMOVED,657,10
LST-002001,AGT-053,LOC-017,Villa,3,RENT,3465,239000,239000,0,2025-08-31,2025-09-02,2025-09-21,REMOVED,336,14
LST-002002,AGT-101,LOC-008,Apartment,1,SALE,795,1545000,1545000,0,2025-09-01,2025-09-07,2025-11-15,REMOVED,653,13
LST-002003,AGT-087,LOC-033,Apartment,3,SALE,1595,2030000,1970000,1,2025-09-01,2025-10-16,2026-02-25,EXPIRED,445,7
LST-002004,AGT-067,LOC-014,Apartment,1,RENT,920,120000,120000,0,2025-09-01,2025-09-21,2025-10-14,REMOVED,577,12
LST-002005,AGT-105,LOC-011,Apartment,2,SALE,1315,1870000,1870000,0,2025-09-01,2025-11-02,2025-11-06,REMOVED,369,10
LST-002006,AGT-023,LOC-032,Apartment,3,RENT,2155,165000,159000,1,2025-09-01,2025-10-03,2025-10-19,REMOVED,151,2
LST-002007,AGT-117,LOC-032,Apartment,2,RENT,1325,92000,92000,0,2025-09-01,2025-09-06,2025-09-11,EXPIRED,91,2
LST-002008,AGT-069,LOC-011,Apartment,2,RENT,1260,141000,130000,1,2025-09-01,2025-09-30,2025-09-30,REMOVED,212,5
LST-002009,AGT-117,LOC-010,Apartment,1,RENT,705,76000,76000,0,2025-09-01,2025-09-09,2025-12-24,EXPIRED,911,12
LST-002010,AGT-048,LOC-026,Apartment,1,RENT,750,86000,86000,0,2025-09-01,2025-09-23,2025-09-23,EXPIRED,206,6
LST-002011,AGT-019,LOC-009,Apartment,0,SALE,505,690000,690000,0,2025-09-01,2025-09-24,2025-10-13,EXPIRED,190,5
LST-002012,AGT-026,LOC-006,Villa,4,SALE,4760,20945000,20945000,0,2025-09-01,2025-10-06,2025-12-03,REMOVED,1333,36
LST-002013,AGT-102,LOC-015,Villa,4,SALE,3505,5670000,5670000,0,2025-09-01,2025-12-19,,ACTIVE,1925,36
LST-002014,AGT-068,LOC-002,Apartment,3,RENT,1615,212000,190000,2,2025-09-01,2025-09-11,2025-12-02,REMOVED,1051,16
LST-002015,AGT-070,LOC-009,Apartment,1,RENT,710,71000,71000,0,2025-09-01,2025-09-02,2025-11-01,EXPIRED,411,12
LST-002016,AGT-074,LOC-001,Penthouse,2,RENT,2700,355000,355000,0,2025-09-01,2025-09-09,2025-09-16,EXPIRED,318,11
LST-002017,AGT-068,LOC-001,Apartment,4,SALE,2830,5470000,5470000,0,2025-09-02,2025-09-06,2025-10-28,EXPIRED,393,9
LST-002018,AGT-004,LOC-002,Apartment,0,SALE,475,1190000,1190000,0,2025-09-02,2025-09-12,2025-09-23,EXPIRED,205,4
LST-002019,AGT-033,LOC-007,Penthouse,3,SALE,3900,11250000,10545000,2,2025-09-02,2026-06-08,,ACTIVE,988,13
LST-002020,AGT-059,LOC-018,Apartment,3,SALE,2190,2090000,1935000,1,2025-09-02,2025-09-04,2025-10-06,REMOVED,196,4
LST-002021,AGT-038,LOC-019,Apartment,2,RENT,1080,83000,76000,1,2025-09-02,2026-02-01,2026-02-08,EXPIRED,564,8
LST-002022,AGT-064,LOC-008,Apartment,1,SALE,835,1545000,1545000,0,2025-09-02,2025-10-23,2025-10-30,EXPIRED,338,7
LST-002023,AGT-046,LOC-017,Villa,4,SALE,4275,5760000,5610000,1,2025-09-02,2025-12-02,2025-12-07,REMOVED,335,6
LST-002024,AGT-025,LOC-008,Penthouse,2,RENT,1880,299000,299000,0,2025-09-02,2025-10-01,2025-10-17,REMOVED,717,26
LST-002025,AGT-016,LOC-031,Apartment,1,SALE,710,675000,675000,0,2025-09-02,2025-09-11,2025-09-13,REMOVED,82,2
LST-002026,AGT-068,LOC-002,Penthouse,4,SALE,4845,14680000,14680000,0,2025-09-02,2025-09-04,2025-09-14,REMOVED,130,3
LST-002027,AGT-051,LOC-012,Apartment,0,SALE,445,570000,570000,0,2025-09-02,2025-09-07,2025-09-07,REMOVED,115,4
LST-002028,AGT-102,LOC-014,Apartment,1,SALE,650,1475000,1425000,1,2025-09-02,2025-09-16,2025-11-09,EXPIRED,410,10
LST-002029,AGT-102,LOC-021,Apartment,2,RENT,1220,101000,101000,0,2025-09-02,2025-09-20,2025-09-26,REMOVED,203,6
LST-002030,AGT-091,LOC-014,Apartment,2,SALE,1380,3490000,3405000,1,2025-09-03,2025-09-05,2025-12-26,REMOVED,428,6
LST-002031,AGT-096,LOC-029,Villa,4,RENT,4990,208000,208000,0,2025-09-03,2025-10-01,2025-10-20,REMOVED,600,15
LST-002032,AGT-047,LOC-024,Apartment,1,SALE,805,1095000,1060000,1,2025-09-03,2025-09-06,2025-10-17,REMOVED,475,12
LST-002033,AGT-013,LOC-022,Villa,4,SALE,4870,6660000,6660000,0,2025-09-03,2025-10-15,2025-11-12,REMOVED,237,4
LST-002034,AGT-092,LOC-028,Villa,4,SALE,4240,4260000,4260000,0,2025-09-03,2025-09-11,2025-09-11,REMOVED,53,1
LST-002035,AGT-075,LOC-011,Apartment,2,SALE,1190,1595000,1595000,0,2025-09-03,2025-10-17,2025-10-17,REMOVED,413,13
LST-002036,AGT-002,LOC-001,Apartment,1,SALE,890,1660000,1660000,0,2025-09-03,2025-09-04,2025-10-05,REMOVED,665,18
LST-002037,AGT-040,LOC-007,Apartment,2,SALE,1495,2985000,2985000,0,2025-09-03,2025-11-15,2026-01-02,EXPIRED,625,10
LST-002038,AGT-103,LOC-001,Penthouse,4,SALE,5130,12345000,12345000,0,2025-09-03,2026-01-12,2026-01-18,EXPIRED,1487,38
LST-002039,AGT-107,LOC-028,Villa,3,SALE,2760,2860000,2860000,0,2025-09-03,2025-10-22,2025-10-26,REMOVED,288,9
LST-002040,AGT-025,LOC-009,Apartment,0,SALE,490,560000,535000,1,2025-09-03,2025-09-27,2025-10-06,REMOVED,404,13
LST-002041,AGT-056,LOC-023,Apartment,0,SALE,475,795000,685000,3,2025-09-03,2026-03-13,2026-04-24,REMOVED,793,11
LST-002042,AGT-063,LOC-022,Townhouse,4,SALE,3075,4035000,4035000,0,2025-09-04,2025-09-19,2025-11-04,EXPIRED,389,10
LST-002043,AGT-051,LOC-019,Apartment,2,SALE,1315,1130000,1130000,0,2025-09-04,2025-09-10,2025-10-10,REMOVED,261,7
LST-002044,AGT-057,LOC-003,Apartment,2,SALE,1455,3665000,3665000,0,2025-09-04,2025-09-18,2026-01-05,REMOVED,2152,77
LST-002045,AGT-059,LOC-027,Apartment,2,RENT,1220,182000,182000,0,2025-09-04,2025-09-07,2025-09-07,REMOVED,59,2
LST-002046,AGT-011,LOC-011,Apartment,1,RENT,905,95000,95000,0,2025-09-04,2025-11-26,2025-12-03,REMOVED,582,8
LST-002047,AGT-074,LOC-002,Penthouse,2,SALE,2570,8560000,8560000,0,2025-09-04,2026-06-26,,ACTIVE,3078,60
LST-002048,AGT-028,LOC-018,Apartment,2,SALE,1315,1285000,1285000,0,2025-09-04,2025-09-19,2025-09-20,REMOVED,220,6
LST-002049,AGT-087,LOC-021,Apartment,0,RENT,455,36000,36000,0,2025-09-04,2025-09-10,2025-09-10,REMOVED,82,3
LST-002050,AGT-069,LOC-005,Apartment,2,SALE,1365,4640000,4640000,0,2025-09-04,2025-09-08,2025-09-20,REMOVED,161,3
LST-002051,AGT-019,LOC-026,Apartment,2,RENT,1395,208000,201000,1,2025-09-04,2025-09-19,2025-09-30,REMOVED,90,1
LST-002052,AGT-072,LOC-004,Apartment,1,SALE,940,2770000,2770000,0,2025-09-04,2025-10-03,2025-11-06,REMOVED,685,16
LST-002053,AGT-045,LOC-027,Apartment,1,RENT,840,147000,147000,0,2025-09-04,2025-09-10,2025-10-03,REMOVED,454,14
LST-002054,AGT-075,LOC-001,Apartment,1,SALE,680,1595000,1595000,0,2025-09-04,2026-05-04,2026-08-11,EXPIRED,2511,36
LST-002055,AGT-004,LOC-003,Apartment,1,RENT,930,137000,137000,0,2025-09-04,2025-09-24,2025-10-08,REMOVED,481,12
LST-002056,AGT-005,LOC-018,Apartment,2,SALE,1285,1195000,1195000,0,2025-09-05,2025-09-30,2025-10-13,REMOVED,286,9
LST-002057,AGT-057,LOC-020,Townhouse,2,SALE,1785,2830000,2765000,1,2025-09-05,2025-10-18,2025-10-26,REMOVED,189,3
LST-002058,AGT-012,LOC-028,Townhouse,4,RENT,3205,250000,231000,1,2025-09-05,2025-10-13,2025-10-20,REMOVED,136,3
LST-002059,AGT-051,LOC-021,Apartment,1,RENT,720,76000,76000,0,2025-09-05,2025-09-10,2025-09-17,EXPIRED,60,1
LST-002060,AGT-119,LOC-027,Villa,5,SALE,6485,16570000,16570000,0,2025-09-05,2025-10-31,2026-01-13,REMOVED,999,27
LST-002061,AGT-087,LOC-001,Apartment,1,RENT,785,88000,88000,0,2025-09-05,2025-09-05,2025-09-10,REMOVED,71,2
LST-002062,AGT-092,LOC-025,Apartment,2,RENT,1175,144000,139000,1,2025-09-05,2026-01-16,2026-02-28,REMOVED,404,4
LST-002063,AGT-023,LOC-022,Villa,5,RENT,6890,426000,426000,0,2025-09-05,2025-09-17,2025-10-11,REMOVED,495,19
LST-002064,AGT-108,LOC-019,Apartment,1,RENT,775,62000,62000,0,2025-09-05,2025-10-04,2025-10-06,REMOVED,201,3
LST-002065,AGT-102,LOC-016,Villa,6,SALE,8230,9035000,9035000,0,2025-09-05,2025-09-22,2025-09-29,REMOVED,181,9
LST-002066,AGT-012,LOC-023,Apartment,1,SALE,870,1400000,1235000,2,2025-09-05,2025-11-01,2025-11-20,REMOVED,225,4
LST-002067,AGT-036,LOC-003,Apartment,2,RENT,1385,237000,237000,0,2025-09-06,2025-09-08,2025-09-17,REMOVED,163,4
LST-002068,AGT-042,LOC-009,Apartment,0,SALE,445,615000,615000,0,2025-09-06,2025-12-26,2025-12-30,EXPIRED,653,15
LST-002069,AGT-080,LOC-023,Apartment,2,SALE,1155,1595000,1595000,0,2025-09-06,2025-12-19,2026-02-17,REMOVED,605,13
LST-002070,AGT-101,LOC-017,Villa,6,SALE,8470,8365000,8365000,0,2025-09-06,2025-10-13,2025-12-13,REMOVED,612,15
LST-002071,AGT-087,LOC-032,Apartment,1,RENT,900,61000,61000,0,2025-09-06,2025-09-10,2025-09-10,EXPIRED,55,2
LST-002072,AGT-069,LOC-014,Apartment,2,RENT,1345,195000,195000,0,2025-09-06,2025-09-09,2025-09-14,REMOVED,88,3
LST-002073,AGT-005,LOC-009,Apartment,1,SALE,890,1130000,1045000,1,2025-09-06,2025-09-30,2025-10-04,REMOVED,281,6
LST-002074,AGT-103,LOC-002,Apartment,0,RENT,370,62000,62000,0,2025-09-06,2025-09-29,2025-10-16,REMOVED,266,6
LST-002075,AGT-019,LOC-001,Apartment,3,SALE,1750,2925000,2925000,0,2025-09-06,2025-10-02,2025-10-08,REMOVED,691,16
LST-002076,AGT-025,LOC-028,Villa,3,RENT,2585,212000,212000,0,2025-09-06,2025-09-18,2025-09-20,REMOVED,81,2
LST-002077,AGT-005,LOC-023,Apartment,1,SALE,820,1175000,1065000,2,2025-09-06,2025-10-26,2025-11-18,REMOVED,325,8
LST-002078,AGT-070,LOC-013,Villa,5,SALE,5855,13210000,13210000,0,2025-09-06,2025-09-13,2025-09-27,REMOVED,78,1
LST-002079,AGT-064,LOC-003,Apartment,3,RENT,2050,346000,346000,0,2025-09-07,2025-12-10,2026-01-13,EXPIRED,731,11
LST-002080,AGT-064,LOC-009,Apartment,1,RENT,900,95000,87000,2,2025-09-07,2026-06-10,2026-07-22,REMOVED,1764,33
LST-002081,AGT-063,LOC-012,Apartment,1,SALE,715,1080000,1080000,0,2025-09-07,2025-10-24,2025-10-29,REMOVED,374,10
LST-002082,AGT-071,LOC-005,Apartment,2,RENT,1345,296000,261000,2,2025-09-07,2025-12-25,2026-01-19,EXPIRED,1063,21
LST-002083,AGT-050,LOC-004,Apartment,2,SALE,975,2370000,2370000,0,2025-09-07,2025-09-19,2025-10-07,REMOVED,344,9
LST-002084,AGT-068,LOC-001,Apartment,3,RENT,1970,198000,198000,0,2025-09-07,2025-09-22,2025-10-08,REMOVED,361,8
LST-002085,AGT-012,LOC-010,Apartment,0,RENT,510,52000,52000,0,2025-09-07,2025-09-08,2025-09-18,REMOVED,80,2
LST-002086,AGT-059,LOC-023,Apartment,2,SALE,1115,1655000,1655000,0,2025-09-07,2025-10-05,2025-10-25,REMOVED,339,8
LST-002087,AGT-084,LOC-028,Townhouse,3,RENT,2655,184000,184000,0,2025-09-07,2025-09-12,2025-09-19,REMOVED,103,3
LST-002088,AGT-019,LOC-014,Apartment,1,RENT,915,129000,129000,0,2025-09-08,2025-09-13,2025-09-20,REMOVED,106,3
LST-002089,AGT-087,LOC-020,Apartment,2,RENT,1100,123000,123000,0,2025-09-08,2025-09-19,2025-10-24,EXPIRED,310,4
LST-002090,AGT-079,LOC-004,Apartment,0,SALE,515,1875000,1875000,0,2025-09-08,2026-03-08,2026-03-28,EXPIRED,824,9
LST-002091,AGT-018,LOC-021,Apartment,1,RENT,685,58000,58000,0,2025-09-08,2025-09-11,2025-10-16,REMOVED,277,6
LST-002092,AGT-048,LOC-007,Apartment,4,RENT,3000,362000,362000,0,2025-09-08,2025-10-19,2025-11-07,REMOVED,467,8
LST-002093,AGT-035,LOC-022,Apartment,2,RENT,1125,89000,89000,0,2025-09-08,2025-09-16,2025-09-30,REMOVED,234,10
LST-002094,AGT-036,LOC-013,Villa,6,SALE,8050,13645000,13645000,0,2025-09-08,2025-09-10,2025-10-14,REMOVED,303,7
LST-002095,AGT-072,LOC-031,Apartment,1,SALE,810,735000,735000,0,2025-09-09,2025-09-26,2025-10-26,REMOVED,233,7
LST-002096,AGT-016,LOC-013,Villa,4,SALE,4865,9900000,9685000,1,2025-09-09,2025-09-26,2025-11-03,REMOVED,355,6
LST-002097,AGT-079,LOC-002,Apartment,3,SALE,1785,3675000,3675000,0,2025-09-09,2025-09-23,2025-10-12,EXPIRED,238,7
LST-002098,AGT-027,LOC-010,Apartment,0,SALE,450,535000,535000,0,2025-09-09,2025-09-23,2025-10-06,REMOVED,276,7
LST-002099,AGT-068,LOC-009,Townhouse,2,RENT,1850,146000,146000,0,2025-09-09,2025-10-01,2025-10-02,EXPIRED,151,4
LST-002100,AGT-059,LOC-010,Apartment,2,RENT,1150,104000,104000,0,2025-09-09,2025-09-15,2025-10-02,REMOVED,128,4
LST-002101,AGT-018,LOC-018,Apartment,2,SALE,1405,1375000,1375000,0,2025-09-09,2025-09-17,2025-12-05,REMOVED,301,7
LST-002102,AGT-018,LOC-009,Apartment,1,RENT,770,76000,76000,0,2025-09-09,2025-10-04,2025-10-05,REMOVED,220,5
LST-002103,AGT-020,LOC-007,Apartment,1,SALE,775,1900000,1900000,0,2025-09-09,2025-12-03,2026-01-13,REMOVED,287,3
LST-002104,AGT-068,LOC-008,Apartment,2,SALE,1210,1960000,1960000,0,2025-09-09,2025-09-11,2025-11-27,REMOVED,689,15
LST-002105,AGT-064,LOC-022,Villa,3,RENT,2945,289000,275000,1,2025-09-09,2025-12-07,2025-12-09,REMOVED,453,6
LST-002106,AGT-018,LOC-032,Apartment,3,SALE,1685,1415000,1415000,0,2025-09-09,2025-12-12,2026-01-24,REMOVED,433,7
LST-002107,AGT-019,LOC-029,Apartment,2,SALE,1230,745000,745000,0,2025-09-09,2025-09-26,2025-10-16,REMOVED,264,5
LST-002108,AGT-038,LOC-029,Villa,4,RENT,4630,183000,183000,0,2025-09-10,2025-10-09,2025-10-22,EXPIRED,461,15
LST-002109,AGT-088,LOC-010,Apartment,2,SALE,1475,1650000,1650000,0,2025-09-10,2025-09-29,2026-01-05,REMOVED,793,13
LST-002110,AGT-012,LOC-033,Apartment,1,RENT,830,69000,69000,0,2025-09-10,2025-09-13,2025-09-16,REMOVED,58,2
LST-002111,AGT-024,LOC-033,Apartment,2,RENT,1145,79000,79000,0,2025-09-10,2025-09-21,2025-09-25,REMOVED,191,4
LST-002112,AGT-119,LOC-010,Apartment,2,RENT,1350,111000,111000,0,2025-09-10,2025-09-11,2025-10-08,REMOVED,313,8
LST-002113,AGT-020,LOC-026,Apartment,0,SALE,520,925000,925000,0,2025-09-10,2025-10-16,2025-12-07,REMOVED,296,8
LST-002114,AGT-023,LOC-033,Apartment,0,RENT,350,27000,27000,0,2025-09-10,2025-11-14,2025-11-15,EXPIRED,573,13
LST-002115,AGT-059,LOC-025,Villa,7,RENT,12400,906000,906000,0,2025-09-10,2025-09-30,2025-10-17,REMOVED,341,7
LST-002116,AGT-061,LOC-031,Apartment,1,SALE,765,645000,645000,0,2025-09-10,2025-10-05,2025-10-06,REMOVED,276,10
LST-002117,AGT-059,LOC-027,Apartment,1,RENT,675,129000,129000,0,2025-09-10,2025-09-11,2025-09-18,REMOVED,164,3
LST-002118,AGT-024,LOC-009,Apartment,2,SALE,1220,1550000,1550000,0,2025-09-10,2025-11-27,2025-12-16,REMOVED,417,9
LST-002119,AGT-051,LOC-002,Apartment,2,SALE,1005,2655000,2655000,0,2025-09-10,2025-11-06,2026-04-09,EXPIRED,878,13
LST-002120,AGT-024,LOC-018,Apartment,3,SALE,1725,1595000,1595000,0,2025-09-10,2025-09-16,2025-10-02,REMOVED,164,4
LST-002121,AGT-005,LOC-007,Apartment,0,RENT,425,69000,69000,0,2025-09-10,2025-09-30,2025-10-19,REMOVED,386,7
LST-002122,AGT-063,LOC-018,Apartment,3,SALE,1530,1525000,1525000,0,2025-09-10,2025-11-06,2025-11-26,REMOVED,276,6
LST-002123,AGT-046,LOC-008,Apartment,0,RENT,455,61000,61000,0,2025-09-10,2025-10-11,2025-10-14,REMOVED,262,6
LST-002124,AGT-038,LOC-017,Apartment,1,SALE,735,820000,820000,0,2025-09-11,2025-12-13,2025-12-16,REMOVED,579,21
LST-002125,AGT-102,LOC-005,Apartment,2,SALE,1275,3905000,3905000,0,2025-09-11,2025-09-21,2025-10-08,EXPIRED,325,10
LST-002126,AGT-098,LOC-018,Apartment,1,RENT,695,52000,52000,0,2025-09-11,2025-09-23,2025-10-10,REMOVED,140,4
LST-002127,AGT-070,LOC-009,Apartment,1,RENT,600,75000,73000,1,2025-09-11,2025-11-13,2025-11-27,REMOVED,176,3
LST-002128,AGT-097,LOC-033,Apartment,1,RENT,680,51000,51000,0,2025-09-11,2025-09-21,2025-09-26,REMOVED,174,5
LST-002129,AGT-013,LOC-030,Apartment,1,RENT,795,36000,36000,0,2025-09-11,2025-10-21,2025-11-18,EXPIRED,947,23
LST-002130,AGT-120,LOC-004,Apartment,1,RENT,630,102000,90000,2,2025-09-11,2025-09-28,2025-11-22,REMOVED,691,11
LST-002131,AGT-012,LOC-023,Apartment,1,SALE,745,1055000,1005000,1,2025-09-11,2025-12-16,2026-02-27,REMOVED,972,28
LST-002132,AGT-115,LOC-012,Apartment,3,SALE,1690,2460000,2200000,2,2025-09-11,2025-09-16,,ACTIVE,693,11
LST-002133,AGT-033,LOC-011,Apartment,3,SALE,2120,3215000,2775000,2,2025-09-11,2026-02-06,,ACTIVE,1862,40
LST-002134,AGT-017,LOC-008,Apartment,3,SALE,1890,3370000,3370000,0,2025-09-11,2025-10-24,2025-12-15,REMOVED,481,12
LST-002135,AGT-074,LOC-011,Apartment,1,RENT,640,72000,72000,0,2025-09-12,2025-10-17,2025-10-31,REMOVED,346,8
LST-002136,AGT-017,LOC-032,Apartment,1,SALE,615,565000,565000,0,2025-09-12,2025-09-17,2025-09-29,EXPIRED,64,1
LST-002137,AGT-119,LOC-014,Apartment,4,RENT,2310,266000,266000,0,2025-09-12,2025-10-15,2025-11-12,REMOVED,579,16
LST-002138,AGT-011,LOC-005,Apartment,1,SALE,645,2565000,2320000,2,2025-09-12,2026-02-13,2026-03-01,REMOVED,1108,22
LST-002139,AGT-102,LOC-015,Villa,4,RENT,4240,349000,349000,0,2025-09-12,2025-09-27,2025-10-08,REMOVED,225,4
LST-002140,AGT-017,LOC-008,Apartment,0,RENT,350,49000,49000,0,2025-09-12,2025-09-18,2025-09-30,REMOVED,143,2
LST-002141,AGT-014,LOC-031,Apartment,2,RENT,1025,58000,58000,0,2025-09-12,2025-09-19,2025-09-28,EXPIRED,167,7
LST-002142,AGT-033,LOC-009,Apartment,2,SALE,1320,1505000,1505000,0,2025-09-12,2025-09-15,2025-10-13,REMOVED,206,4
LST-002143,AGT-059,LOC-016,Villa,5,SALE,5665,8740000,8740000,0,2025-09-12,2025-09-26,2025-10-14,REMOVED,271,4
LST-002144,AGT-011,LOC-010,Apartment,0,SALE,350,425000,410000,1,2025-09-12,2025-10-19,2025-11-01,REMOVED,257,6
LST-002145,AGT-067,LOC-014,Apartment,1,SALE,925,2355000,2245000,1,2025-09-12,2025-09-14,2025-12-11,REMOVED,604,10
LST-002146,AGT-056,LOC-018,Apartment,3,SALE,2085,1915000,1915000,0,2025-09-12,2025-10-11,2025-10-27,REMOVED,187,5
LST-002147,AGT-075,LOC-023,Apartment,2,RENT,1315,128000,128000,0,2025-09-12,2025-09-21,2025-09-30,REMOVED,205,4
LST-002148,AGT-005,LOC-007,Apartment,2,SALE,1170,2555000,2195000,2,2025-09-12,2025-11-01,2025-11-01,REMOVED,224,4
LST-002149,AGT-098,LOC-018,Apartment,0,SALE,390,375000,375000,0,2025-09-12,2025-12-08,2026-05-05,EXPIRED,1378,44
LST-002150,AGT-019,LOC-027,Villa,5,RENT,6620,981000,981000,0,2025-09-12,2025-09-14,2025-09-21,REMOVED,58,1
LST-002151,AGT-103,LOC-021,Apartment,2,SALE,1420,1495000,1495000,0,2025-09-12,2025-10-19,2025-10-25,REMOVED,289,5
LST-002152,AGT-015,LOC-007,Apartment,2,SALE,1315,2520000,2345000,1,2025-09-13,2025-10-24,2025-10-27,REMOVED,456,8
LST-002153,AGT-081,LOC-026,Apartment,0,RENT,380,54000,54000,0,2025-09-13,2025-09-28,2025-10-05,REMOVED,196,4
LST-002154,AGT-117,LOC-005,Apartment,2,RENT,1440,294000,294000,0,2025-09-13,2025-10-07,2026-01-08,REMOVED,975,22
LST-002155,AGT-111,LOC-007,Apartment,1,SALE,930,1715000,1715000,0,2025-09-13,2025-09-20,2025-10-11,REMOVED,192,7
LST-002156,AGT-100,LOC-004,Apartment,0,RENT,400,66000,66000,0,2025-09-13,2025-09-16,2025-10-16,REMOVED,508,13
LST-002157,AGT-092,LOC-015,Villa,7,SALE,9300,12620000,12620000,0,2025-09-13,2025-10-20,2025-10-21,REMOVED,201,4
LST-002158,AGT-059,LOC-029,Apartment,4,SALE,2785,1615000,1615000,0,2025-09-13,2025-11-14,2025-12-17,REMOVED,252,4
LST-002159,AGT-101,LOC-008,Apartment,2,RENT,1250,154000,154000,0,2025-09-13,2025-09-19,2025-10-01,REMOVED,180,5
LST-002160,AGT-092,LOC-009,Apartment,2,RENT,1105,101000,101000,0,2025-09-13,2025-09-16,2025-09-28,REMOVED,234,9
LST-002161,AGT-015,LOC-005,Penthouse,3,RENT,3540,918000,918000,0,2025-09-13,2025-09-28,2025-09-28,REMOVED,181,5
LST-002162,AGT-033,LOC-015,Villa,5,SALE,5750,7340000,7340000,0,2025-09-14,2025-10-09,2025-10-13,REMOVED,290,7
LST-002163,AGT-113,LOC-010,Apartment,1,RENT,740,62000,62000,0,2025-09-14,2025-10-08,2025-10-10,REMOVED,169,4
LST-002164,AGT-102,LOC-001,Apartment,3,SALE,1675,3455000,3455000,0,2025-09-14,2025-12-14,2026-01-15,EXPIRED,423,9
LST-002165,AGT-012,LOC-020,Apartment,1,RENT,895,90000,83000,1,2025-09-14,2025-09-22,2025-10-13,REMOVED,222,5
LST-002166,AGT-006,LOC-012,Apartment,2,SALE,1310,1800000,1800000,0,2025-09-14,2025-09-27,2025-11-01,REMOVED,179,4
LST-002167,AGT-070,LOC-020,Apartment,0,SALE,380,530000,530000,0,2025-09-14,2025-10-17,2025-10-18,EXPIRED,188,5
LST-002168,AGT-091,LOC-012,Apartment,0,SALE,445,725000,725000,0,2025-09-14,2025-10-08,2025-10-13,REMOVED,188,4
LST-002169,AGT-038,LOC-027,Apartment,1,RENT,740,139000,139000,0,2025-09-14,2025-09-22,2025-11-06,EXPIRED,370,9
LST-002170,AGT-070,LOC-010,Apartment,3,SALE,1695,1435000,1435000,0,2025-09-14,2025-10-06,2025-11-19,REMOVED,520,23
LST-002171,AGT-073,LOC-004,Apartment,1,SALE,945,2605000,2605000,0,2025-09-14,2025-11-21,2026-01-25,EXPIRED,1883,62
LST-002172,AGT-012,LOC-002,Apartment,0,SALE,475,1045000,1045000,0,2025-09-14,2026-02-21,2026-03-26,REMOVED,2307,65
LST-002173,AGT-055,LOC-031,Apartment,0,RENT,470,39000,39000,0,2025-09-14,2025-09-19,2025-10-18,REMOVED,259,8
LST-002174,AGT-009,LOC-027,Villa,5,SALE,6050,17900000,17190000,1,2025-09-14,2025-09-18,2026-05-04,REMOVED,2456,55
LST-002175,AGT-024,LOC-010,Apartment,1,RENT,795,56000,56000,0,2025-09-15,2025-10-06,2025-10-07,EXPIRED,213,7
LST-002176,AGT-080,LOC-002,Apartment,2,RENT,970,148000,148000,0,2025-09-15,2025-09-18,2025-10-08,REMOVED,228,3
LST-002177,AGT-074,LOC-001,Apartment,0,SALE,495,1065000,1065000,0,2025-09-15,2025-09-29,2025-10-18,REMOVED,278,8
LST-002178,AGT-070,LOC-002,Apartment,1,SALE,650,1920000,1665000,2,2025-09-15,2026-08-04,,ACTIVE,1333,19
LST-002179,AGT-064,LOC-026,Apartment,0,RENT,375,48000,45000,1,2025-09-15,2025-09-20,2025-10-09,REMOVED,209,4
LST-002180,AGT-047,LOC-015,Villa,4,SALE,4325,6685000,6685000,0,2025-09-15,2025-10-08,2026-01-07,REMOVED,603,17
LST-002181,AGT-030,LOC-030,Villa,3,RENT,3280,113000,113000,0,2025-09-15,2025-09-24,2025-10-04,REMOVED,236,5
LST-002182,AGT-012,LOC-010,Apartment,0,RENT,420,44000,38000,2,2025-09-15,2025-12-05,2025-12-28,REMOVED,638,15
LST-002183,AGT-096,LOC-007,Apartment,2,SALE,1010,2340000,2275000,1,2025-09-15,2025-12-17,2026-02-25,EXPIRED,406,6
LST-002184,AGT-046,LOC-009,Apartment,0,SALE,345,475000,440000,1,2025-09-15,2026-01-26,2026-02-25,REMOVED,826,17
LST-002185,AGT-057,LOC-032,Apartment,2,RENT,1145,89000,89000,0,2025-09-15,2025-09-29,2025-10-01,REMOVED,71,2
LST-002186,AGT-051,LOC-004,Penthouse,3,SALE,3810,13650000,13650000,0,2025-09-15,2025-10-21,2025-11-24,REMOVED,663,20
LST-002187,AGT-040,LOC-018,Apartment,2,RENT,1185,90000,87000,1,2025-09-15,2025-09-26,2025-10-12,EXPIRED,125,2
LST-002188,AGT-091,LOC-016,Villa,6,SALE,7485,11220000,11220000,0,2025-09-15,2025-10-11,2025-10-28,REMOVED,350,6
LST-002189,AGT-017,LOC-020,Apartment,2,SALE,1160,1840000,1715000,1,2025-09-15,2025-11-14,2025-12-19,EXPIRED,100,1
LST-002190,AGT-005,LOC-023,Apartment,2,SALE,1105,1570000,1570000,0,2025-09-15,2025-11-29,2025-12-09,REMOVED,432,8
LST-002191,AGT-050,LOC-027,Villa,5,SALE,5115,12065000,12065000,0,2025-09-15,2026-04-13,,ACTIVE,5346,201
LST-002192,AGT-028,LOC-029,Apartment,4,RENT,2675,155000,144000,1,2025-09-15,2025-10-11,2025-12-30,REMOVED,239,4
LST-002193,AGT-084,LOC-012,Apartment,1,RENT,700,88000,81000,2,2025-09-16,2025-11-08,2025-11-17,REMOVED,368,5
LST-002194,AGT-059,LOC-024,Apartment,2,SALE,1095,1375000,1375000,0,2025-09-16,2025-11-24,2025-12-13,REMOVED,548,12
LST-002195,AGT-053,LOC-008,Apartment,1,RENT,655,90000,85000,1,2025-09-16,2025-11-09,2025-11-22,REMOVED,444,8
LST-002196,AGT-053,LOC-017,Villa,6,SALE,7875,9155000,9155000,0,2025-09-16,2025-12-27,2026-02-24,REMOVED,767,19
LST-002197,AGT-011,LOC-001,Apartment,1,SALE,785,1700000,1700000,0,2025-09-16,2025-10-21,2026-02-06,REMOVED,1067,25
LST-002198,AGT-017,LOC-015,Townhouse,3,SALE,1955,2670000,2670000,0,2025-09-16,2025-10-15,2025-11-24,REMOVED,992,33
LST-002199,AGT-071,LOC-028,Townhouse,4,RENT,3165,232000,219000,1,2025-09-16,2025-11-11,2025-11-16,REMOVED,520,12
LST-002200,AGT-068,LOC-018,Apartment,2,RENT,1015,71000,71000,0,2025-09-16,2025-09-29,2025-10-06,REMOVED,90,2
LST-002201,AGT-107,LOC-009,Townhouse,3,RENT,2585,193000,193000,0,2025-09-17,2025-09-27,2025-10-01,EXPIRED,57,1
LST-002202,AGT-028,LOC-015,Villa,3,RENT,2635,272000,262000,1,2025-09-17,2025-10-10,2025-10-25,REMOVED,182,3
LST-002203,AGT-021,LOC-032,Apartment,2,SALE,1270,1305000,1305000,0,2025-09-17,2025-10-14,2026-02-08,EXPIRED,446,6
LST-002204,AGT-059,LOC-007,Apartment,4,SALE,2240,4210000,4025000,1,2025-09-17,2026-01-27,2026-02-17,REMOVED,416,9
LST-002205,AGT-063,LOC-012,Apartment,2,SALE,1390,1835000,1835000,0,2025-09-17,2025-09-22,2025-09-22,REMOVED,54,2
LST-002206,AGT-055,LOC-026,Apartment,2,SALE,1300,1795000,1795000,0,2025-09-17,2025-10-30,2025-12-29,REMOVED,1073,30
LST-002207,AGT-069,LOC-014,Apartment,3,RENT,1920,272000,272000,0,2025-09-17,2025-10-11,2025-10-20,REMOVED,208,4
LST-002208,AGT-092,LOC-009,Townhouse,4,RENT,3290,296000,296000,0,2025-09-17,2025-10-09,2025-11-09,REMOVED,310,6
LST-002209,AGT-018,LOC-003,Apartment,2,RENT,1300,199000,199000,0,2025-09-17,2025-10-22,2025-10-30,EXPIRED,1054,29
LST-002210,AGT-117,LOC-009,Apartment,3,SALE,1680,1820000,1820000,0,2025-09-18,2025-12-23,2026-03-27,REMOVED,793,20
LST-002211,AGT-018,LOC-015,Townhouse,4,RENT,3005,340000,317000,1,2025-09-18,2025-10-14,2025-11-04,REMOVED,256,5
LST-002212,AGT-021,LOC-024,Apartment,2,SALE,1055,1530000,1490000,1,2025-09-18,2025-10-13,2025-10-24,REMOVED,245,5
LST-002213,AGT-016,LOC-002,Penthouse,4,RENT,4440,524000,524000,0,2025-09-18,2025-09-20,2025-10-02,EXPIRED,590,33
LST-002214,AGT-063,LOC-032,Apartment,2,RENT,1010,68000,68000,0,2025-09-18,2025-10-11,2025-10-20,REMOVED,258,6
LST-002215,AGT-051,LOC-017,Villa,5,SALE,5895,7475000,6250000,3,2025-09-18,2025-10-01,2025-12-19,EXPIRED,313,5
LST-002216,AGT-026,LOC-020,Apartment,4,RENT,2640,244000,236000,1,2025-09-18,2025-12-10,2026-03-02,EXPIRED,750,18
LST-002217,AGT-011,LOC-018,Apartment,1,SALE,675,695000,695000,0,2025-09-18,2025-10-02,2025-10-09,REMOVED,78,2
LST-002218,AGT-080,LOC-013,Villa,3,RENT,3415,473000,473000,0,2025-09-19,2025-10-10,2025-10-15,REMOVED,277,6
LST-002219,AGT-084,LOC-005,Apartment,2,SALE,1290,4430000,3805000,2,2025-09-19,2026-05-17,2026-07-09,REMOVED,1538,24
LST-002220,AGT-018,LOC-004,Apartment,2,RENT,1340,184000,184000,0,2025-09-19,2025-09-25,2025-09-26,EXPIRED,152,6
LST-002221,AGT-035,LOC-023,Apartment,2,RENT,1300,114000,114000,0,2025-09-19,2025-09-26,2025-10-03,REMOVED,182,7
LST-002222,AGT-110,LOC-018,Apartment,2,SALE,1205,1140000,1140000,0,2025-09-19,2025-09-22,2025-10-09,REMOVED,125,4
LST-002223,AGT-038,LOC-013,Villa,3,RENT,2760,360000,360000,0,2025-09-19,2025-10-02,2025-10-07,EXPIRED,173,4
LST-002224,AGT-092,LOC-031,Apartment,1,SALE,635,590000,590000,0,2025-09-19,2025-10-04,2025-11-28,REMOVED,514,12
LST-002225,AGT-017,LOC-001,Apartment,3,SALE,1870,4120000,4120000,0,2025-09-19,2025-09-27,2025-12-04,REMOVED,337,6
LST-002226,AGT-070,LOC-017,Apartment,0,RENT,335,37000,35000,1,2025-09-19,2025-10-24,2025-10-26,EXPIRED,311,5
LST-002227,AGT-068,LOC-006,Villa,3,SALE,3350,14130000,14130000,0,2025-09-19,2025-10-26,2025-11-26,REMOVED,1090,37
LST-002228,AGT-115,LOC-020,Apartment,2,RENT,1250,146000,146000,0,2025-09-19,2025-10-13,2025-11-14,REMOVED,275,4
LST-002229,AGT-084,LOC-032,Apartment,1,RENT,670,49000,49000,0,2025-09-19,2025-09-28,2025-10-11,REMOVED,271,7
LST-002230,AGT-053,LOC-017,Townhouse,5,SALE,3810,4190000,4105000,1,2025-09-19,2026-01-18,2026-08-24,REMOVED,1595,25
LST-002231,AGT-059,LOC-025,Townhouse,3,RENT,2430,203000,203000,0,2025-09-19,2025-12-05,2026-02-23,REMOVED,1030,16
LST-002232,AGT-064,LOC-004,Apartment,2,SALE,1165,3170000,3170000,0,2025-09-19,2026-07-13,,ACTIVE,2410,44
LST-002233,AGT-100,LOC-011,Apartment,0,SALE,460,840000,840000,0,2025-09-19,2025-11-17,2025-12-02,REMOVED,220,4
LST-002234,AGT-046,LOC-019,Apartment,1,RENT,770,58000,58000,0,2025-09-19,2025-10-12,2025-11-08,REMOVED,535,14
LST-002235,AGT-054,LOC-021,Apartment,0,SALE,490,545000,545000,0,2025-09-19,2025-10-20,2025-12-12,EXPIRED,865,15
LST-002236,AGT-013,LOC-013,Villa,5,RENT,6035,692000,692000,0,2025-09-20,2025-09-24,2025-10-23,REMOVED,407,13
LST-002237,AGT-005,LOC-008,Apartment,1,RENT,605,76000,76000,0,2025-09-20,2026-01-07,2026-04-20,EXPIRED,1450,25
LST-002238,AGT-025,LOC-022,Townhouse,4,SALE,2755,3900000,3620000,1,2025-09-20,2025-10-24,2025-11-09,EXPIRED,255,4
LST-002239,AGT-047,LOC-019,Apartment,0,RENT,395,37000,37000,0,2025-09-20,2025-11-09,2025-11-17,REMOVED,180,3
LST-002240,AGT-090,LOC-027,Apartment,2,SALE,1160,3080000,3080000,0,2025-09-20,2025-10-11,2025-11-27,REMOVED,1154,25
LST-002241,AGT-073,LOC-012,Apartment,3,RENT,1890,169000,169000,0,2025-09-21,2025-10-11,2025-10-15,REMOVED,310,8
LST-002242,AGT-059,LOC-020,Apartment,1,SALE,790,1040000,1040000,0,2025-09-21,2025-11-21,2025-12-12,REMOVED,471,9
LST-002243,AGT-113,LOC-018,Apartment,2,RENT,1290,103000,96000,2,2025-09-21,2025-10-26,2025-11-13,EXPIRED,288,5
LST-002244,AGT-029,LOC-031,Apartment,1,RENT,745,55000,55000,0,2025-09-21,2025-09-29,2025-10-26,EXPIRED,243,5
LST-002245,AGT-068,LOC-019,Apartment,0,SALE,345,350000,315000,2,2025-09-21,2025-12-02,2025-12-24,REMOVED,382,6
LST-002246,AGT-055,LOC-018,Apartment,2,SALE,1125,1175000,1175000,0,2025-09-21,2025-09-27,2025-10-03,REMOVED,53,1
LST-002247,AGT-090,LOC-001,Apartment,1,SALE,665,1260000,1260000,0,2025-09-21,2025-09-24,2025-10-12,EXPIRED,230,9
LST-002248,AGT-038,LOC-005,Apartment,2,SALE,970,3030000,3030000,0,2025-09-21,2025-12-08,2025-12-08,REMOVED,913,32
LST-002249,AGT-097,LOC-010,Townhouse,4,RENT,3040,220000,220000,0,2025-09-21,2025-10-02,2025-10-08,REMOVED,129,3
LST-002250,AGT-038,LOC-002,Apartment,2,RENT,1255,134000,134000,0,2025-09-22,2025-09-27,2025-10-02,REMOVED,181,7
LST-002251,AGT-005,LOC-032,Apartment,1,SALE,775,730000,705000,1,2025-09-22,2025-09-23,2025-11-28,REMOVED,403,8
LST-002252,AGT-081,LOC-014,Apartment,1,RENT,810,97000,97000,0,2025-09-22,2025-10-13,2025-10-27,EXPIRED,290,8
LST-002253,AGT-066,LOC-019,Apartment,3,SALE,1595,1450000,1450000,0,2025-09-22,2025-11-15,2025-11-24,REMOVED,214,5
LST-002254,AGT-080,LOC-001,Apartment,3,RENT,1995,175000,175000,0,2025-09-22,2025-09-26,2025-09-27,REMOVED,91,2
LST-002255,AGT-029,LOC-014,Apartment,1,SALE,815,2000000,2000000,0,2025-09-22,2025-09-27,2025-10-17,REMOVED,193,3
LST-002256,AGT-087,LOC-010,Apartment,2,SALE,1165,1060000,1060000,0,2025-09-22,2025-09-24,2025-10-06,REMOVED,221,7
LST-002257,AGT-075,LOC-005,Apartment,2,SALE,1360,4650000,4650000,0,2025-09-22,2026-02-05,,ACTIVE,3155,64
LST-002258,AGT-023,LOC-024,Apartment,0,SALE,510,745000,745000,0,2025-09-23,2025-10-15,2026-01-20,REMOVED,883,24
LST-002259,AGT-051,LOC-028,Villa,5,SALE,5570,5350000,5350000,0,2025-09-23,2025-10-03,2025-11-23,EXPIRED,424,9
LST-002260,AGT-053,LOC-011,Apartment,1,RENT,885,93000,93000,0,2025-09-23,2025-09-29,2025-10-09,REMOVED,154,4
LST-002261,AGT-028,LOC-019,Apartment,2,RENT,1455,107000,107000,0,2025-09-23,2025-10-06,2025-10-11,REMOVED,185,6
LST-002262,AGT-088,LOC-016,Villa,5,RENT,6020,487000,487000,0,2025-09-23,2025-10-03,2025-10-24,REMOVED,242,6
LST-002263,AGT-037,LOC-011,Apartment,1,SALE,770,1130000,1130000,0,2025-09-23,2025-10-23,2025-11-01,REMOVED,425,12
LST-002264,AGT-117,LOC-009,Apartment,0,SALE,365,540000,540000,0,2025-09-23,2025-09-27,2025-12-22,REMOVED,309,5
LST-002265,AGT-061,LOC-014,Apartment,1,RENT,880,135000,135000,0,2025-09-23,2026-03-05,2026-06-18,REMOVED,1006,21
LST-002266,AGT-075,LOC-011,Apartment,2,SALE,1060,1490000,1490000,0,2025-09-23,2025-10-01,2025-11-04,REMOVED,241,6
LST-002267,AGT-090,LOC-004,Apartment,1,SALE,725,2220000,2040000,2,2025-09-23,2025-10-20,2025-11-13,REMOVED,472,11
LST-002268,AGT-017,LOC-001,Apartment,2,RENT,970,85000,85000,0,2025-09-24,2025-10-01,2025-10-03,REMOVED,263,7
LST-002269,AGT-095,LOC-029,Villa,3,RENT,3135,140000,129000,1,2025-09-24,2025-09-26,2025-11-10,REMOVED,206,5
LST-002270,AGT-014,LOC-024,Apartment,3,RENT,1620,143000,143000,0,2025-09-24,2025-09-25,2025-10-08,REMOVED,115,3
LST-002271,AGT-117,LOC-020,Townhouse,2,SALE,1450,1970000,1900000,1,2025-09-24,2025-09-25,2026-01-13,EXPIRED,298,6
LST-002272,AGT-067,LOC-008,Apartment,0,RENT,360,37000,37000,0,2025-09-24,2025-09-30,2025-10-08,REMOVED,342,12
LST-002273,AGT-004,LOC-028,Townhouse,2,SALE,1570,1305000,1305000,0,2025-09-24,2025-10-26,2025-11-06,REMOVED,580,24
LST-002274,AGT-069,LOC-011,Apartment,1,SALE,875,1295000,1295000,0,2025-09-24,2025-10-03,2025-10-12,REMOVED,179,5
LST-002275,AGT-040,LOC-028,Townhouse,2,SALE,1815,1630000,1630000,0,2025-09-24,2025-10-22,2025-10-26,REMOVED,193,6
LST-002276,AGT-080,LOC-006,Villa,4,RENT,4900,1148000,1008000,2,2025-09-24,2025-10-03,2025-11-20,REMOVED,381,9
LST-002277,AGT-120,LOC-001,Penthouse,2,RENT,2105,338000,338000,0,2025-09-24,2025-10-03,2025-10-06,REMOVED,120,2
LST-002278,AGT-071,LOC-028,Townhouse,4,SALE,3060,3445000,3445000,0,2025-09-24,2025-10-19,2025-10-29,REMOVED,103,1
LST-002279,AGT-070,LOC-031,Apartment,4,SALE,2405,2175000,2175000,0,2025-09-25,2025-10-13,2025-11-12,REMOVED,241,5
LST-002280,AGT-012,LOC-010,Apartment,3,RENT,1570,134000,134000,0,2025-09-25,2025-10-12,2025-11-05,REMOVED,393,10
LST-002281,AGT-096,LOC-018,Apartment,0,RENT,435,35000,35000,0,2025-09-25,2025-10-02,2025-10-22,REMOVED,173,4
LST-002282,AGT-038,LOC-021,Apartment,1,SALE,885,1125000,1125000,0,2025-09-25,2025-11-17,,ACTIVE,1088,19
LST-002283,AGT-059,LOC-025,Villa,6,SALE,7140,9105000,8570000,1,2025-09-25,2025-10-04,2025-10-22,REMOVED,244,4
LST-002284,AGT-052,LOC-024,Apartment,2,RENT,1055,98000,98000,0,2025-09-25,2025-10-23,2025-11-08,EXPIRED,385,9
LST-002285,AGT-088,LOC-030,Villa,5,RENT,6140,243000,243000,0,2025-09-25,2025-12-10,2026-01-27,REMOVED,474,10
LST-002286,AGT-040,LOC-007,Apartment,1,RENT,725,104000,104000,0,2025-09-25,2025-10-01,2025-10-09,REMOVED,184,3
LST-002287,AGT-016,LOC-015,Villa,3,SALE,3495,5965000,5645000,1,2025-09-25,2025-10-04,2025-12-07,REMOVED,256,5
LST-002288,AGT-064,LOC-011,Apartment,1,RENT,615,70000,70000,0,2025-09-25,2025-10-02,2025-10-04,EXPIRED,86,1
LST-002289,AGT-035,LOC-002,Apartment,3,SALE,2055,5375000,5015000,1,2025-09-25,2025-12-29,2026-01-11,EXPIRED,384,6
LST-002290,AGT-092,LOC-026,Apartment,3,RENT,2100,232000,232000,0,2025-09-26,2025-10-07,2025-10-07,REMOVED,125,3
LST-002291,AGT-075,LOC-001,Apartment,2,RENT,1055,137000,137000,0,2025-09-26,2025-10-18,2025-10-19,EXPIRED,173,3
LST-002292,AGT-025,LOC-032,Apartment,2,RENT,1330,83000,83000,0,2025-09-26,2025-09-28,2025-10-11,REMOVED,180,4
LST-002293,AGT-013,LOC-014,Apartment,3,SALE,1935,3210000,3210000,0,2025-09-26,2025-09-28,2025-10-14,REMOVED,175,9
LST-002294,AGT-036,LOC-029,Apartment,1,SALE,705,425000,425000,0,2025-09-26,2025-09-27,2025-10-20,REMOVED,231,7
LST-002295,AGT-092,LOC-009,Apartment,2,RENT,1165,131000,127000,1,2025-09-26,2025-10-07,2025-12-11,EXPIRED,289,4
LST-002296,AGT-028,LOC-010,Apartment,1,SALE,665,750000,750000,0,2025-09-26,2025-10-06,2025-12-22,REMOVED,368,7
LST-002297,AGT-051,LOC-018,Apartment,0,RENT,420,36000,36000,0,2025-09-26,2025-10-04,2025-10-13,EXPIRED,150,3
LST-002298,AGT-033,LOC-003,Apartment,1,RENT,880,154000,142000,1,2025-09-26,2025-09-28,2025-10-25,EXPIRED,287,8
LST-002299,AGT-069,LOC-014,Apartment,0,SALE,495,1125000,1125000,0,2025-09-26,2025-10-01,2025-12-09,REMOVED,746,23
LST-002300,AGT-055,LOC-020,Townhouse,2,SALE,1730,2220000,2220000,0,2025-09-27,2025-11-17,2025-12-16,REMOVED,287,7
LST-002301,AGT-107,LOC-009,Apartment,2,SALE,990,1055000,1055000,0,2025-09-27,2025-11-02,2025-11-02,EXPIRED,192,6
LST-002302,AGT-070,LOC-003,Apartment,2,SALE,1110,2965000,2965000,0,2025-09-27,2025-09-27,2025-10-28,REMOVED,503,15
LST-002303,AGT-018,LOC-004,Apartment,0,RENT,490,95000,95000,0,2025-09-27,2025-10-11,2025-10-15,REMOVED,268,5
LST-002304,AGT-011,LOC-016,Villa,4,SALE,3940,6110000,6110000,0,2025-09-27,2025-11-26,2025-11-30,REMOVED,329,6
LST-002305,AGT-096,LOC-003,Apartment,3,RENT,2145,337000,337000,0,2025-09-27,2025-10-14,2025-10-17,EXPIRED,279,4
LST-002306,AGT-029,LOC-001,Apartment,3,RENT,1875,190000,190000,0,2025-09-27,2025-10-03,2025-10-08,EXPIRED,107,2
LST-002307,AGT-018,LOC-007,Apartment,2,SALE,1495,2900000,2900000,0,2025-09-27,2025-11-16,2026-01-12,EXPIRED,920,26
LST-002308,AGT-035,LOC-001,Apartment,2,SALE,1265,2475000,2330000,1,2025-09-27,2025-11-13,,ACTIVE,3727,103
LST-002309,AGT-095,LOC-014,Apartment,1,SALE,760,1640000,1640000,0,2025-09-27,2025-11-26,2025-12-03,REMOVED,632,21
LST-002310,AGT-018,LOC-003,Apartment,1,SALE,880,2690000,2690000,0,2025-09-28,2026-06-25,,ACTIVE,1781,46
LST-002311,AGT-046,LOC-013,Villa,3,SALE,2520,5420000,5250000,1,2025-09-28,2025-10-11,2025-11-07,EXPIRED,238,5
LST-002312,AGT-102,LOC-012,Apartment,1,RENT,835,90000,90000,0,2025-09-28,2026-04-04,2026-04-11,EXPIRED,1330,30
LST-002313,AGT-093,LOC-003,Penthouse,4,RENT,4875,987000,987000,0,2025-09-28,2025-10-12,2025-10-12,REMOVED,228,6
LST-002314,AGT-052,LOC-029,Villa,3,RENT,2985,116000,116000,0,2025-09-28,2025-10-06,2025-10-06,EXPIRED,102,4
LST-002315,AGT-075,LOC-033,Apartment,2,SALE,1105,1135000,1135000,0,2025-09-28,2025-10-05,2025-12-27,REMOVED,864,27
LST-002316,AGT-075,LOC-011,Apartment,0,SALE,485,795000,795000,0,2025-09-29,2025-11-13,2025-12-02,EXPIRED,287,6
LST-002317,AGT-057,LOC-030,Apartment,4,RENT,3070,143000,143000,0,2025-09-29,2025-11-07,2026-01-13,REMOVED,475,7
LST-002318,AGT-067,LOC-020,Apartment,1,SALE,730,985000,985000,0,2025-09-29,2025-10-08,2025-11-25,REMOVED,222,6
LST-002319,AGT-100,LOC-019,Apartment,2,RENT,985,72000,72000,0,2025-09-29,2025-10-01,2025-10-12,REMOVED,188,4
LST-002320,AGT-075,LOC-003,Apartment,0,RENT,450,75000,75000,0,2025-09-29,2025-10-28,2025-11-06,REMOVED,395,11
LST-002321,AGT-004,LOC-003,Penthouse,4,SALE,5765,19745000,19745000,0,2025-09-29,2025-10-08,2025-10-11,EXPIRED,243,7
LST-002322,AGT-068,LOC-001,Apartment,2,SALE,1065,2280000,2170000,1,2025-09-29,2025-11-22,2025-12-16,REMOVED,414,10
LST-002323,AGT-050,LOC-017,Villa,4,SALE,4675,5365000,5365000,0,2025-09-29,2025-10-13,2025-11-03,EXPIRED,189,4
LST-002324,AGT-059,LOC-009,Apartment,3,RENT,1745,189000,189000,0,2025-09-29,2025-10-01,2025-11-09,REMOVED,146,3
LST-002325,AGT-016,LOC-004,Apartment,3,SALE,1910,5445000,5445000,0,2025-09-29,2025-10-11,2025-11-02,REMOVED,171,4
LST-002326,AGT-070,LOC-014,Apartment,1,RENT,670,109000,109000,0,2025-09-29,2025-10-23,2025-11-03,REMOVED,213,4
LST-002327,AGT-090,LOC-016,Villa,4,SALE,3860,4905000,4905000,0,2025-09-29,2025-10-21,2025-10-29,REMOVED,425,12
LST-002328,AGT-037,LOC-005,Apartment,0,SALE,410,1480000,1480000,0,2025-09-29,2026-01-30,2026-02-06,EXPIRED,1055,31
LST-002329,AGT-068,LOC-009,Apartment,1,RENT,705,61000,61000,0,2025-09-29,2025-10-13,2025-10-24,REMOVED,256,7
LST-002330,AGT-055,LOC-011,Apartment,2,RENT,1140,108000,108000,0,2025-09-30,2025-10-05,2025-10-20,REMOVED,175,4
LST-002331,AGT-004,LOC-007,Apartment,3,SALE,1570,3000000,3000000,0,2025-09-30,2025-10-06,2025-11-24,EXPIRED,341,5
LST-002332,AGT-107,LOC-010,Apartment,2,RENT,1430,124000,124000,0,2025-09-30,2025-10-19,2026-01-14,REMOVED,548,9
LST-002333,AGT-025,LOC-021,Apartment,2,SALE,1295,1435000,1435000,0,2025-09-30,2025-11-23,2025-11-25,EXPIRED,234,5
LST-002334,AGT-052,LOC-022,Apartment,0,SALE,365,675000,675000,0,2025-09-30,2026-07-06,2026-07-31,EXPIRED,862,11
LST-002335,AGT-100,LOC-012,Apartment,4,SALE,3090,4200000,4200000,0,2025-09-30,2025-10-01,2025-11-06,REMOVED,208,3
LST-002336,AGT-051,LOC-011,Apartment,1,SALE,825,1440000,1440000,0,2025-09-30,2025-11-06,2025-11-15,EXPIRED,221,5
LST-002337,AGT-112,LOC-023,Apartment,1,RENT,605,56000,56000,0,2025-10-01,2025-10-06,2025-10-07,REMOVED,84,2
LST-002338,AGT-017,LOC-008,Apartment,0,SALE,470,1090000,1065000,1,2025-10-01,2025-12-22,2026-01-03,EXPIRED,525,10
LST-002339,AGT-027,LOC-006,Villa,7,SALE,12375,49620000,49620000,0,2025-10-01,2025-11-19,2026-08-06,REMOVED,4203,91
LST-002340,AGT-068,LOC-022,Apartment,1,SALE,625,840000,840000,0,2025-10-01,2025-12-13,2025-12-26,REMOVED,776,18
LST-002341,AGT-040,LOC-017,Villa,4,SALE,4530,5435000,5435000,0,2025-10-01,2025-12-20,2026-01-28,REMOVED,565,14
LST-002342,AGT-005,LOC-018,Apartment,1,RENT,900,66000,66000,0,2025-10-01,2025-10-20,2025-10-26,REMOVED,127,3
LST-002343,AGT-114,LOC-003,Apartment,2,RENT,1235,213000,213000,0,2025-10-01,2025-10-08,2025-10-16,REMOVED,120,2
LST-002344,AGT-016,LOC-025,Apartment,2,SALE,1010,1470000,1470000,0,2025-10-01,2025-10-09,2026-02-11,REMOVED,575,14
LST-002345,AGT-023,LOC-013,Townhouse,3,SALE,2680,4675000,4675000,0,2025-10-01,2025-10-16,2025-10-17,REMOVED,193,5
LST-002346,AGT-070,LOC-016,Villa,7,SALE,12060,19540000,19540000,0,2025-10-01,2025-10-01,2025-10-07,REMOVED,53,1
LST-002347,AGT-038,LOC-002,Apartment,1,SALE,665,1565000,1565000,0,2025-10-02,2026-06-23,2026-07-11,REMOVED,2644,77
LST-002348,AGT-018,LOC-009,Apartment,1,SALE,605,765000,730000,1,2025-10-02,2025-10-30,2025-10-31,REMOVED,166,5
LST-002349,AGT-100,LOC-012,Apartment,2,SALE,1475,2265000,2120000,2,2025-10-02,2025-12-08,2026-02-20,REMOVED,726,10
LST-002350,AGT-090,LOC-014,Apartment,4,SALE,2990,6635000,6130000,2,2025-10-02,2026-05-18,,ACTIVE,1606,28
LST-002351,AGT-070,LOC-026,Apartment,2,RENT,960,130000,124000,1,2025-10-02,2025-10-20,2025-10-31,REMOVED,111,2
LST-002352,AGT-045,LOC-023,Apartment,3,SALE,1965,2615000,2485000,1,2025-10-02,2026-01-16,2026-01-30,REMOVED,787,19
LST-002353,AGT-114,LOC-029,Villa,4,SALE,3740,2365000,2365000,0,2025-10-02,2026-03-30,,ACTIVE,2642,63
LST-002354,AGT-097,LOC-006,Villa,5,SALE,6705,32515000,32515000,0,2025-10-03,2025-11-26,2026-01-02,EXPIRED,689,13
LST-002355,AGT-042,LOC-002,Apartment,2,RENT,1250,139000,139000,0,2025-10-03,2025-11-24,2025-12-08,REMOVED,1069,46
LST-002356,AGT-012,LOC-006,Villa,5,RENT,5205,1342000,1342000,0,2025-10-03,2025-11-11,2026-01-25,EXPIRED,563,12
LST-002357,AGT-035,LOC-023,Apartment,1,SALE,820,1085000,1085000,0,2025-10-03,2025-10-23,2025-11-07,REMOVED,362,12
LST-002358,AGT-023,LOC-006,Villa,3,SALE,2745,14230000,14230000,0,2025-10-03,2025-11-06,2025-11-15,REMOVED,450,11
LST-002359,AGT-008,LOC-031,Apartment,2,RENT,1350,101000,101000,0,2025-10-03,2025-12-14,2025-12-30,EXPIRED,390,7
LST-002360,AGT-030,LOC-022,Villa,3,RENT,2815,190000,190000,0,2025-10-03,2025-10-12,2025-10-16,EXPIRED,305,12
LST-002361,AGT-091,LOC-023,Apartment,1,RENT,635,68000,68000,0,2025-10-04,2025-10-08,2025-10-22,REMOVED,112,2
LST-002362,AGT-026,LOC-031,Apartment,3,SALE,2045,1795000,1795000,0,2025-10-04,2025-12-22,2026-01-27,EXPIRED,597,14
LST-002363,AGT-100,LOC-023,Apartment,2,RENT,1465,123000,123000,0,2025-10-04,2025-10-07,2025-10-08,EXPIRED,77,2
LST-002364,AGT-042,LOC-010,Apartment,4,SALE,2950,3030000,3030000,0,2025-10-04,2025-11-09,2026-01-09,REMOVED,295,5
LST-002365,AGT-026,LOC-007,Apartment,0,SALE,430,1025000,1025000,0,2025-10-04,2025-11-25,2025-12-01,EXPIRED,535,10
LST-002366,AGT-092,LOC-019,Apartment,3,SALE,1520,1290000,1290000,0,2025-10-04,2025-12-23,2026-04-17,REMOVED,827,15
LST-002367,AGT-059,LOC-023,Apartment,2,SALE,1165,1480000,1480000,0,2025-10-04,2025-10-13,2025-10-18,REMOVED,86,3
LST-002368,AGT-051,LOC-004,Apartment,0,SALE,345,995000,995000,0,2025-10-05,2025-12-07,2025-12-09,REMOVED,1329,28
LST-002369,AGT-100,LOC-024,Apartment,1,SALE,905,1165000,1165000,0,2025-10-05,2025-11-15,2026-01-25,REMOVED,817,23
LST-002370,AGT-033,LOC-015,Townhouse,3,RENT,2415,267000,267000,0,2025-10-05,2025-10-13,2025-10-17,REMOVED,72,1
LST-002371,AGT-070,LOC-019,Apartment,1,RENT,695,51000,51000,0,2025-10-05,2025-11-07,2025-11-19,EXPIRED,329,8
LST-002372,AGT-088,LOC-025,Apartment,1,RENT,665,63000,63000,0,2025-10-05,2025-10-18,2025-10-27,REMOVED,205,5
LST-002373,AGT-100,LOC-023,Apartment,1,SALE,715,1035000,1010000,1,2025-10-05,2026-01-03,2026-01-15,REMOVED,529,15
LST-002374,AGT-035,LOC-018,Apartment,1,SALE,880,935000,935000,0,2025-10-05,2025-10-08,2025-11-02,REMOVED,207,4
LST-002375,AGT-055,LOC-021,Apartment,2,SALE,1275,1465000,1465000,0,2025-10-06,2026-04-20,,ACTIVE,1256,22
LST-002376,AGT-096,LOC-013,Villa,4,RENT,4965,758000,758000,0,2025-10-06,2025-10-09,2025-11-10,REMOVED,218,4
LST-002377,AGT-098,LOC-017,Apartment,1,SALE,680,820000,820000,0,2025-10-06,2025-10-07,2025-10-23,REMOVED,99,3
LST-002378,AGT-070,LOC-005,Apartment,0,RENT,375,91000,91000,0,2025-10-06,2025-11-09,2025-11-20,REMOVED,460,7
LST-002379,AGT-038,LOC-026,Apartment,2,RENT,960,149000,146000,1,2025-10-06,2025-12-24,2026-02-13,REMOVED,493,4
LST-002380,AGT-074,LOC-002,Apartment,1,RENT,730,108000,92000,2,2025-10-06,2025-10-26,2025-12-14,EXPIRED,352,7
LST-002381,AGT-109,LOC-031,Apartment,1,SALE,660,665000,620000,2,2025-10-06,2025-10-10,2025-11-29,EXPIRED,189,3
LST-002382,AGT-040,LOC-027,Villa,5,SALE,6905,20820000,20820000,0,2025-10-06,2026-01-05,2026-06-26,REMOVED,1171,23
LST-002383,AGT-071,LOC-023,Apartment,1,RENT,650,66000,66000,0,2025-10-06,2025-11-04,2025-12-14,REMOVED,531,8
LST-002384,AGT-004,LOC-022,Villa,5,SALE,5520,6980000,6980000,0,2025-10-06,2025-10-17,2025-11-13,EXPIRED,429,13
LST-002385,AGT-005,LOC-018,Apartment,1,RENT,685,49000,49000,0,2025-10-06,2025-10-13,2025-10-18,REMOVED,82,2
LST-002386,AGT-074,LOC-002,Apartment,1,RENT,910,131000,131000,0,2025-10-06,2025-11-16,2025-12-02,REMOVED,584,11
LST-002387,AGT-044,LOC-008,Apartment,3,RENT,2110,262000,245000,1,2025-10-07,2025-10-23,2025-10-30,REMOVED,181,3
LST-002388,AGT-018,LOC-018,Apartment,2,SALE,1170,1120000,1120000,0,2025-10-07,2025-10-20,2026-05-27,REMOVED,906,21
LST-002389,AGT-013,LOC-010,Apartment,2,RENT,1325,137000,137000,0,2025-10-07,2025-11-14,2025-12-11,REMOVED,278,5
LST-002390,AGT-073,LOC-025,Townhouse,3,RENT,2645,201000,201000,0,2025-10-07,2025-10-08,2025-10-20,REMOVED,136,4
LST-002391,AGT-098,LOC-014,Penthouse,3,SALE,3280,10130000,10130000,0,2025-10-07,2025-10-23,2025-11-03,REMOVED,205,4
LST-002392,AGT-070,LOC-008,Apartment,3,SALE,2110,3490000,3490000,0,2025-10-07,2025-11-01,2025-11-16,REMOVED,615,19
LST-002393,AGT-074,LOC-001,Apartment,1,SALE,915,2165000,2165000,0,2025-10-07,2026-05-20,,ACTIVE,2324,53
LST-002394,AGT-021,LOC-006,Villa,4,SALE,4430,21280000,21280000,0,2025-10-07,2025-11-13,2025-12-02,REMOVED,531,13
LST-002395,AGT-119,LOC-031,Apartment,2,RENT,1005,87000,87000,0,2025-10-07,2025-10-11,2025-10-22,REMOVED,72,1
LST-002396,AGT-030,LOC-033,Apartment,4,SALE,2805,3570000,3410000,1,2025-10-07,2026-02-27,,ACTIVE,1555,20
LST-002397,AGT-064,LOC-015,Villa,5,SALE,6965,11210000,10930000,1,2025-10-07,2025-10-26,2026-01-04,REMOVED,529,10
LST-002398,AGT-011,LOC-032,Apartment,2,RENT,1160,87000,79000,3,2025-10-07,2025-12-01,2025-12-17,REMOVED,448,9
LST-002399,AGT-008,LOC-031,Apartment,1,SALE,625,710000,660000,2,2025-10-07,2025-12-31,2026-03-25,REMOVED,465,6
LST-002400,AGT-107,LOC-008,Apartment,1,RENT,610,68000,68000,0,2025-10-07,2025-11-14,2025-11-15,REMOVED,298,10
LST-002401,AGT-075,LOC-003,Apartment,1,SALE,810,2295000,2295000,0,2025-10-07,2025-10-07,2025-11-13,EXPIRED,309,7
LST-002402,AGT-080,LOC-002,Apartment,0,RENT,470,67000,65000,1,2025-10-07,2025-10-08,2025-10-29,EXPIRED,420,10
LST-002403,AGT-118,LOC-022,Townhouse,3,RENT,2200,191000,191000,0,2025-10-07,2025-10-12,2025-10-12,REMOVED,44,1
LST-002404,AGT-021,LOC-031,Apartment,0,RENT,490,43000,43000,0,2025-10-07,2025-10-11,2025-10-22,REMOVED,95,2
LST-002405,AGT-017,LOC-001,Penthouse,2,RENT,2425,341000,341000,0,2025-10-08,2025-10-12,2025-11-01,REMOVED,334,8
LST-002406,AGT-036,LOC-031,Apartment,2,SALE,1170,1125000,1005000,2,2025-10-08,2025-12-12,2026-03-10,REMOVED,732,15
LST-002407,AGT-004,LOC-030,Villa,5,SALE,5285,2675000,2675000,0,2025-10-08,2025-10-11,2025-10-12,REMOVED,53,1
LST-002408,AGT-080,LOC-013,Townhouse,4,RENT,3200,430000,376000,2,2025-10-08,2025-12-18,2026-01-08,REMOVED,453,8
LST-002409,AGT-020,LOC-024,Apartment,1,SALE,750,1050000,1050000,0,2025-10-08,2026-06-10,2026-07-14,REMOVED,1050,17
LST-002410,AGT-120,LOC-001,Apartment,3,RENT,1500,134000,134000,0,2025-10-08,2025-10-08,2025-10-09,REMOVED,34,1
LST-002411,AGT-013,LOC-032,Apartment,2,SALE,1095,965000,880000,2,2025-10-08,2025-11-27,2026-01-24,REMOVED,522,10
LST-002412,AGT-070,LOC-005,Apartment,4,RENT,2285,299000,299000,0,2025-10-08,2025-10-25,2025-10-31,REMOVED,691,22
LST-002413,AGT-052,LOC-009,Apartment,1,SALE,945,1045000,1045000,0,2025-10-08,2025-11-02,2025-11-06,REMOVED,268,7
LST-002414,AGT-059,LOC-009,Apartment,2,SALE,1055,1200000,1200000,0,2025-10-08,2025-12-18,2026-01-11,EXPIRED,397,13
LST-002415,AGT-051,LOC-009,Apartment,2,RENT,1140,128000,128000,0,2025-10-08,2025-11-16,2025-12-01,EXPIRED,279,4
LST-002416,AGT-107,LOC-010,Apartment,2,RENT,1080,79000,79000,0,2025-10-08,2025-10-18,2025-10-22,EXPIRED,254,8
LST-002417,AGT-012,LOC-028,Townhouse,3,RENT,2250,173000,168000,1,2025-10-08,2025-11-02,2025-11-10,REMOVED,325,7
LST-002418,AGT-011,LOC-011,Apartment,3,SALE,1750,2515000,2515000,0,2025-10-08,2025-11-16,2025-12-02,REMOVED,492,9
LST-002419,AGT-059,LOC-033,Apartment,2,SALE,1335,1720000,1720000,0,2025-10-08,2025-10-14,2025-11-24,REMOVED,240,5
LST-002420,AGT-038,LOC-024,Apartment,2,SALE,1130,1615000,1615000,0,2025-10-08,2025-10-22,2025-12-04,REMOVED,212,3
LST-002421,AGT-019,LOC-013,Townhouse,3,RENT,2455,266000,266000,0,2025-10-08,2025-10-13,2025-10-23,REMOVED,192,8
LST-002422,AGT-107,LOC-013,Villa,4,SALE,3580,8370000,8050000,1,2025-10-08,2025-10-24,,ACTIVE,2554,37
LST-002423,AGT-102,LOC-024,Apartment,2,RENT,1455,126000,118000,1,2025-10-08,2025-10-19,2025-10-30,REMOVED,239,4
LST-002424,AGT-005,LOC-005,Apartment,3,SALE,1590,5540000,5145000,1,2025-10-08,2026-06-09,2026-08-14,EXPIRED,3314,66
LST-002425,AGT-119,LOC-028,Villa,3,SALE,2950,3005000,3005000,0,2025-10-08,2025-11-04,2025-11-24,EXPIRED,271,8
LST-002426,AGT-018,LOC-014,Apartment,1,SALE,800,1590000,1590000,0,2025-10-09,2025-10-18,2025-12-01,REMOVED,687,22
LST-002427,AGT-045,LOC-028,Villa,6,SALE,8265,7715000,7715000,0,2025-10-09,2025-10-24,2025-11-15,EXPIRED,278,6
LST-002428,AGT-038,LOC-019,Apartment,1,RENT,665,53000,53000,0,2025-10-09,2025-10-09,2025-10-16,REMOVED,44,1
LST-002429,AGT-095,LOC-001,Apartment,2,SALE,1500,2730000,2730000,0,2025-10-09,2025-11-03,2025-11-06,REMOVED,582,21
LST-002430,AGT-046,LOC-029,Villa,3,RENT,3210,128000,128000,0,2025-10-09,2025-11-24,2025-11-26,REMOVED,271,6
LST-002431,AGT-108,LOC-015,Villa,4,SALE,3945,5535000,5535000,0,2025-10-09,2025-10-25,2025-10-26,EXPIRED,200,6
LST-002432,AGT-014,LOC-014,Apartment,3,RENT,1980,286000,286000,0,2025-10-09,2025-10-26,2025-11-04,REMOVED,87,2
LST-002433,AGT-107,LOC-021,Apartment,1,SALE,695,795000,740000,2,2025-10-09,2025-11-25,2026-05-11,EXPIRED,937,18
LST-002434,AGT-011,LOC-007,Apartment,2,SALE,1375,2470000,2470000,0,2025-10-09,2025-10-23,2025-10-26,EXPIRED,122,2
LST-002435,AGT-059,LOC-023,Apartment,3,RENT,1880,187000,181000,1,2025-10-09,2025-12-29,2026-01-21,REMOVED,593,15
LST-002436,AGT-070,LOC-006,Villa,4,SALE,4435,24220000,24220000,0,2025-10-09,2026-02-20,2026-04-30,REMOVED,1318,19
LST-002437,AGT-096,LOC-018,Apartment,1,SALE,665,690000,690000,0,2025-10-10,2026-01-07,,ACTIVE,1686,33
LST-002438,AGT-035,LOC-009,Apartment,3,SALE,1930,1920000,1920000,0,2025-10-10,2025-10-17,2025-11-22,REMOVED,335,12
LST-002439,AGT-017,LOC-007,Apartment,3,RENT,1735,214000,214000,0,2025-10-10,2025-10-25,2025-10-26,REMOVED,384,10
LST-002440,AGT-015,LOC-001,Apartment,2,RENT,1020,108000,108000,0,2025-10-10,2025-10-10,2025-10-25,REMOVED,332,8
LST-002441,AGT-055,LOC-008,Apartment,2,SALE,1280,2775000,2660000,1,2025-10-10,2026-02-22,2026-03-16,EXPIRED,525,8
LST-002442,AGT-017,LOC-023,Apartment,3,SALE,2120,2645000,2645000,0,2025-10-10,2025-10-19,2025-10-25,REMOVED,98,2
LST-002443,AGT-028,LOC-001,Apartment,1,SALE,820,1850000,1850000,0,2025-10-10,2025-10-15,2025-12-11,EXPIRED,416,9
LST-002444,AGT-025,LOC-002,Apartment,1,SALE,685,1950000,1950000,0,2025-10-10,2026-05-13,,ACTIVE,845,17
LST-002445,AGT-100,LOC-012,Apartment,1,RENT,840,91000,91000,0,2025-10-10,2025-10-14,2025-10-26,REMOVED,206,4
LST-002446,AGT-111,LOC-013,Townhouse,4,SALE,3020,7120000,6915000,1,2025-10-10,2025-10-12,2025-11-05,REMOVED,85,1
LST-002447,AGT-103,LOC-014,Apartment,4,RENT,2930,409000,409000,0,2025-10-10,2025-10-30,2025-12-02,REMOVED,293,5
LST-002448,AGT-005,LOC-018,Apartment,1,SALE,870,1000000,935000,1,2025-10-10,2025-12-19,2026-03-24,REMOVED,738,13
LST-002449,AGT-047,LOC-019,Apartment,2,SALE,1165,1110000,1110000,0,2025-10-10,2025-10-30,2025-11-06,REMOVED,92,2
LST-002450,AGT-088,LOC-027,Villa,5,RENT,6265,831000,831000,0,2025-10-10,2025-12-21,2026-02-26,REMOVED,2036,56
LST-002451,AGT-051,LOC-012,Apartment,2,SALE,1300,1790000,1790000,0,2025-10-10,2025-11-28,2026-01-12,REMOVED,621,17
LST-002452,AGT-065,LOC-020,Apartment,0,RENT,405,58000,58000,0,2025-10-11,2025-11-10,2025-11-20,REMOVED,168,2
LST-002453,AGT-050,LOC-002,Apartment,2,SALE,1045,2265000,2265000,0,2025-10-11,2025-11-11,2025-12-05,REMOVED,621,12
LST-002454,AGT-045,LOC-014,Apartment,1,RENT,870,132000,122000,1,2025-10-11,2025-10-23,2025-11-10,REMOVED,148,3
LST-002455,AGT-019,LOC-013,Villa,3,SALE,3370,6810000,6810000,0,2025-10-11,2025-12-09,2025-12-30,REMOVED,589,12
LST-002456,AGT-046,LOC-022,Villa,3,SALE,3405,3985000,3985000,0,2025-10-11,2025-10-25,2025-11-08,EXPIRED,274,8
LST-002457,AGT-102,LOC-023,Apartment,0,RENT,445,52000,51000,1,2025-10-11,2025-12-27,2026-01-14,REMOVED,356,6
LST-002458,AGT-075,LOC-033,Apartment,2,SALE,1140,1140000,1085000,1,2025-10-11,2025-11-06,2025-12-13,REMOVED,697,26
LST-002459,AGT-051,LOC-021,Apartment,1,SALE,800,895000,860000,1,2025-10-11,2025-12-17,2026-01-02,REMOVED,280,6
LST-002460,AGT-059,LOC-023,Apartment,0,RENT,375,38000,38000,0,2025-10-11,2025-11-02,2025-11-15,REMOVED,288,6
LST-002461,AGT-070,LOC-016,Villa,3,RENT,3395,280000,280000,0,2025-10-12,2026-01-21,2026-01-26,REMOVED,1108,27
LST-002462,AGT-069,LOC-011,Apartment,2,RENT,1155,127000,127000,0,2025-10-12,2025-10-28,2025-10-29,REMOVED,133,2
LST-002463,AGT-118,LOC-019,Apartment,3,RENT,1765,125000,125000,0,2025-10-12,2025-10-18,2025-11-07,REMOVED,314,7
LST-002464,AGT-005,LOC-014,Apartment,1,RENT,690,86000,86000,0,2025-10-12,2025-10-12,2025-10-25,REMOVED,206,7
LST-002465,AGT-052,LOC-011,Apartment,1,SALE,875,1190000,1190000,0,2025-10-13,2026-01-10,2026-02-04,REMOVED,1298,42
LST-002466,AGT-096,LOC-028,Villa,4,SALE,4985,4450000,4450000,0,2025-10-13,2025-12-05,2025-12-13,REMOVED,685,21
LST-002467,AGT-051,LOC-017,Apartment,4,SALE,2465,2815000,2665000,1,2025-10-13,2025-12-31,2026-01-03,REMOVED,213,3
LST-002468,AGT-055,LOC-009,Apartment,3,SALE,1975,1870000,1870000,0,2025-10-13,2025-11-10,2025-11-13,REMOVED,274,9
LST-002469,AGT-033,LOC-004,Penthouse,3,SALE,3180,11360000,11075000,1,2025-10-13,2025-10-26,2025-11-26,REMOVED,792,26
LST-002470,AGT-011,LOC-020,Apartment,1,SALE,745,905000,905000,0,2025-10-13,2025-10-21,2025-10-21,REMOVED,36,1
LST-002471,AGT-054,LOC-014,Apartment,2,RENT,1455,245000,245000,0,2025-10-14,2025-11-05,2025-11-10,REMOVED,200,4
LST-002472,AGT-067,LOC-003,Apartment,2,RENT,1335,221000,221000,0,2025-10-14,2025-11-04,2025-11-04,REMOVED,202,4
LST-002473,AGT-061,LOC-027,Villa,5,SALE,0,16095000,16095000,0,2025-10-14,2025-11-03,2025-11-04,EXPIRED,156,4
LST-002474,AGT-004,LOC-003,Apartment,2,RENT,1415,256000,231000,2,2025-10-14,2025-11-17,2026-03-08,REMOVED,868,14
LST-002475,AGT-024,LOC-025,Townhouse,4,SALE,3325,4215000,3475000,3,2025-10-14,2025-11-12,2026-03-13,EXPIRED,1261,28
LST-002476,AGT-051,LOC-031,Apartment,1,SALE,625,650000,605000,1,2025-10-14,2025-12-18,2026-06-13,REMOVED,530,12
LST-002477,AGT-035,LOC-007,Apartment,1,RENT,665,103000,103000,0,2025-10-14,2025-10-16,2025-11-03,EXPIRED,288,6
LST-002478,AGT-026,LOC-006,Villa,4,SALE,3835,19690000,17865000,3,2025-10-14,2025-12-10,2026-05-17,REMOVED,1069,28
LST-002479,AGT-005,LOC-011,Apartment,1,RENT,945,106000,106000,0,2025-10-15,2025-10-16,2025-10-31,REMOVED,109,2
LST-002480,AGT-029,LOC-001,Apartment,2,SALE,1015,2045000,1950000,1,2025-10-15,2025-10-22,2025-11-05,REMOVED,248,6
LST-002481,AGT-012,LOC-005,Apartment,0,RENT,370,66000,64000,1,2025-10-15,2025-11-01,2025-11-10,EXPIRED,717,29
LST-002482,AGT-107,LOC-016,Villa,4,RENT,4255,373000,373000,0,2025-10-15,2025-10-25,2025-11-18,REMOVED,365,8
LST-002483,AGT-005,LOC-029,Apartment,1,SALE,770,415000,415000,0,2025-10-15,2025-10-15,2025-11-04,REMOVED,207,6
LST-002484,AGT-038,LOC-024,Apartment,2,SALE,1275,1550000,1550000,0,2025-10-15,2025-10-17,2025-12-03,REMOVED,410,10
LST-002485,AGT-075,LOC-008,Apartment,1,SALE,950,1580000,1580000,0,2025-10-15,2025-10-16,2025-11-05,EXPIRED,267,9
LST-002486,AGT-107,LOC-033,Apartment,3,SALE,1785,1730000,1730000,0,2025-10-16,2025-12-03,2025-12-11,REMOVED,660,27
LST-002487,AGT-030,LOC-011,Apartment,2,SALE,1285,2105000,2105000,0,2025-10-16,2026-02-13,2026-05-03,EXPIRED,692,10
LST-002488,AGT-024,LOC-010,Apartment,1,SALE,930,1120000,1120000,0,2025-10-16,2025-11-28,2026-01-10,REMOVED,186,3
LST-002489,AGT-075,LOC-012,Apartment,2,SALE,1280,1815000,1815000,0,2025-10-16,2025-11-24,2026-05-09,EXPIRED,1087,25
LST-002490,AGT-072,LOC-022,Townhouse,4,RENT,3390,223000,223000,0,2025-10-16,2025-10-23,2025-10-31,REMOVED,232,8
LST-002491,AGT-018,LOC-004,Apartment,0,SALE,450,1370000,1370000,0,2025-10-16,2025-11-22,2025-12-06,REMOVED,874,18
LST-002492,AGT-029,LOC-027,Villa,3,SALE,2575,6030000,6030000,0,2025-10-16,2025-10-29,2025-11-01,REMOVED,460,14
LST-002493,AGT-026,LOC-014,Penthouse,3,SALE,3490,10340000,10340000,0,2025-10-16,2025-10-30,2025-11-15,REMOVED,147,2
LST-002494,AGT-068,LOC-002,Apartment,2,RENT,1205,175000,170000,1,2025-10-16,2025-11-21,2025-12-07,REMOVED,330,5
LST-002495,AGT-068,LOC-025,Townhouse,3,SALE,2295,3660000,3425000,1,2025-10-16,2026-04-23,,ACTIVE,1181,16
LST-002496,AGT-017,LOC-006,Villa,4,RENT,3785,866000,805000,1,2025-10-17,2025-11-07,2025-11-08,REMOVED,358,11
LST-002497,AGT-012,LOC-009,Apartment,2,SALE,1195,1680000,1680000,0,2025-10-17,2026-06-25,,ACTIVE,568,10
LST-002498,AGT-073,LOC-014,Apartment,0,SALE,380,735000,735000,0,2025-10-17,2025-10-23,2025-11-02,REMOVED,137,6
LST-002499,AGT-099,LOC-003,Apartment,1,RENT,760,124000,124000,0,2025-10-17,2025-10-29,2025-12-05,REMOVED,588,18
LST-002500,AGT-077,LOC-026,Apartment,1,SALE,700,1270000,1185000,1,2025-10-17,2025-11-14,2026-04-15,EXPIRED,689,17
LST-002501,AGT-019,LOC-013,Villa,4,RENT,4970,563000,563000,0,2025-10-17,2025-10-18,2025-10-23,EXPIRED,63,2
LST-002502,AGT-011,LOC-008,Apartment,2,SALE,965,1825000,1825000,0,2025-10-17,2025-12-11,2026-02-12,EXPIRED,522,13
LST-002503,AGT-070,LOC-031,Apartment,2,SALE,1090,930000,930000,0,2025-10-17,2025-11-14,2026-02-04,REMOVED,650,14
LST-002504,AGT-092,LOC-014,Apartment,2,SALE,1315,2620000,2620000,0,2025-10-17,2025-11-09,2025-12-27,REMOVED,464,16
LST-002505,AGT-118,LOC-013,Villa,3,RENT,2800,380000,362000,1,2025-10-17,2025-10-26,2025-11-17,REMOVED,353,9
LST-002506,AGT-092,LOC-009,Apartment,1,RENT,710,65000,65000,0,2025-10-18,2025-10-29,2025-11-12,REMOVED,254,8
LST-002507,AGT-098,LOC-004,Apartment,2,RENT,1415,189000,189000,0,2025-10-18,2025-11-09,2025-11-23,REMOVED,497,11
LST-002508,AGT-017,LOC-019,Apartment,2,SALE,1315,1410000,1410000,0,2025-10-18,2025-12-07,2025-12-19,EXPIRED,321,6
LST-002509,AGT-064,LOC-012,Apartment,3,RENT,1595,149000,149000,0,2025-10-18,2025-11-17,2025-11-22,REMOVED,195,5
LST-002510,AGT-044,LOC-023,Apartment,3,SALE,2110,2970000,2895000,1,2025-10-18,2025-11-28,2025-11-29,REMOVED,261,6
LST-002511,AGT-105,LOC-032,Apartment,1,RENT,735,57000,57000,0,2025-10-19,2025-10-28,2025-11-07,EXPIRED,130,3
LST-002512,AGT-107,LOC-009,Townhouse,2,SALE,1610,1865000,1865000,0,2025-10-19,2025-11-11,2026-04-05,EXPIRED,682,19
LST-002513,AGT-045,LOC-019,Apartment,1,RENT,685,62000,62000,0,2025-10-19,2026-01-22,2026-02-02,REMOVED,645,11
LST-002514,AGT-067,LOC-006,Villa,5,SALE,6530,30715000,30715000,0,2025-10-19,2025-10-20,2026-01-02,REMOVED,380,8
LST-002515,AGT-070,LOC-018,Apartment,1,SALE,820,780000,780000,0,2025-10-19,2025-11-04,2025-11-25,REMOVED,296,9
LST-002516,AGT-013,LOC-014,Apartment,2,SALE,1230,2855000,2680000,1,2025-10-19,2025-11-07,2025-12-21,EXPIRED,286,4
LST-002517,AGT-005,LOC-019,Apartment,1,RENT,645,51000,51000,0,2025-10-20,2025-11-11,2025-12-11,REMOVED,312,6
LST-002518,AGT-059,LOC-023,Apartment,2,RENT,1445,142000,142000,0,2025-10-20,2025-10-21,2026-01-02,EXPIRED,453,9
LST-002519,AGT-070,LOC-033,Apartment,2,SALE,1390,1960000,1840000,1,2025-10-20,2025-11-21,2025-12-17,REMOVED,332,5
LST-002520,AGT-034,LOC-025,Townhouse,4,SALE,3405,4805000,4085000,3,2025-10-20,2025-12-21,2026-02-26,REMOVED,720,15
LST-002521,AGT-067,LOC-009,Apartment,2,SALE,1420,1770000,1770000,0,2025-10-20,2025-11-22,2026-01-06,REMOVED,231,5
LST-002522,AGT-112,LOC-023,Apartment,3,SALE,2095,2645000,2645000,0,2025-10-20,2025-11-03,2025-12-29,REMOVED,469,14
LST-002523,AGT-103,LOC-009,Apartment,3,SALE,1940,2445000,2445000,0,2025-10-20,2025-10-30,2025-11-01,EXPIRED,43,1
LST-002524,AGT-067,LOC-001,Apartment,1,RENT,735,109000,94000,3,2025-10-20,2026-02-25,2026-03-28,EXPIRED,1253,19
LST-002525,AGT-059,LOC-002,Penthouse,3,SALE,3220,10075000,10075000,0,2025-10-20,2025-12-04,2025-12-10,REMOVED,510,9
LST-002526,AGT-006,LOC-020,Townhouse,4,RENT,3240,262000,253000,1,2025-10-20,2026-01-03,2026-02-20,REMOVED,686,16
LST-002527,AGT-114,LOC-018,Apartment,0,SALE,380,410000,410000,0,2025-10-20,2025-11-06,2026-05-27,EXPIRED,1410,29
LST-002528,AGT-006,LOC-011,Apartment,1,RENT,885,105000,101000,1,2025-10-20,2026-03-05,2026-05-05,REMOVED,750,10
LST-002529,AGT-107,LOC-010,Apartment,0,SALE,410,495000,495000,0,2025-10-21,2026-02-08,2026-05-01,REMOVED,906,25
LST-002530,AGT-014,LOC-028,Villa,4,SALE,3755,3905000,3905000,0,2025-10-21,2025-12-07,2025-12-08,REMOVED,262,6
LST-002531,AGT-070,LOC-020,Apartment,2,SALE,1400,1910000,1910000,0,2025-10-21,2025-12-19,2026-03-22,REMOVED,898,22
LST-002532,AGT-064,LOC-022,Villa,4,SALE,3860,5345000,4845000,2,2025-10-21,2025-10-29,2025-12-09,REMOVED,243,5
LST-002533,AGT-063,LOC-031,Apartment,3,RENT,1645,111000,111000,0,2025-10-21,2026-01-17,2026-03-03,REMOVED,2026,55
LST-002534,AGT-054,LOC-022,Villa,5,RENT,5855,448000,448000,0,2025-10-21,2025-11-04,2025-11-20,REMOVED,178,3
LST-002535,AGT-100,LOC-023,Apartment,4,RENT,2550,190000,190000,0,2025-10-21,2025-11-01,2025-11-06,REMOVED,240,9
LST-002536,AGT-103,LOC-028,Villa,3,SALE,3195,3595000,3595000,0,2025-10-21,2025-10-29,2026-01-24,REMOVED,407,10
LST-002537,AGT-026,LOC-006,Villa,4,SALE,4470,22100000,21515000,1,2025-10-21,2025-10-23,2025-11-26,REMOVED,401,7
LST-002538,AGT-063,LOC-023,Apartment,2,RENT,1065,129000,129000,0,2025-10-21,2025-11-08,2025-11-22,REMOVED,134,1
LST-002539,AGT-018,LOC-018,Apartment,3,SALE,2100,1850000,1850000,0,2025-10-21,2025-12-11,2026-01-02,REMOVED,373,11
LST-002540,AGT-050,LOC-027,Apartment,1,SALE,660,2245000,2245000,0,2025-10-22,2025-11-02,2026-03-01,REMOVED,630,7
LST-002541,AGT-019,LOC-019,Apartment,1,RENT,935,83000,80000,1,2025-10-22,2026-02-23,2026-05-09,REMOVED,1145,15
LST-002542,AGT-063,LOC-003,Apartment,1,RENT,700,148000,148000,0,2025-10-22,2025-11-06,2025-12-09,REMOVED,173,2
LST-002543,AGT-051,LOC-004,Apartment,1,SALE,850,2605000,2605000,0,2025-10-22,2026-02-11,2026-05-25,REMOVED,916,19
LST-002544,AGT-028,LOC-014,Apartment,1,SALE,780,1785000,1785000,0,2025-10-22,2025-10-26,2025-12-21,EXPIRED,373,7
LST-002545,AGT-063,LOC-003,Apartment,2,SALE,1090,2995000,2995000,0,2025-10-23,2025-12-23,2026-02-08,EXPIRED,903,24
LST-002546,AGT-019,LOC-013,Villa,3,SALE,3140,7090000,7090000,0,2025-10-23,2025-11-27,2026-03-08,REMOVED,824,11
LST-002547,AGT-013,LOC-010,Apartment,3,SALE,1505,1565000,1565000,0,2025-10-23,2025-11-07,2025-11-11,REMOVED,102,2
LST-002548,AGT-087,LOC-007,Apartment,1,RENT,885,153000,142000,1,2025-10-23,2025-11-23,2026-01-07,REMOVED,292,6
LST-002549,AGT-059,LOC-033,Apartment,1,RENT,700,54000,54000,0,2025-10-23,2025-11-23,2025-12-28,REMOVED,464,10
LST-002550,AGT-019,LOC-002,Apartment,1,RENT,935,127000,127000,0,2025-10-23,2025-11-09,2025-11-30,REMOVED,400,7
LST-002551,AGT-020,LOC-002,Apartment,3,RENT,1580,214000,214000,0,2025-10-23,2025-10-23,2025-10-31,REMOVED,99,2
LST-002552,AGT-018,LOC-029,Apartment,0,SALE,340,280000,260000,2,2025-10-23,2026-04-07,2026-06-04,REMOVED,341,4
LST-002553,AGT-051,LOC-003,Penthouse,3,RENT,3425,622000,622000,0,2025-10-23,2025-11-13,2025-11-14,REMOVED,376,13
LST-002554,AGT-096,LOC-004,Apartment,1,RENT,940,156000,156000,0,2025-10-23,2025-10-24,2025-11-14,REMOVED,230,4
LST-002555,AGT-077,LOC-012,Apartment,1,SALE,910,1580000,1510000,2,2025-10-23,2025-10-25,2026-04-26,REMOVED,652,8
LST-002556,AGT-096,LOC-029,Villa,4,SALE,4400,2720000,2720000,0,2025-10-23,2025-11-06,2026-01-11,EXPIRED,548,15
LST-002557,AGT-015,LOC-005,Apartment,0,RENT,335,81000,78000,1,2025-10-24,2025-11-15,2025-11-16,REMOVED,205,4
LST-002558,AGT-092,LOC-021,Apartment,1,RENT,630,64000,60000,1,2025-10-24,2025-11-16,2025-11-30,REMOVED,135,2
LST-002559,AGT-050,LOC-011,Apartment,3,RENT,2040,217000,217000,0,2025-10-24,2025-10-31,2025-11-12,EXPIRED,157,4
LST-002560,AGT-023,LOC-001,Apartment,2,SALE,1385,2615000,2615000,0,2025-10-24,2025-10-30,2025-10-31,EXPIRED,162,5
LST-002561,AGT-074,LOC-002,Apartment,1,SALE,905,2260000,2260000,0,2025-10-24,2025-12-01,2025-12-11,REMOVED,455,9
LST-002562,AGT-068,LOC-018,Apartment,1,SALE,895,1130000,1130000,0,2025-10-24,2025-12-21,2026-03-04,REMOVED,345,5
LST-002563,AGT-011,LOC-002,Apartment,1,RENT,915,120000,120000,0,2025-10-24,2025-11-02,2025-11-13,REMOVED,220,6
LST-002564,AGT-101,LOC-029,Apartment,2,RENT,1195,57000,57000,0,2025-10-24,2025-11-03,2025-12-07,EXPIRED,320,7
LST-002565,AGT-075,LOC-012,Apartment,4,SALE,2315,2870000,2870000,0,2025-10-24,2026-01-07,2026-01-08,REMOVED,627,20
LST-002566,AGT-118,LOC-027,Apartment,0,SALE,425,1400000,1295000,2,2025-10-24,2025-12-15,2025-12-16,EXPIRED,380,7
LST-002567,AGT-045,LOC-019,Apartment,3,SALE,1680,1850000,1850000,0,2025-10-24,2025-12-29,2026-03-05,REMOVED,298,5
LST-002568,AGT-054,LOC-015,Villa,3,SALE,3000,4815000,4815000,0,2025-10-25,2025-11-19,2025-11-21,REMOVED,196,5
LST-002569,AGT-059,LOC-024,Apartment,2,RENT,1170,99000,99000,0,2025-10-25,2025-11-11,2025-11-23,REMOVED,332,9
LST-002570,AGT-009,LOC-004,Apartment,2,SALE,955,2625000,2625000,0,2025-10-25,2025-11-04,2025-11-15,REMOVED,236,5
LST-002571,AGT-005,LOC-009,Apartment,0,RENT,395,39000,39000,0,2025-10-25,2025-11-12,2025-11-30,REMOVED,322,8
LST-002572,AGT-070,LOC-015,Villa,6,SALE,7210,9615000,9615000,0,2025-10-25,2025-10-29,2025-11-11,REMOVED,249,7
LST-002573,AGT-051,LOC-022,Apartment,3,SALE,1720,1885000,1585000,3,2025-10-26,2026-05-12,2026-05-13,REMOVED,2304,73
LST-002574,AGT-097,LOC-003,Apartment,2,RENT,1155,172000,172000,0,2025-10-26,2026-01-15,2026-01-16,REMOVED,1137,34
LST-002575,AGT-070,LOC-023,Apartment,1,SALE,670,850000,850000,0,2025-10-26,2025-11-19,2025-11-24,EXPIRED,389,11
LST-002576,AGT-112,LOC-026,Apartment,2,SALE,1250,2245000,2245000,0,2025-10-26,2025-11-10,2026-04-19,REMOVED,329,5
LST-002577,AGT-038,LOC-026,Apartment,3,RENT,2200,209000,209000,0,2025-10-26,2025-10-26,2025-11-03,REMOVED,88,2
LST-002578,AGT-112,LOC-018,Apartment,1,SALE,715,675000,675000,0,2025-10-26,2025-11-29,2025-12-04,REMOVED,298,7
LST-002579,AGT-033,LOC-012,Apartment,2,RENT,995,106000,106000,0,2025-10-26,2025-11-03,2025-11-10,REMOVED,97,1
LST-002580,AGT-025,LOC-009,Townhouse,3,SALE,2050,2355000,2355000,0,2025-10-26,2025-11-26,2025-12-03,EXPIRED,313,8
LST-002581,AGT-068,LOC-002,Apartment,2,RENT,1470,164000,164000,0,2025-10-27,2025-11-02,2025-11-06,REMOVED,202,5
LST-002582,AGT-021,LOC-020,Apartment,4,RENT,2945,230000,230000,0,2025-10-27,2025-10-28,2025-11-21,EXPIRED,366,12
LST-002583,AGT-063,LOC-032,Apartment,1,SALE,780,685000,685000,0,2025-10-27,2025-12-27,2026-03-09,EXPIRED,647,13
LST-002584,AGT-059,LOC-033,Apartment,3,RENT,1705,128000,128000,0,2025-10-27,2025-11-12,2025-11-29,REMOVED,185,4
LST-002585,AGT-099,LOC-005,Apartment,0,RENT,465,124000,124000,0,2025-10-27,2025-12-14,2026-01-02,REMOVED,517,7
LST-002586,AGT-063,LOC-009,Townhouse,3,SALE,2510,2430000,2430000,0,2025-10-27,2025-11-25,2025-12-29,REMOVED,571,19
LST-002587,AGT-078,LOC-020,Apartment,3,RENT,2200,246000,238000,1,2025-10-27,2025-11-15,2025-11-18,REMOVED,191,3
LST-002588,AGT-074,LOC-009,Apartment,3,RENT,1855,177000,168000,1,2025-10-27,2025-12-08,2025-12-18,EXPIRED,281,5
LST-002589,AGT-040,LOC-003,Apartment,4,RENT,2380,320000,320000,0,2025-10-27,2025-10-31,2025-10-31,REMOVED,73,2
LST-002590,AGT-012,LOC-018,Apartment,0,RENT,390,36000,33000,3,2025-10-27,2025-11-21,2025-12-30,REMOVED,266,4
LST-002591,AGT-077,LOC-025,Villa,4,SALE,4710,6070000,6070000,0,2025-10-27,2025-11-04,2025-12-29,REMOVED,610,19
LST-002592,AGT-030,LOC-029,Apartment,1,RENT,905,49000,49000,0,2025-10-27,2025-11-06,2025-11-13,REMOVED,136,2
LST-002593,AGT-018,LOC-018,Apartment,0,RENT,445,36000,36000,0,2025-10-27,2025-11-04,2025-11-05,EXPIRED,104,2
LST-002594,AGT-070,LOC-005,Apartment,2,RENT,1330,332000,332000,0,2025-10-27,2025-11-17,2025-12-09,REMOVED,268,4
LST-002595,AGT-080,LOC-007,Apartment,1,SALE,760,1425000,1425000,0,2025-10-28,2025-11-24,2026-02-23,REMOVED,546,12
LST-002596,AGT-117,LOC-002,Apartment,1,SALE,605,1570000,1570000,0,2025-10-28,2025-11-28,2025-12-10,REMOVED,487,13
LST-002597,AGT-012,LOC-004,Apartment,0,RENT,500,90000,90000,0,2025-10-28,2025-11-06,2025-11-17,REMOVED,527,12
LST-002598,AGT-064,LOC-002,Apartment,1,RENT,740,94000,94000,0,2025-10-28,2025-11-16,2025-11-25,REMOVED,791,27
LST-002599,AGT-061,LOC-002,Apartment,2,SALE,1190,2790000,2615000,1,2025-10-28,2025-11-22,2025-12-07,REMOVED,195,3
LST-002600,AGT-093,LOC-010,Apartment,1,SALE,835,930000,930000,0,2025-10-28,2025-11-21,2026-01-14,REMOVED,411,14
LST-002601,AGT-102,LOC-032,Apartment,4,RENT,2250,136000,136000,0,2025-10-28,2025-11-17,2025-11-18,EXPIRED,193,5
LST-002602,AGT-070,LOC-023,Apartment,2,SALE,1235,1690000,1690000,0,2025-10-28,2025-11-21,2025-11-24,EXPIRED,170,3
LST-002603,AGT-038,LOC-022,Villa,5,SALE,6650,8190000,8190000,0,2025-10-28,2025-11-15,2026-01-26,REMOVED,563,18
LST-002604,AGT-033,LOC-001,Apartment,2,SALE,1465,2920000,2920000,0,2025-10-28,2025-11-12,2025-11-15,REMOVED,297,9
LST-002605,AGT-069,LOC-032,Apartment,0,SALE,380,400000,400000,0,2025-10-28,2026-04-26,2026-05-31,EXPIRED,705,10
LST-002606,AGT-023,LOC-002,Apartment,2,SALE,1020,2735000,2610000,1,2025-10-28,2026-08-02,2026-08-19,EXPIRED,1417,21
LST-002607,AGT-051,LOC-020,Townhouse,3,RENT,2550,260000,260000,0,2025-10-28,2025-11-27,2025-12-25,REMOVED,364,6
LST-002608,AGT-109,LOC-031,Apartment,2,RENT,1150,75000,75000,0,2025-10-28,2026-03-26,2026-05-02,REMOVED,1688,66
LST-002609,AGT-025,LOC-005,Apartment,2,SALE,1170,4265000,4265000,0,2025-10-29,2025-12-15,2026-03-18,REMOVED,799,12
LST-002610,AGT-075,LOC-011,Apartment,0,SALE,360,575000,575000,0,2025-10-29,2025-11-12,2025-12-05,EXPIRED,280,8
LST-002611,AGT-097,LOC-012,Apartment,2,RENT,1315,139000,139000,0,2025-10-29,2025-11-03,2025-11-07,REMOVED,105,2
LST-002612,AGT-080,LOC-018,Apartment,0,SALE,470,535000,535000,0,2025-10-29,2026-03-12,2026-03-12,REMOVED,430,10
LST-002613,AGT-024,LOC-009,Apartment,0,RENT,355,36000,36000,0,2025-10-29,2025-10-30,2025-11-06,REMOVED,71,2
LST-002614,AGT-067,LOC-009,Townhouse,3,SALE,2100,2315000,2315000,0,2025-10-29,2025-11-11,2026-01-10,REMOVED,329,7
LST-002615,AGT-038,LOC-020,Apartment,1,RENT,875,98000,98000,0,2025-10-29,2025-11-18,2025-11-25,REMOVED,119,2
LST-002616,AGT-061,LOC-028,Townhouse,3,RENT,2685,250000,250000,0,2025-10-29,2025-12-16,2026-03-08,EXPIRED,642,8
LST-002617,AGT-098,LOC-031,Apartment,3,SALE,1770,1690000,1690000,0,2025-10-29,2026-02-23,2026-07-09,REMOVED,926,19
LST-002618,AGT-075,LOC-032,Apartment,1,SALE,820,700000,700000,0,2025-10-29,2025-11-23,2025-12-03,REMOVED,167,3
LST-002619,AGT-077,LOC-032,Apartment,0,SALE,345,420000,395000,1,2025-10-29,2026-01-01,2026-01-04,REMOVED,126,2
LST-002620,AGT-052,LOC-003,Apartment,0,SALE,410,1475000,1475000,0,2025-10-29,2026-02-04,,ACTIVE,1968,40
LST-002621,AGT-111,LOC-023,Apartment,2,SALE,1105,1475000,1475000,0,2025-10-29,2025-11-23,2026-02-05,REMOVED,1368,24
LST-002622,AGT-047,LOC-025,Villa,5,RENT,5485,466000,466000,0,2025-10-29,2025-11-07,2025-11-17,REMOVED,152,3
LST-002623,AGT-117,LOC-033,Apartment,3,RENT,1760,127000,127000,0,2025-10-29,2025-11-05,2025-11-11,REMOVED,172,5
LST-002624,AGT-101,LOC-001,Apartment,1,RENT,825,92000,92000,0,2025-10-29,2025-11-10,2025-11-26,REMOVED,180,3
LST-002625,AGT-016,LOC-020,Townhouse,4,RENT,2700,197000,197000,0,2025-10-30,2025-11-05,2025-11-17,REMOVED,206,7
LST-002626,AGT-011,LOC-001,Apartment,1,RENT,880,106000,106000,0,2025-10-30,2025-11-02,2025-11-18,REMOVED,180,3
LST-002627,AGT-017,LOC-007,Apartment,3,SALE,1785,3720000,3580000,1,2025-10-30,2026-04-09,2026-04-13,REMOVED,605,8
LST-002628,AGT-103,LOC-009,Apartment,0,RENT,0,64000,64000,0,2025-10-30,2025-11-11,2025-11-14,REMOVED,62,1
LST-002629,AGT-059,LOC-023,Apartment,1,RENT,660,73000,73000,0,2025-10-30,2025-10-31,2025-11-13,REMOVED,119,2
LST-002630,AGT-061,LOC-003,Apartment,4,RENT,2845,517000,484000,1,2025-10-30,2025-11-05,2025-11-24,REMOVED,117,1
LST-002631,AGT-045,LOC-019,Apartment,2,SALE,1340,1410000,1305000,1,2025-10-31,2026-02-05,,ACTIVE,1646,26
LST-002632,AGT-014,LOC-021,Apartment,3,RENT,1645,118000,118000,0,2025-10-31,2026-02-27,2026-03-28,REMOVED,750,32
LST-002633,AGT-021,LOC-009,Apartment,1,SALE,890,1340000,1265000,1,2025-10-31,2026-01-17,2026-02-28,EXPIRED,158,2
LST-002634,AGT-012,LOC-001,Apartment,2,RENT,1310,163000,163000,0,2025-10-31,2025-11-08,2025-11-09,REMOVED,62,1
LST-002635,AGT-068,LOC-011,Apartment,2,RENT,980,102000,102000,0,2025-11-01,2025-11-13,2025-11-17,REMOVED,153,3
LST-002636,AGT-067,LOC-003,Apartment,2,RENT,1370,186000,186000,0,2025-11-01,2025-11-01,2025-11-04,REMOVED,58,2
LST-002637,AGT-087,LOC-017,Villa,6,SALE,7600,8975000,8975000,0,2025-11-01,2025-11-20,2026-03-16,REMOVED,685,11
LST-002638,AGT-050,LOC-011,Apartment,1,SALE,755,1065000,1065000,0,2025-11-01,2025-11-24,2025-12-22,REMOVED,558,14
LST-002639,AGT-050,LOC-001,Apartment,3,SALE,1735,3350000,3350000,0,2025-11-02,2025-11-11,2025-12-11,REMOVED,377,11
LST-002640,AGT-099,LOC-012,Apartment,0,RENT,425,47000,47000,0,2025-11-02,2026-01-10,2026-02-08,REMOVED,701,16
LST-002641,AGT-064,LOC-019,Apartment,1,SALE,760,755000,755000,0,2025-11-02,2025-11-06,2025-12-12,REMOVED,163,3
LST-002642,AGT-020,LOC-023,Apartment,1,RENT,675,97000,86000,2,2025-11-02,2025-11-12,2026-03-06,REMOVED,613,7
LST-002643,AGT-035,LOC-003,Apartment,1,SALE,655,2300000,2300000,0,2025-11-02,2025-12-26,2025-12-30,REMOVED,430,9
LST-002644,AGT-005,LOC-010,Townhouse,3,SALE,2125,2670000,2490000,1,2025-11-03,2025-11-29,2026-01-29,REMOVED,255,4
LST-002645,AGT-031,LOC-017,Villa,5,RENT,5380,372000,372000,0,2025-11-03,2025-11-10,2025-12-04,REMOVED,185,6
LST-002646,AGT-093,LOC-004,Apartment,4,SALE,2385,6940000,6940000,0,2025-11-03,2026-01-14,2026-01-31,REMOVED,371,7
LST-002647,AGT-046,LOC-019,Apartment,1,RENT,675,49000,49000,0,2025-11-03,2025-11-07,2025-11-16,REMOVED,104,3
LST-002648,AGT-120,LOC-009,Apartment,2,RENT,1380,159000,159000,0,2025-11-03,2025-11-07,2025-11-13,REMOVED,74,1
LST-002649,AGT-030,LOC-013,Townhouse,5,SALE,3975,7875000,7875000,0,2025-11-03,2026-03-12,2026-04-11,REMOVED,666,17
LST-002650,AGT-005,LOC-008,Apartment,1,SALE,700,1235000,1235000,0,2025-11-03,2025-12-19,2026-03-23,EXPIRED,935,20
LST-002651,AGT-026,LOC-009,Apartment,2,SALE,1195,1680000,1680000,0,2025-11-03,2025-11-26,2025-11-28,REMOVED,93,2
LST-002652,AGT-102,LOC-023,Apartment,2,RENT,1210,123000,123000,0,2025-11-03,2025-11-14,2025-11-14,REMOVED,110,2
LST-002653,AGT-101,LOC-020,Apartment,3,SALE,1930,2420000,2420000,0,2025-11-03,2025-11-17,2026-04-03,REMOVED,462,11
LST-002654,AGT-005,LOC-022,Villa,5,SALE,6805,8300000,8300000,0,2025-11-03,2025-11-16,2025-12-12,EXPIRED,287,6
LST-002655,AGT-017,LOC-007,Penthouse,2,RENT,1800,350000,350000,0,2025-11-04,2025-12-12,2025-12-19,REMOVED,307,6
LST-002656,AGT-087,LOC-032,Apartment,1,RENT,935,69000,69000,0,2025-11-04,2025-12-01,2025-12-19,REMOVED,362,9
LST-002657,AGT-013,LOC-002,Apartment,1,SALE,600,1480000,1385000,1,2025-11-04,2026-07-12,2026-07-19,EXPIRED,1834,38
LST-002658,AGT-070,LOC-026,Apartment,3,RENT,2015,189000,189000,0,2025-11-04,2025-11-10,2025-11-16,EXPIRED,108,2
LST-002659,AGT-061,LOC-014,Apartment,1,SALE,830,1775000,1775000,0,2025-11-04,2025-11-18,2025-12-15,REMOVED,350,9
LST-002660,AGT-064,LOC-003,Apartment,1,SALE,750,2775000,2560000,1,2025-11-04,2026-05-10,2026-07-27,EXPIRED,1555,19
LST-002661,AGT-048,LOC-007,Apartment,0,SALE,400,930000,885000,1,2025-11-04,2025-11-10,2026-03-01,REMOVED,592,9
LST-002662,AGT-056,LOC-023,Apartment,4,SALE,2905,3275000,3275000,0,2025-11-04,2025-11-04,2025-11-20,EXPIRED,210,6
LST-002663,AGT-068,LOC-022,Villa,3,SALE,3330,4710000,4575000,1,2025-11-04,2025-12-10,2025-12-25,REMOVED,284,8
LST-002664,AGT-092,LOC-001,Apartment,2,RENT,1270,144000,144000,0,2025-11-04,2025-11-11,2025-11-11,REMOVED,82,2
LST-002665,AGT-050,LOC-019,Apartment,1,SALE,800,765000,765000,0,2025-11-04,2026-01-13,2026-01-16,EXPIRED,593,18
LST-002666,AGT-017,LOC-007,Apartment,1,RENT,705,110000,110000,0,2025-11-04,2025-11-30,2026-01-14,REMOVED,565,16
LST-002667,AGT-061,LOC-007,Apartment,2,SALE,970,2150000,2150000,0,2025-11-04,2025-11-15,2026-03-15,REMOVED,626,12
LST-002668,AGT-019,LOC-014,Apartment,3,RENT,1595,202000,202000,0,2025-11-04,2025-11-18,2026-02-22,EXPIRED,730,17
LST-002669,AGT-033,LOC-004,Apartment,3,SALE,2125,5845000,5365000,2,2025-11-04,2025-12-10,2025-12-28,REMOVED,248,4
LST-002670,AGT-098,LOC-016,Villa,4,RENT,3985,295000,295000,0,2025-11-04,2025-11-17,2025-12-03,REMOVED,452,10
LST-002671,AGT-070,LOC-009,Apartment,1,RENT,920,89000,89000,0,2025-11-04,2025-12-10,2025-12-14,REMOVED,272,6
LST-002672,AGT-051,LOC-028,Townhouse,5,SALE,3500,3450000,3450000,0,2025-11-04,2025-12-04,2026-06-21,REMOVED,740,16
LST-002673,AGT-059,LOC-024,Apartment,3,SALE,1685,2040000,2040000,0,2025-11-04,2026-01-21,2026-04-06,REMOVED,1017,23
LST-002674,AGT-055,LOC-030,Villa,4,SALE,4655,2625000,2435000,2,2025-11-04,2025-11-23,2026-07-07,REMOVED,1102,29
LST-002675,AGT-018,LOC-022,Villa,4,SALE,4360,6115000,6115000,0,2025-11-04,2025-11-19,2026-04-22,REMOVED,690,17
LST-002676,AGT-107,LOC-009,Apartment,3,RENT,1560,134000,134000,0,2025-11-04,2025-11-13,2026-01-17,REMOVED,511,9
LST-002677,AGT-085,LOC-028,Villa,4,SALE,4980,4615000,4615000,0,2025-11-04,2025-12-23,2025-12-29,REMOVED,450,17
LST-002678,AGT-113,LOC-009,Apartment,1,RENT,865,81000,75000,1,2025-11-05,2025-11-20,2025-12-03,REMOVED,241,5
LST-002679,AGT-101,LOC-027,Apartment,4,SALE,2315,6260000,5910000,1,2025-11-05,2026-01-15,2026-01-19,REMOVED,625,10
LST-002680,AGT-064,LOC-022,Villa,4,RENT,4585,323000,323000,0,2025-11-05,2025-11-11,2025-11-16,REMOVED,102,3
LST-002681,AGT-035,LOC-011,Apartment,1,SALE,625,1085000,1085000,0,2025-11-05,2026-01-25,2026-02-22,REMOVED,548,10
LST-002682,AGT-012,LOC-009,Townhouse,3,SALE,2065,2635000,2635000,0,2025-11-05,2025-11-24,2026-03-05,REMOVED,511,8
LST-002683,AGT-059,LOC-003,Apartment,1,RENT,705,107000,107000,0,2025-11-05,2025-12-12,2025-12-18,REMOVED,422,11
LST-002684,AGT-120,LOC-021,Apartment,1,SALE,835,895000,895000,0,2025-11-05,2025-11-12,2025-12-30,EXPIRED,216,6
LST-002685,AGT-106,LOC-017,Apartment,2,RENT,1005,107000,99000,1,2025-11-05,2025-11-28,2025-12-13,REMOVED,156,2
LST-002686,AGT-017,LOC-023,Apartment,1,SALE,705,950000,950000,0,2025-11-05,2026-07-16,2026-07-23,REMOVED,1525,37
LST-002687,AGT-026,LOC-031,Apartment,2,SALE,1080,1085000,1085000,0,2025-11-05,2026-02-09,,ACTIVE,854,16
LST-002688,AGT-023,LOC-026,Apartment,0,SALE,425,1040000,1040000,0,2025-11-06,2026-01-16,2026-02-26,REMOVED,383,6
LST-002689,AGT-052,LOC-012,Apartment,3,SALE,2105,2765000,2765000,0,2025-11-06,2025-12-08,2025-12-16,REMOVED,273,9
LST-002690,AGT-018,LOC-024,Apartment,2,RENT,1120,100000,93000,1,2025-11-06,2025-11-21,2025-11-28,REMOVED,220,6
LST-002691,AGT-061,LOC-001,Apartment,2,RENT,1265,145000,145000,0,2025-11-06,2025-11-27,2025-12-08,REMOVED,284,7
LST-002692,AGT-028,LOC-030,Apartment,1,SALE,815,505000,485000,1,2025-11-06,2025-11-17,2026-01-09,EXPIRED,268,6
LST-002693,AGT-092,LOC-021,Apartment,2,RENT,1010,92000,92000,0,2025-11-06,2025-11-06,2025-11-17,REMOVED,66,2
LST-002694,AGT-073,LOC-014,Apartment,2,RENT,1490,225000,218000,1,2025-11-06,2025-11-18,2025-12-05,REMOVED,135,3
LST-002695,AGT-038,LOC-006,Villa,5,RENT,5180,1080000,1080000,0,2025-11-06,2025-12-07,2025-12-08,REMOVED,354,10
LST-002696,AGT-026,LOC-014,Apartment,1,RENT,880,113000,113000,0,2025-11-06,2025-11-06,2025-11-09,REMOVED,67,2
LST-002697,AGT-026,LOC-031,Apartment,1,RENT,670,44000,44000,0,2025-11-06,2025-11-23,2025-12-13,EXPIRED,235,8
LST-002698,AGT-063,LOC-005,Penthouse,4,SALE,5335,26740000,22720000,3,2025-11-06,2026-01-12,2026-07-20,REMOVED,1087,18
LST-002699,AGT-064,LOC-026,Apartment,2,SALE,1425,2505000,2370000,1,2025-11-06,2025-12-04,2026-02-06,REMOVED,632,11
LST-002700,AGT-050,LOC-022,Villa,4,SALE,3755,5070000,4840000,1,2025-11-06,2025-11-23,2025-12-11,REMOVED,111,2
LST-002701,AGT-063,LOC-013,Villa,6,SALE,8335,16675000,16275000,1,2025-11-07,2025-12-07,2025-12-18,REMOVED,348,8
LST-002702,AGT-075,LOC-023,Apartment,0,SALE,335,500000,500000,0,2025-11-07,2025-11-24,2025-12-09,REMOVED,218,5
LST-002703,AGT-070,LOC-005,Apartment,2,SALE,960,3725000,3575000,1,2025-11-07,2025-11-27,2025-12-21,REMOVED,298,4
LST-002704,AGT-085,LOC-018,Apartment,3,RENT,1625,106000,106000,0,2025-11-07,2025-11-17,2025-11-18,REMOVED,102,2
LST-002705,AGT-023,LOC-009,Apartment,1,SALE,605,725000,635000,2,2025-11-07,2025-12-27,2026-01-20,EXPIRED,290,7
LST-002706,AGT-026,LOC-008,Apartment,2,SALE,1440,2465000,2465000,0,2025-11-07,2025-11-18,2026-01-13,REMOVED,690,13
LST-002707,AGT-096,LOC-026,Apartment,2,SALE,1235,2110000,1885000,2,2025-11-07,2025-12-08,2026-01-13,REMOVED,238,4
LST-002708,AGT-090,LOC-001,Apartment,2,SALE,1170,2420000,2420000,0,2025-11-07,2025-12-12,2026-04-18,REMOVED,1067,27
LST-002709,AGT-044,LOC-007,Apartment,0,SALE,465,1040000,1040000,0,2025-11-07,2026-04-16,2026-08-21,EXPIRED,1350,21
LST-002710,AGT-046,LOC-013,Villa,4,SALE,4585,9170000,9170000,0,2025-11-07,2025-12-20,2025-12-21,REMOVED,395,7
LST-002711,AGT-061,LOC-020,Apartment,3,RENT,1935,200000,200000,0,2025-11-07,2025-12-06,2026-02-22,REMOVED,578,14
LST-002712,AGT-107,LOC-009,Apartment,3,SALE,2190,2980000,2845000,1,2025-11-07,2026-01-04,2026-01-11,REMOVED,130,2
LST-002713,AGT-051,LOC-003,Apartment,1,RENT,710,115000,106000,1,2025-11-07,2026-01-08,2026-02-08,REMOVED,1645,46
LST-002714,AGT-019,LOC-013,Townhouse,3,RENT,2190,290000,290000,0,2025-11-07,2025-11-12,2025-12-16,REMOVED,184,3
LST-002715,AGT-087,LOC-001,Apartment,1,RENT,610,67000,67000,0,2025-11-08,2025-11-10,2025-12-12,REMOVED,451,10
LST-002716,AGT-015,LOC-022,Apartment,2,SALE,985,1175000,1175000,0,2025-11-08,2025-11-28,2026-01-26,REMOVED,740,22
LST-002717,AGT-004,LOC-032,Apartment,2,RENT,1280,97000,97000,0,2025-11-08,2025-11-28,2025-12-11,REMOVED,224,6
LST-002718,AGT-063,LOC-029,Apartment,2,RENT,995,44000,44000,0,2025-11-08,2025-12-23,2026-01-01,EXPIRED,596,19
LST-002719,AGT-038,LOC-017,Villa,4,RENT,4680,413000,362000,2,2025-11-08,2025-11-20,2025-12-23,REMOVED,212,3
LST-002720,AGT-102,LOC-024,Apartment,2,RENT,1415,112000,112000,0,2025-11-08,2025-11-17,2025-11-17,REMOVED,142,4
LST-002721,AGT-056,LOC-022,Villa,3,RENT,3370,233000,233000,0,2025-11-08,2025-11-08,2025-11-13,REMOVED,84,2
LST-002722,AGT-119,LOC-018,Apartment,1,SALE,925,925000,925000,0,2025-11-08,2026-01-21,2026-01-29,EXPIRED,450,13
LST-002723,AGT-087,LOC-018,Apartment,2,SALE,970,1105000,930000,3,2025-11-08,2026-08-26,,ACTIVE,975,18
LST-002724,AGT-033,LOC-009,Apartment,2,RENT,1220,141000,135000,1,2025-11-09,2025-12-12,2025-12-28,REMOVED,196,4
LST-002725,AGT-120,LOC-005,Apartment,2,RENT,1320,274000,257000,1,2025-11-09,2025-11-18,2025-12-03,REMOVED,220,4
LST-002726,AGT-017,LOC-008,Apartment,3,SALE,2150,3370000,3370000,0,2025-11-09,2025-12-31,2026-01-15,EXPIRED,539,19
LST-002727,AGT-017,LOC-001,Apartment,2,SALE,1295,2585000,2380000,2,2025-11-09,2025-12-29,2026-01-09,REMOVED,535,15
LST-002728,AGT-070,LOC-010,Apartment,1,RENT,735,62000,62000,0,2025-11-09,2025-11-16,2025-11-25,EXPIRED,217,8
LST-002729,AGT-052,LOC-033,Apartment,1,SALE,765,995000,995000,0,2025-11-09,2026-01-24,,ACTIVE,1362,31
LST-002730,AGT-117,LOC-006,Villa,4,RENT,4510,959000,959000,0,2025-11-09,2025-12-30,2026-01-31,REMOVED,930,28
LST-002731,AGT-092,LOC-011,Apartment,3,SALE,1640,2180000,2180000,0,2025-11-09,2026-05-18,2026-06-17,REMOVED,1250,26
LST-002732,AGT-067,LOC-009,Apartment,1,SALE,940,1155000,1155000,0,2025-11-10,2025-12-05,2025-12-12,REMOVED,129,3
LST-002733,AGT-059,LOC-024,Apartment,1,SALE,750,1125000,1125000,0,2025-11-10,2025-11-29,2025-12-14,REMOVED,216,5
LST-002734,AGT-118,LOC-031,Apartment,3,SALE,1825,1765000,1765000,0,2025-11-10,2026-01-07,2026-01-14,REMOVED,334,6
LST-002735,AGT-018,LOC-008,Apartment,1,RENT,785,95000,95000,0,2025-11-10,2025-11-11,2025-11-28,REMOVED,96,2
LST-002736,AGT-064,LOC-011,Apartment,2,SALE,1130,1385000,1385000,0,2025-11-10,2025-11-17,2025-12-27,REMOVED,348,9
LST-002737,AGT-028,LOC-023,Apartment,1,SALE,905,1355000,1355000,0,2025-11-11,2025-11-16,2025-12-01,EXPIRED,122,2
LST-002738,AGT-001,LOC-001,Apartment,1,SALE,780,1635000,1545000,1,2025-11-11,2025-12-19,2026-05-04,REMOVED,999,18
LST-002739,AGT-102,LOC-016,Villa,5,SALE,6735,11585000,9710000,3,2025-11-11,2026-05-09,2026-07-10,EXPIRED,870,11
LST-002740,AGT-052,LOC-008,Apartment,0,SALE,475,890000,890000,0,2025-11-11,2025-11-24,2026-01-14,REMOVED,649,20
LST-002741,AGT-083,LOC-002,Apartment,0,SALE,400,1020000,1020000,0,2025-11-11,2025-11-11,2025-12-11,REMOVED,319,8
LST-002742,AGT-074,LOC-025,Townhouse,3,SALE,2065,2970000,2970000,0,2025-11-11,2026-03-11,,ACTIVE,1426,31
LST-002743,AGT-005,LOC-005,Apartment,3,RENT,1870,303000,303000,0,2025-11-11,2025-11-23,2025-12-05,EXPIRED,471,12
LST-002744,AGT-115,LOC-008,Apartment,1,SALE,650,1330000,1330000,0,2025-11-11,2026-01-12,2026-04-25,REMOVED,831,18
LST-002745,AGT-063,LOC-017,Villa,3,RENT,2610,238000,238000,0,2025-11-11,2025-11-12,2026-01-03,REMOVED,373,7
LST-002746,AGT-101,LOC-003,Apartment,1,SALE,615,1815000,1815000,0,2025-11-11,2025-12-01,2025-12-14,EXPIRED,317,7
LST-002747,AGT-082,LOC-009,Townhouse,5,SALE,3955,4820000,4820000,0,2025-11-11,2025-12-24,2026-01-12,REMOVED,160,2
LST-002748,AGT-004,LOC-004,Apartment,2,SALE,1240,3580000,3580000,0,2025-11-11,2025-11-26,2025-12-04,EXPIRED,136,2
LST-002749,AGT-090,LOC-014,Apartment,3,SALE,1800,3710000,3710000,0,2025-11-11,2026-02-15,2026-02-27,REMOVED,658,16
LST-002750,AGT-072,LOC-008,Apartment,1,SALE,950,2025000,1695000,3,2025-11-12,2026-03-19,2026-03-27,REMOVED,392,6
LST-002751,AGT-020,LOC-011,Apartment,3,RENT,1680,133000,133000,0,2025-11-12,2025-11-17,2025-11-19,REMOVED,97,4
LST-002752,AGT-067,LOC-018,Apartment,1,SALE,835,845000,745000,2,2025-11-12,2025-12-30,2026-01-06,EXPIRED,400,9
LST-002753,AGT-119,LOC-011,Apartment,2,SALE,1365,2185000,2185000,0,2025-11-12,2025-12-21,2025-12-23,REMOVED,241,6
LST-002754,AGT-079,LOC-002,Apartment,0,SALE,350,1015000,870000,3,2025-11-12,2025-11-23,2026-05-23,REMOVED,967,16
LST-002755,AGT-025,LOC-002,Apartment,3,RENT,2145,233000,233000,0,2025-11-12,2025-11-18,2025-11-30,REMOVED,482,9
LST-002756,AGT-046,LOC-024,Apartment,2,RENT,1315,118000,105000,2,2025-11-12,2026-01-09,2026-01-10,REMOVED,376,5
LST-002757,AGT-001,LOC-028,Villa,4,SALE,4260,4460000,4260000,1,2025-11-12,2026-05-08,,ACTIVE,1640,31
LST-002758,AGT-074,LOC-029,Apartment,3,SALE,2015,1220000,1220000,0,2025-11-12,2025-12-19,2025-12-25,EXPIRED,173,4
LST-002759,AGT-052,LOC-003,Apartment,4,RENT,3145,435000,435000,0,2025-11-12,2025-12-12,2025-12-16,REMOVED,363,8
LST-002760,AGT-067,LOC-003,Apartment,1,SALE,725,2550000,2495000,1,2025-11-12,2025-11-25,2025-12-18,REMOVED,334,5
LST-002761,AGT-078,LOC-017,Townhouse,5,SALE,3725,5250000,4435000,3,2025-11-12,2026-01-13,2026-05-15,REMOVED,379,6
LST-002762,AGT-030,LOC-018,Apartment,2,SALE,1060,1155000,1155000,0,2025-11-12,2026-01-18,2026-03-07,EXPIRED,399,9
LST-002763,AGT-024,LOC-012,Apartment,2,SALE,1480,1850000,1850000,0,2025-11-12,2025-11-13,2026-01-24,REMOVED,723,28
LST-002764,AGT-120,LOC-004,Apartment,4,SALE,3170,8780000,7535000,2,2025-11-12,2026-01-18,2026-02-12,REMOVED,360,5
LST-002765,AGT-027,LOC-009,Apartment,2,SALE,1435,1365000,1365000,0,2025-11-13,2025-11-23,2025-12-12,REMOVED,368,12
LST-002766,AGT-045,LOC-033,Apartment,2,RENT,1380,110000,110000,0,2025-11-13,2025-12-09,2025-12-11,EXPIRED,193,4
LST-002767,AGT-054,LOC-022,Townhouse,4,RENT,3390,300000,300000,0,2025-11-13,2025-11-20,2025-11-26,REMOVED,69,1
LST-002768,AGT-087,LOC-001,Apartment,2,SALE,1010,2205000,2065000,1,2025-11-13,2025-12-09,2025-12-25,REMOVED,423,6
LST-002769,AGT-059,LOC-026,Apartment,2,SALE,1320,2400000,2400000,0,2025-11-13,2026-01-03,2026-04-21,REMOVED,544,7
LST-002770,AGT-063,LOC-012,Apartment,2,RENT,1350,125000,125000,0,2025-11-13,2025-11-22,2025-11-22,EXPIRED,190,4
LST-002771,AGT-052,LOC-013,Villa,4,SALE,4140,8300000,8300000,0,2025-11-13,2026-01-12,2026-02-03,REMOVED,420,11
LST-002772,AGT-033,LOC-004,Apartment,1,SALE,760,2235000,2235000,0,2025-11-13,2025-12-04,2025-12-08,EXPIRED,219,6
LST-002773,AGT-038,LOC-022,Townhouse,3,SALE,2295,3820000,3535000,1,2025-11-13,2025-11-25,2026-03-06,REMOVED,500,8
LST-002774,AGT-012,LOC-009,Apartment,3,SALE,2040,2870000,2765000,1,2025-11-13,2026-02-23,2026-05-11,REMOVED,382,6
LST-002775,AGT-023,LOC-018,Apartment,0,RENT,400,34000,34000,0,2025-11-13,2025-11-21,2025-11-25,REMOVED,83,2
LST-002776,AGT-107,LOC-010,Apartment,0,RENT,415,43000,43000,0,2025-11-13,2025-11-21,2025-12-16,REMOVED,474,11
LST-002777,AGT-026,LOC-031,Apartment,1,SALE,850,985000,895000,2,2025-11-14,2026-03-01,2026-03-07,EXPIRED,391,6
LST-002778,AGT-053,LOC-031,Apartment,2,SALE,1190,1025000,1025000,0,2025-11-14,2025-12-27,2025-12-28,REMOVED,270,6
LST-002779,AGT-096,LOC-010,Apartment,1,SALE,670,950000,950000,0,2025-11-14,2025-11-21,2025-12-15,EXPIRED,104,1
LST-002780,AGT-072,LOC-017,Townhouse,3,SALE,2395,2605000,2605000,0,2025-11-14,2026-03-27,2026-06-16,REMOVED,1641,56
LST-002781,AGT-014,LOC-031,Apartment,1,SALE,750,605000,605000,0,2025-11-14,2025-11-16,2025-11-20,EXPIRED,81,2
LST-002782,AGT-013,LOC-014,Apartment,3,SALE,1660,3760000,3760000,0,2025-11-14,2026-01-09,2026-01-16,REMOVED,187,4
LST-002783,AGT-002,LOC-026,Apartment,1,SALE,890,1215000,1215000,0,2025-11-14,2025-11-26,2025-11-29,REMOVED,207,10
LST-002784,AGT-059,LOC-022,Villa,4,SALE,3810,4325000,4325000,0,2025-11-14,2025-12-12,2025-12-16,REMOVED,584,21
LST-002785,AGT-025,LOC-004,Apartment,2,SALE,1135,2655000,2655000,0,2025-11-14,2025-11-14,2025-12-23,EXPIRED,575,21
LST-002786,AGT-010,LOC-019,Apartment,1,RENT,945,87000,87000,0,2025-11-14,2025-12-12,2025-12-12,REMOVED,175,3
LST-002787,AGT-065,LOC-014,Apartment,1,RENT,685,99000,99000,0,2025-11-14,2025-11-17,2025-11-26,EXPIRED,72,1
LST-002788,AGT-026,LOC-011,Apartment,2,RENT,1455,136000,136000,0,2025-11-15,2025-11-23,2025-12-03,REMOVED,171,4
LST-002789,AGT-024,LOC-017,Apartment,1,SALE,690,880000,880000,0,2025-11-15,2026-01-04,2026-01-12,REMOVED,302,5
LST-002790,AGT-057,LOC-020,Apartment,2,RENT,1015,125000,122000,1,2025-11-15,2026-01-03,2026-01-07,REMOVED,288,3
LST-002791,AGT-001,LOC-009,Apartment,1,SALE,715,905000,905000,0,2025-11-15,2025-11-17,2026-01-26,REMOVED,412,9
LST-002792,AGT-064,LOC-007,Apartment,1,RENT,645,84000,84000,0,2025-11-15,2025-11-29,2025-12-18,EXPIRED,325,10
LST-002793,AGT-059,LOC-031,Apartment,2,SALE,1255,1145000,1145000,0,2025-11-15,2025-12-04,2025-12-13,REMOVED,96,2
LST-002794,AGT-053,LOC-017,Townhouse,2,SALE,1820,2370000,2370000,0,2025-11-15,2026-03-23,2026-03-26,REMOVED,458,7
LST-002795,AGT-115,LOC-020,Apartment,1,SALE,640,880000,880000,0,2025-11-15,2026-02-23,2026-03-16,REMOVED,914,24
LST-002796,AGT-004,LOC-028,Villa,5,SALE,6610,6620000,6620000,0,2025-11-15,2026-01-12,2026-02-07,REMOVED,395,8
LST-002797,AGT-042,LOC-009,Townhouse,3,RENT,2030,160000,160000,0,2025-11-15,2025-11-17,2025-12-01,EXPIRED,148,3
LST-002798,AGT-011,LOC-017,Villa,5,SALE,6355,6360000,6360000,0,2025-11-16,2025-11-23,2025-12-13,EXPIRED,351,12
LST-002799,AGT-074,LOC-025,Townhouse,3,SALE,2155,2765000,2765000,0,2025-11-16,2025-11-24,2025-12-06,REMOVED,131,4
LST-002800,AGT-102,LOC-023,Apartment,2,SALE,990,1660000,1660000,0,2025-11-16,2026-03-09,2026-04-02,REMOVED,357,4
LST-002801,AGT-077,LOC-007,Apartment,2,RENT,1450,196000,196000,0,2025-11-16,2025-12-11,2026-01-05,REMOVED,270,6
LST-002802,AGT-026,LOC-004,Apartment,1,RENT,900,134000,134000,0,2025-11-16,2025-11-30,2025-12-16,REMOVED,491,9
LST-002803,AGT-118,LOC-007,Apartment,1,SALE,710,1535000,1535000,0,2025-11-16,2025-11-25,2025-11-25,REMOVED,61,1
LST-002804,AGT-118,LOC-026,Apartment,0,RENT,385,50000,50000,0,2025-11-16,2025-11-21,2025-11-24,REMOVED,124,2
LST-002805,AGT-005,LOC-019,Apartment,2,SALE,1220,1035000,1035000,0,2025-11-16,2025-12-05,2026-01-05,REMOVED,311,9
LST-002806,AGT-102,LOC-005,Apartment,3,RENT,2110,548000,533000,1,2025-11-17,2026-01-02,2026-02-19,REMOVED,454,7
LST-002807,AGT-061,LOC-020,Apartment,4,RENT,2225,216000,216000,0,2025-11-17,2025-12-07,2025-12-07,REMOVED,111,3
LST-002808,AGT-083,LOC-001,Apartment,0,RENT,495,62000,62000,0,2025-11-17,2025-11-24,2026-01-05,REMOVED,728,14
LST-002809,AGT-030,LOC-025,Apartment,1,SALE,770,1190000,1190000,0,2025-11-17,2025-11-28,2025-12-19,REMOVED,225,6
LST-002810,AGT-059,LOC-024,Apartment,3,SALE,1705,2875000,2625000,2,2025-11-17,2026-01-10,2026-01-25,REMOVED,145,2
LST-002811,AGT-019,LOC-012,Apartment,1,RENT,665,83000,83000,0,2025-11-17,2026-02-04,2026-02-04,EXPIRED,360,5
LST-002812,AGT-024,LOC-033,Apartment,1,RENT,725,58000,55000,1,2025-11-17,2025-12-01,2025-12-09,REMOVED,135,4
LST-002813,AGT-115,LOC-007,Apartment,2,SALE,1490,3230000,3160000,1,2025-11-17,2026-01-27,2026-04-13,REMOVED,676,13
LST-002814,AGT-063,LOC-009,Apartment,3,SALE,1535,1800000,1680000,1,2025-11-17,2026-03-24,2026-04-23,REMOVED,506,9
LST-002815,AGT-011,LOC-025,Townhouse,4,SALE,3490,4265000,3855000,2,2025-11-17,2025-12-20,2026-01-11,REMOVED,594,19
LST-002816,AGT-070,LOC-001,Apartment,2,RENT,1500,207000,207000,0,2025-11-17,2025-12-03,2025-12-05,REMOVED,154,2
LST-002817,AGT-105,LOC-027,Apartment,4,RENT,3150,511000,497000,1,2025-11-18,2025-11-29,2025-12-15,REMOVED,226,5
LST-002818,AGT-074,LOC-026,Apartment,2,RENT,1125,131000,126000,1,2025-11-18,2025-11-19,2025-12-17,EXPIRED,113,3
LST-002819,AGT-064,LOC-003,Apartment,0,SALE,440,1635000,1585000,1,2025-11-18,2025-12-25,2026-02-06,REMOVED,440,6
LST-002820,AGT-083,LOC-010,Apartment,0,SALE,350,430000,430000,0,2025-11-18,2025-12-16,2026-01-12,EXPIRED,387,7
LST-002821,AGT-056,LOC-021,Apartment,1,SALE,660,630000,630000,0,2025-11-18,2025-12-09,2025-12-10,REMOVED,316,8
LST-002822,AGT-054,LOC-023,Apartment,1,RENT,655,73000,73000,0,2025-11-18,2025-12-19,2025-12-26,REMOVED,137,2
LST-002823,AGT-011,LOC-027,Villa,4,RENT,3920,540000,540000,0,2025-11-18,2025-11-24,2025-11-26,REMOVED,122,3
LST-002824,AGT-013,LOC-031,Apartment,2,SALE,1425,1180000,1180000,0,2025-11-18,2026-04-16,2026-05-15,REMOVED,1348,41
LST-002825,AGT-077,LOC-018,Apartment,1,SALE,675,610000,610000,0,2025-11-18,2025-11-22,2025-12-13,EXPIRED,178,5
LST-002826,AGT-087,LOC-033,Apartment,1,RENT,825,59000,59000,0,2025-11-18,2025-11-21,2025-11-29,REMOVED,107,3
LST-002827,AGT-033,LOC-012,Apartment,2,RENT,1190,126000,121000,1,2025-11-19,2025-12-21,2025-12-22,REMOVED,466,8
LST-002828,AGT-045,LOC-010,Townhouse,4,SALE,3355,3235000,3235000,0,2025-11-19,2026-02-17,2026-04-06,EXPIRED,798,30
LST-002829,AGT-109,LOC-017,Villa,3,RENT,3330,296000,271000,2,2025-11-19,2026-01-07,2026-01-15,REMOVED,183,3
LST-002830,AGT-067,LOC-016,Villa,3,SALE,2925,4735000,4735000,0,2025-11-19,2025-12-26,2026-02-03,EXPIRED,459,6
LST-002831,AGT-068,LOC-014,Apartment,2,RENT,1250,213000,213000,0,2025-11-19,2026-02-21,2026-02-27,REMOVED,495,6
LST-002832,AGT-068,LOC-022,Villa,3,RENT,2615,238000,223000,2,2025-11-19,2025-12-03,2026-01-08,REMOVED,353,7
LST-002833,AGT-119,LOC-028,Townhouse,3,SALE,2585,2510000,2510000,0,2025-11-19,2026-01-15,2026-02-23,EXPIRED,408,12
LST-002834,AGT-067,LOC-020,Apartment,3,RENT,2190,274000,274000,0,2025-11-19,2025-11-30,2025-12-18,REMOVED,121,2
LST-002835,AGT-005,LOC-002,Apartment,2,RENT,1140,144000,144000,0,2025-11-19,2025-11-24,2025-12-16,REMOVED,524,16
LST-002836,AGT-087,LOC-032,Apartment,1,RENT,860,68000,68000,0,2025-11-19,2025-11-29,2026-01-03,REMOVED,370,9
LST-002837,AGT-060,LOC-007,Apartment,1,RENT,950,141000,141000,0,2025-11-19,2025-11-25,2025-12-13,REMOVED,174,5
LST-002838,AGT-083,LOC-002,Apartment,1,RENT,920,138000,138000,0,2025-11-19,2025-11-19,2025-12-05,REMOVED,91,2
LST-002839,AGT-004,LOC-024,Apartment,2,RENT,1120,92000,86000,1,2025-11-20,2026-01-10,2026-01-14,EXPIRED,604,20
LST-002840,AGT-118,LOC-001,Apartment,2,SALE,1425,3230000,3230000,0,2025-11-20,2026-01-10,2026-04-25,REMOVED,649,8
LST-002841,AGT-017,LOC-004,Apartment,2,SALE,1345,3470000,3470000,0,2025-11-20,2025-11-27,2025-12-10,REMOVED,381,8
LST-002842,AGT-107,LOC-010,Apartment,2,RENT,1200,94000,94000,0,2025-11-20,2025-11-23,2025-11-29,REMOVED,155,4
LST-002843,AGT-070,LOC-005,Apartment,1,RENT,850,181000,181000,0,2025-11-20,2025-12-21,2026-01-08,REMOVED,573,11
LST-002844,AGT-054,LOC-023,Apartment,2,SALE,1245,1645000,1645000,0,2025-11-20,2025-11-25,2025-11-28,EXPIRED,79,3
LST-002845,AGT-005,LOC-005,Apartment,2,RENT,1120,227000,227000,0,2025-11-20,2025-11-27,2026-01-08,REMOVED,775,24
LST-002846,AGT-059,LOC-003,Apartment,2,SALE,1235,3855000,3855000,0,2025-11-20,2026-04-18,,ACTIVE,1598,37
LST-002847,AGT-019,LOC-001,Apartment,2,RENT,1055,103000,103000,0,2025-11-20,2025-12-02,2025-12-05,REMOVED,290,7
LST-002848,AGT-026,LOC-025,Villa,5,SALE,5665,7615000,7615000,0,2025-11-20,2025-12-13,2025-12-17,REMOVED,158,4
LST-002849,AGT-013,LOC-001,Apartment,4,RENT,2330,227000,227000,0,2025-11-20,2025-11-30,2025-12-04,REMOVED,159,3
LST-002850,AGT-059,LOC-028,Villa,5,SALE,5725,6405000,6405000,0,2025-11-21,2025-11-21,2026-01-20,REMOVED,181,3
LST-002851,AGT-075,LOC-012,Apartment,2,SALE,1100,1570000,1470000,1,2025-11-21,2025-11-26,2026-02-01,REMOVED,608,16
LST-002852,AGT-059,LOC-026,Apartment,2,SALE,1075,1535000,1535000,0,2025-11-21,2026-01-12,2026-01-12,EXPIRED,278,6
LST-002853,AGT-117,LOC-010,Apartment,0,SALE,370,490000,490000,0,2025-11-21,2026-03-11,2026-07-01,REMOVED,582,10
LST-002854,AGT-102,LOC-024,Apartment,0,SALE,520,810000,810000,0,2025-11-21,2026-08-14,,ACTIVE,1784,43
LST-002855,AGT-107,LOC-010,Apartment,1,SALE,805,1000000,1000000,0,2025-11-21,2026-02-09,2026-05-21,REMOVED,701,17
LST-002856,AGT-021,LOC-032,Apartment,0,SALE,410,405000,395000,1,2025-11-21,2026-04-17,,ACTIVE,1237,28
LST-002857,AGT-106,LOC-001,Apartment,1,RENT,645,85000,85000,0,2025-11-21,2025-11-24,2025-12-03,REMOVED,107,2
LST-002858,AGT-011,LOC-013,Villa,5,SALE,5335,11215000,10735000,1,2025-11-21,2025-12-13,2025-12-15,REMOVED,199,4
LST-002859,AGT-005,LOC-002,Apartment,1,RENT,705,95000,95000,0,2025-11-21,2025-12-27,2025-12-30,REMOVED,512,11
LST-002860,AGT-042,LOC-017,Townhouse,3,SALE,2055,3020000,2940000,1,2025-11-21,2026-01-19,2026-01-25,REMOVED,148,2
LST-002861,AGT-025,LOC-002,Apartment,3,SALE,1725,4120000,4120000,0,2025-11-21,2025-11-30,2025-12-04,REMOVED,143,3
LST-002862,AGT-051,LOC-017,Apartment,2,SALE,1010,1270000,1270000,0,2025-11-21,2025-12-28,2026-03-18,EXPIRED,495,9
LST-002863,AGT-092,LOC-016,Villa,7,RENT,12350,861000,861000,0,2025-11-21,2025-12-03,2025-12-03,REMOVED,153,3
LST-002864,AGT-041,LOC-021,Apartment,2,SALE,1350,1340000,1340000,0,2025-11-21,2025-12-20,2026-01-18,EXPIRED,578,12
LST-002865,AGT-027,LOC-021,Apartment,1,SALE,945,1160000,1035000,2,2025-11-21,2026-05-03,,ACTIVE,436,6
LST-002866,AGT-102,LOC-025,Townhouse,2,SALE,1685,2525000,2525000,0,2025-11-21,2025-11-23,2025-12-01,EXPIRED,75,1
LST-002867,AGT-063,LOC-011,Apartment,2,SALE,1485,2005000,2005000,0,2025-11-21,2025-12-26,2026-01-15,REMOVED,420,13
LST-002868,AGT-056,LOC-023,Apartment,1,SALE,830,1260000,1140000,2,2025-11-21,2025-12-19,2026-02-11,EXPIRED,468,7
LST-002869,AGT-107,LOC-013,Villa,6,RENT,9060,1285000,1285000,0,2025-11-22,2025-11-22,2025-12-15,EXPIRED,161,3
LST-002870,AGT-011,LOC-029,Apartment,2,RENT,1265,59000,59000,0,2025-11-22,2025-11-24,2025-11-28,EXPIRED,66,1
LST-002871,AGT-064,LOC-001,Apartment,3,RENT,1775,182000,182000,0,2025-11-22,2025-11-25,2025-12-05,REMOVED,176,5
LST-002872,AGT-107,LOC-010,Apartment,1,RENT,850,82000,82000,0,2025-11-22,2025-11-25,2025-11-27,REMOVED,36,1
LST-002873,AGT-064,LOC-004,Apartment,2,RENT,975,118000,118000,0,2025-11-22,2025-11-25,2025-12-02,REMOVED,124,5
LST-002874,AGT-009,LOC-026,Apartment,0,RENT,390,43000,43000,0,2025-11-23,2026-02-01,2026-02-28,REMOVED,749,16
LST-002875,AGT-002,LOC-007,Penthouse,4,SALE,5015,13590000,13590000,0,2025-11-23,2025-12-19,2026-03-08,REMOVED,811,18
LST-002876,AGT-014,LOC-031,Apartment,0,RENT,340,29000,29000,0,2025-11-23,2025-12-09,2025-12-16,EXPIRED,172,4
LST-002877,AGT-118,LOC-014,Apartment,2,RENT,1205,165000,165000,0,2025-11-23,2025-12-06,2025-12-11,REMOVED,106,2
LST-002878,AGT-025,LOC-021,Apartment,3,RENT,1825,123000,123000,0,2025-11-23,2025-11-26,2025-12-01,EXPIRED,121,4
LST-002879,AGT-064,LOC-003,Apartment,1,SALE,645,2145000,2145000,0,2025-11-23,2025-12-19,2026-02-02,REMOVED,514,9
LST-002880,AGT-070,LOC-009,Apartment,0,RENT,490,62000,62000,0,2025-11-23,2025-12-21,2026-01-14,EXPIRED,256,5
LST-002881,AGT-103,LOC-001,Apartment,0,RENT,385,49000,49000,0,2025-11-24,2025-12-03,2026-01-23,REMOVED,749,17
LST-002882,AGT-038,LOC-006,Villa,6,SALE,9150,44255000,44255000,0,2025-11-24,2025-12-28,2026-01-19,REMOVED,475,12
LST-002883,AGT-092,LOC-025,Townhouse,4,RENT,3080,228000,206000,3,2025-11-24,2026-02-06,2026-02-18,EXPIRED,966,30
LST-002884,AGT-047,LOC-021,Apartment,1,SALE,790,915000,915000,0,2025-11-24,2026-04-14,2026-05-11,EXPIRED,468,10
LST-002885,AGT-063,LOC-012,Apartment,3,SALE,1900,2935000,2935000,0,2025-11-24,2025-12-22,2026-01-05,EXPIRED,203,4
LST-002886,AGT-020,LOC-028,Townhouse,4,RENT,3490,236000,236000,0,2025-11-24,2025-12-18,2026-01-07,REMOVED,228,4
LST-002887,AGT-075,LOC-010,Apartment,1,RENT,940,97000,92000,1,2025-11-24,2026-03-28,,ACTIVE,1156,16
LST-002888,AGT-005,LOC-017,Villa,4,RENT,4910,414000,414000,0,2025-11-24,2025-12-07,2025-12-18,EXPIRED,142,2
LST-002889,AGT-013,LOC-014,Apartment,0,SALE,345,730000,730000,0,2025-11-24,2025-12-14,2025-12-23,EXPIRED,288,9
LST-002890,AGT-017,LOC-024,Apartment,1,RENT,660,67000,67000,0,2025-11-24,2025-12-23,2026-01-20,REMOVED,233,3
LST-002891,AGT-050,LOC-024,Apartment,3,RENT,1745,142000,142000,0,2025-11-24,2025-11-25,2025-12-13,REMOVED,339,8
LST-002892,AGT-075,LOC-011,Apartment,1,RENT,660,82000,76000,2,2025-11-24,2025-12-10,2026-05-18,REMOVED,849,16
LST-002893,AGT-023,LOC-001,Apartment,2,RENT,1310,150000,150000,0,2025-11-24,2025-11-30,2026-01-02,REMOVED,235,4
LST-002894,AGT-112,LOC-018,Apartment,1,SALE,700,820000,795000,1,2025-11-24,2026-05-07,,ACTIVE,1059,20
LST-002895,AGT-030,LOC-025,Apartment,3,RENT,1720,177000,177000,0,2025-11-24,2025-11-26,2025-12-14,REMOVED,98,2
LST-002896,AGT-009,LOC-002,Apartment,3,SALE,1570,3350000,3350000,0,2025-11-25,2025-12-27,2026-03-28,EXPIRED,1615,43
LST-002897,AGT-115,LOC-020,Apartment,1,RENT,695,80000,80000,0,2025-11-25,2025-12-26,2025-12-30,REMOVED,190,3
LST-002898,AGT-086,LOC-001,Apartment,1,RENT,635,65000,65000,0,2025-11-25,2026-01-04,2026-01-13,REMOVED,530,16
LST-002899,AGT-055,LOC-014,Apartment,2,SALE,1455,3075000,3075000,0,2025-11-25,2025-12-29,2026-01-17,EXPIRED,356,8
LST-002900,AGT-068,LOC-003,Apartment,3,RENT,1565,221000,221000,0,2025-11-25,2025-11-27,2025-12-07,REMOVED,206,5
LST-002901,AGT-070,LOC-031,Apartment,2,SALE,1090,1015000,1015000,0,2025-11-25,2026-01-17,2026-01-25,REMOVED,358,10
LST-002902,AGT-107,LOC-016,Townhouse,3,RENT,2435,191000,191000,0,2025-11-25,2025-12-01,2025-12-07,REMOVED,213,7
LST-002903,AGT-090,LOC-018,Apartment,3,RENT,1850,133000,133000,0,2025-11-25,2025-12-15,2025-12-17,EXPIRED,184,5
LST-002904,AGT-064,LOC-010,Apartment,1,RENT,825,87000,87000,0,2025-11-25,2026-01-06,2026-02-04,REMOVED,479,8
LST-002905,AGT-018,LOC-005,Apartment,1,SALE,640,1865000,1865000,0,2025-11-25,2025-12-13,2025-12-31,REMOVED,749,22
LST-002906,AGT-016,LOC-021,Apartment,3,SALE,1730,1845000,1705000,1,2025-11-25,2025-12-10,2026-01-18,REMOVED,192,4
LST-002907,AGT-005,LOC-004,Penthouse,3,RENT,3615,774000,724000,1,2025-11-25,2025-12-19,2026-01-26,REMOVED,482,10
LST-002908,AGT-026,LOC-022,Townhouse,2,RENT,1595,149000,143000,1,2025-11-25,2025-12-24,2026-01-20,EXPIRED,316,6
LST-002909,AGT-059,LOC-027,Apartment,4,SALE,2275,6245000,6245000,0,2025-11-25,2026-02-13,2026-08-19,EXPIRED,1800,37
LST-002910,AGT-015,LOC-031,Apartment,2,SALE,1045,905000,905000,0,2025-11-25,2025-11-26,2026-03-26,REMOVED,779,18
LST-002911,AGT-075,LOC-013,Townhouse,4,RENT,3305,425000,407000,1,2025-11-25,2026-01-07,2026-01-18,REMOVED,433,11
LST-002912,AGT-011,LOC-031,Apartment,1,SALE,690,645000,615000,2,2025-11-25,2025-12-18,2026-04-20,REMOVED,1111,32
LST-002913,AGT-026,LOC-024,Apartment,2,SALE,1285,1740000,1740000,0,2025-11-25,2026-05-03,2026-05-25,REMOVED,1583,29
LST-002914,AGT-114,LOC-005,Apartment,0,SALE,460,1695000,1695000,0,2025-11-26,2025-12-20,2025-12-21,REMOVED,500,15
LST-002915,AGT-021,LOC-004,Apartment,1,RENT,935,159000,153000,1,2025-11-26,2025-12-09,2025-12-20,REMOVED,274,5
LST-002916,AGT-012,LOC-028,Villa,5,SALE,5845,6085000,6085000,0,2025-11-26,2026-01-20,2026-06-09,REMOVED,707,12
LST-002917,AGT-038,LOC-001,Apartment,2,RENT,1065,138000,138000,0,2025-11-26,2025-11-27,2025-12-09,REMOVED,272,5
LST-002918,AGT-001,LOC-010,Townhouse,4,SALE,3115,3815000,3815000,0,2025-11-26,2025-12-02,2025-12-25,REMOVED,160,3
LST-002919,AGT-107,LOC-005,Apartment,2,RENT,1050,193000,193000,0,2025-11-26,2025-11-27,2025-12-19,REMOVED,467,13
LST-002920,AGT-046,LOC-033,Apartment,1,RENT,610,56000,56000,0,2025-11-26,2026-03-20,2026-04-08,REMOVED,501,6
LST-002921,AGT-070,LOC-013,Villa,3,SALE,3120,6220000,6220000,0,2025-11-26,2025-12-07,2025-12-12,REMOVED,274,6
LST-002922,AGT-087,LOC-002,Apartment,2,SALE,1005,2065000,2065000,0,2025-11-26,2025-12-22,2026-03-29,REMOVED,1803,71
LST-002923,AGT-028,LOC-032,Apartment,3,SALE,2045,1905000,1520000,3,2025-11-26,2026-01-28,2026-05-28,REMOVED,745,12
LST-002924,AGT-002,LOC-009,Townhouse,3,SALE,1920,2220000,2220000,0,2025-11-26,2026-03-09,2026-03-28,REMOVED,849,17
LST-002925,AGT-062,LOC-033,Apartment,1,RENT,880,82000,70000,3,2025-11-26,2025-12-04,2026-02-28,REMOVED,506,7
LST-002926,AGT-068,LOC-011,Apartment,2,SALE,1340,1875000,1875000,0,2025-11-27,2025-11-27,2025-12-17,REMOVED,98,2
LST-002927,AGT-102,LOC-011,Apartment,2,SALE,1110,1745000,1745000,0,2025-11-27,2026-01-03,2026-01-05,REMOVED,156,4
LST-002928,AGT-096,LOC-003,Apartment,2,SALE,965,3075000,3075000,0,2025-11-27,2025-12-12,2026-04-06,REMOVED,436,7
LST-002929,AGT-070,LOC-005,Apartment,2,RENT,1150,258000,258000,0,2025-11-27,2025-12-02,2025-12-12,EXPIRED,109,2
LST-002930,AGT-120,LOC-025,Villa,5,RENT,6580,508000,508000,0,2025-11-27,2025-12-04,2025-12-12,REMOVED,109,2
LST-002931,AGT-080,LOC-031,Apartment,1,SALE,785,725000,725000,0,2025-11-27,2025-12-23,2025-12-25,REMOVED,215,6
LST-002932,AGT-091,LOC-008,Apartment,2,SALE,1495,2760000,2760000,0,2025-11-27,2025-12-14,2025-12-21,EXPIRED,250,6
LST-002933,AGT-005,LOC-032,Apartment,2,SALE,1230,1040000,1040000,0,2025-11-27,2026-01-09,2026-02-03,EXPIRED,316,7
LST-002934,AGT-069,LOC-012,Apartment,1,SALE,635,875000,875000,0,2025-11-27,2025-12-23,2026-03-12,EXPIRED,631,13
LST-002935,AGT-070,LOC-007,Apartment,0,SALE,350,885000,860000,1,2025-11-27,2025-12-13,2026-04-05,REMOVED,634,13
LST-002936,AGT-052,LOC-028,Townhouse,2,RENT,1460,129000,125000,1,2025-11-27,2026-02-28,2026-03-02,REMOVED,262,4
LST-002937,AGT-070,LOC-016,Villa,4,RENT,4370,349000,349000,0,2025-11-27,2025-12-16,2026-01-07,REMOVED,149,2
LST-002938,AGT-064,LOC-032,Apartment,1,SALE,670,605000,605000,0,2025-11-27,2026-01-31,2026-02-18,REMOVED,851,18
LST-002939,AGT-046,LOC-004,Apartment,3,SALE,2180,5710000,5710000,0,2025-11-27,2025-11-30,2025-12-21,REMOVED,241,5
LST-002940,AGT-117,LOC-012,Apartment,2,RENT,1020,115000,115000,0,2025-11-28,2025-12-05,2025-12-07,EXPIRED,91,1
LST-002941,AGT-063,LOC-012,Apartment,0,SALE,345,630000,585000,1,2025-11-28,2026-04-21,2026-06-27,REMOVED,698,8
LST-002942,AGT-006,LOC-011,Apartment,1,RENT,910,109000,106000,1,2025-11-28,2026-02-23,2026-04-25,REMOVED,786,14
LST-002943,AGT-019,LOC-012,Apartment,3,SALE,1700,2350000,2350000,0,2025-11-28,2026-08-18,,ACTIVE,2314,61
LST-002944,AGT-060,LOC-016,Villa,5,RENT,5645,471000,440000,1,2025-11-28,2025-12-15,2025-12-24,EXPIRED,201,6
LST-002945,AGT-026,LOC-023,Apartment,3,RENT,1580,157000,139000,2,2025-11-28,2026-01-14,2026-02-26,REMOVED,652,10
LST-002946,AGT-075,LOC-002,Apartment,1,SALE,795,1770000,1770000,0,2025-11-28,2026-01-08,2026-01-12,EXPIRED,378,11
LST-002947,AGT-070,LOC-019,Apartment,1,SALE,625,655000,655000,0,2025-11-28,2025-12-25,2026-02-03,REMOVED,388,8
LST-002948,AGT-118,LOC-023,Apartment,2,SALE,1300,1740000,1740000,0,2025-11-28,2025-12-10,2026-02-13,REMOVED,457,13
LST-002949,AGT-028,LOC-021,Apartment,1,SALE,920,965000,965000,0,2025-11-28,2025-12-10,2025-12-27,REMOVED,147,4
LST-002950,AGT-005,LOC-021,Apartment,1,RENT,650,60000,60000,0,2025-11-28,2025-12-08,2025-12-12,EXPIRED,48,1
LST-002951,AGT-117,LOC-019,Apartment,1,SALE,935,980000,980000,0,2025-11-28,2025-12-06,2025-12-28,EXPIRED,93,2
LST-002952,AGT-045,LOC-020,Apartment,2,SALE,1315,1880000,1880000,0,2025-11-28,2026-01-17,2026-02-01,REMOVED,322,7
LST-002953,AGT-011,LOC-030,Apartment,1,SALE,755,550000,525000,1,2025-11-28,2025-12-04,2026-02-05,REMOVED,155,3
LST-002954,AGT-023,LOC-002,Apartment,1,SALE,890,2095000,2095000,0,2025-11-28,2026-03-21,2026-04-11,REMOVED,1049,24
LST-002955,AGT-075,LOC-007,Penthouse,3,SALE,3135,7695000,7695000,0,2025-11-28,2025-12-10,2025-12-20,REMOVED,180,6
LST-002956,AGT-111,LOC-022,Townhouse,4,SALE,2725,3755000,3755000,0,2025-11-28,2026-06-15,2026-08-17,EXPIRED,1294,31
LST-002957,AGT-067,LOC-007,Apartment,1,RENT,875,148000,141000,1,2025-11-29,2025-12-26,2026-01-08,EXPIRED,164,3
LST-002958,AGT-027,LOC-009,Apartment,3,SALE,2130,2255000,2255000,0,2025-11-29,2026-02-02,2026-07-18,REMOVED,1159,32
LST-002959,AGT-004,LOC-008,Apartment,1,SALE,770,1495000,1410000,1,2025-11-29,2026-01-03,2026-01-06,REMOVED,244,4
LST-002960,AGT-015,LOC-005,Apartment,1,RENT,675,161000,161000,0,2025-11-29,2025-12-04,2026-01-25,REMOVED,867,15
LST-002961,AGT-019,LOC-022,Villa,5,SALE,5745,7670000,7670000,0,2025-11-30,2026-03-27,2026-03-27,REMOVED,470,10
LST-002962,AGT-059,LOC-001,Apartment,3,RENT,2140,285000,285000,0,2025-11-30,2026-03-31,2026-06-11,EXPIRED,876,10
LST-002963,AGT-021,LOC-023,Apartment,1,RENT,810,75000,75000,0,2025-11-30,2025-12-14,2025-12-14,REMOVED,164,6
LST-002964,AGT-088,LOC-007,Apartment,3,RENT,1970,248000,248000,0,2025-11-30,2025-12-09,2025-12-20,REMOVED,262,6
LST-002965,AGT-075,LOC-032,Apartment,2,RENT,1325,113000,109000,1,2025-11-30,2025-12-03,2026-03-11,EXPIRED,415,4
LST-002966,AGT-028,LOC-006,Villa,5,SALE,6660,31250000,27145000,3,2025-12-01,2026-05-28,2026-07-15,EXPIRED,2991,86
LST-002967,AGT-106,LOC-011,Apartment,2,SALE,1485,2180000,2180000,0,2025-12-01,2025-12-07,2025-12-07,REMOVED,51,1
LST-002968,AGT-028,LOC-029,Villa,5,RENT,5585,240000,240000,0,2025-12-01,2025-12-16,2025-12-24,REMOVED,162,4
LST-002969,AGT-107,LOC-022,Apartment,1,SALE,845,1150000,1150000,0,2025-12-01,2026-01-07,2026-04-10,REMOVED,877,27
LST-002970,AGT-102,LOC-024,Apartment,3,RENT,1870,167000,167000,0,2025-12-01,2025-12-20,2025-12-21,REMOVED,162,3
LST-002971,AGT-102,LOC-007,Apartment,1,RENT,730,117000,117000,0,2025-12-01,2026-01-20,2026-01-27,REMOVED,415,6
LST-002972,AGT-019,LOC-013,Villa,4,SALE,4770,9495000,9495000,0,2025-12-01,2025-12-20,2025-12-26,REMOVED,208,6
LST-002973,AGT-005,LOC-023,Apartment,3,RENT,2035,161000,161000,0,2025-12-01,2025-12-15,2025-12-19,REMOVED,319,7
LST-002974,AGT-041,LOC-030,Apartment,1,SALE,770,470000,470000,0,2025-12-01,2025-12-05,2026-01-16,REMOVED,340,6
LST-002975,AGT-070,LOC-016,Villa,5,RENT,5990,513000,513000,0,2025-12-02,2025-12-06,2025-12-20,REMOVED,212,3
LST-002976,AGT-070,LOC-013,Townhouse,4,RENT,3185,421000,421000,0,2025-12-02,2025-12-12,2026-01-11,REMOVED,280,5
LST-002977,AGT-092,LOC-025,Townhouse,3,SALE,2065,3070000,2930000,2,2025-12-02,2026-03-13,2026-08-14,EXPIRED,1001,21
LST-002978,AGT-017,LOC-033,Apartment,1,SALE,760,1050000,1020000,1,2025-12-02,2026-05-03,2026-05-18,REMOVED,506,8
LST-002979,AGT-038,LOC-009,Apartment,4,RENT,3060,253000,253000,0,2025-12-02,2025-12-11,2026-01-08,REMOVED,554,17
LST-002980,AGT-015,LOC-007,Apartment,1,SALE,615,1460000,1260000,2,2025-12-02,2026-01-22,2026-04-18,EXPIRED,650,13
LST-002981,AGT-055,LOC-022,Villa,3,SALE,2670,3790000,3790000,0,2025-12-02,2025-12-06,2025-12-13,REMOVED,78,1
LST-002982,AGT-062,LOC-004,Apartment,2,RENT,1160,180000,180000,0,2025-12-02,2025-12-08,2026-01-20,REMOVED,578,17
LST-002983,AGT-086,LOC-029,Apartment,1,SALE,755,475000,475000,0,2025-12-02,2025-12-30,2026-01-02,REMOVED,367,11
LST-002984,AGT-066,LOC-014,Apartment,0,RENT,440,85000,82000,1,2025-12-02,2025-12-17,2026-01-19,EXPIRED,217,3
LST-002985,AGT-035,LOC-022,Apartment,1,RENT,805,69000,69000,0,2025-12-02,2025-12-03,2026-01-12,REMOVED,314,9
LST-002986,AGT-017,LOC-009,Apartment,2,SALE,1440,1435000,1435000,0,2025-12-02,2025-12-17,2025-12-28,REMOVED,195,7
LST-002987,AGT-069,LOC-025,Townhouse,3,RENT,2230,175000,175000,0,2025-12-02,2025-12-08,2025-12-11,REMOVED,99,3
LST-002988,AGT-004,LOC-001,Apartment,1,SALE,685,1460000,1460000,0,2025-12-02,2025-12-08,2025-12-15,EXPIRED,163,4
LST-002989,AGT-017,LOC-010,Apartment,2,RENT,1370,147000,147000,0,2025-12-02,2025-12-18,2025-12-29,REMOVED,187,4
LST-002990,AGT-026,LOC-002,Apartment,1,RENT,800,109000,109000,0,2025-12-02,2025-12-04,2025-12-17,REMOVED,165,5
LST-002991,AGT-051,LOC-017,Townhouse,3,SALE,2210,2505000,2505000,0,2025-12-03,2026-01-12,2026-01-16,REMOVED,547,11
LST-002992,AGT-075,LOC-006,Villa,3,RENT,3140,740000,740000,0,2025-12-03,2025-12-07,2025-12-14,REMOVED,238,5
LST-002993,AGT-051,LOC-002,Apartment,1,RENT,720,82000,82000,0,2025-12-03,2025-12-03,2025-12-06,REMOVED,82,2
LST-002994,AGT-062,LOC-011,Apartment,0,SALE,365,620000,620000,0,2025-12-03,2026-01-05,2026-01-07,REMOVED,181,3
LST-002995,AGT-049,LOC-015,Villa,7,SALE,11005,12615000,12615000,0,2025-12-03,2026-01-12,2026-02-16,REMOVED,614,19
LST-002996,AGT-075,LOC-023,Apartment,2,RENT,1405,128000,128000,0,2025-12-03,2025-12-08,2025-12-10,EXPIRED,139,4
LST-002997,AGT-113,LOC-023,Apartment,0,RENT,485,53000,49000,2,2025-12-03,2026-01-18,2026-04-07,EXPIRED,1205,20
LST-002998,AGT-021,LOC-032,Apartment,1,RENT,765,51000,51000,0,2025-12-03,2025-12-03,2025-12-31,REMOVED,193,6
LST-002999,AGT-070,LOC-015,Villa,5,RENT,5035,559000,559000,0,2025-12-03,2025-12-28,2026-02-16,REMOVED,287,5
LST-003000,AGT-070,LOC-005,Apartment,1,RENT,640,106000,106000,0,2025-12-03,2025-12-04,2025-12-05,REMOVED,92,4
LST-003001,AGT-038,LOC-003,Apartment,1,SALE,895,3385000,3385000,0,2025-12-03,2026-06-24,,ACTIVE,931,11
LST-003002,AGT-112,LOC-007,Apartment,2,SALE,1115,2440000,2340000,1,2025-12-03,2025-12-11,2026-02-07,REMOVED,763,14
LST-003003,AGT-013,LOC-029,Apartment,0,SALE,400,285000,285000,0,2025-12-04,2025-12-28,2026-02-03,EXPIRED,328,6
LST-003004,AGT-102,LOC-015,Townhouse,3,RENT,2190,183000,183000,0,2025-12-04,2025-12-08,2025-12-10,REMOVED,84,2
LST-003005,AGT-057,LOC-001,Apartment,2,SALE,1045,2100000,2100000,0,2025-12-04,2026-01-19,2026-02-08,REMOVED,731,17
LST-003006,AGT-062,LOC-007,Apartment,1,RENT,785,149000,143000,1,2025-12-04,2026-01-03,2026-02-13,REMOVED,180,2
LST-003007,AGT-107,LOC-027,Apartment,2,SALE,1100,2710000,2710000,0,2025-12-04,2025-12-14,2026-01-06,REMOVED,673,17
LST-003008,AGT-117,LOC-019,Apartment,2,RENT,1240,91000,91000,0,2025-12-04,2025-12-06,2025-12-08,REMOVED,22,1
LST-003009,AGT-069,LOC-012,Apartment,1,SALE,950,1590000,1590000,0,2025-12-04,2025-12-30,2026-01-20,EXPIRED,253,4
LST-003010,AGT-071,LOC-007,Apartment,1,SALE,680,1475000,1410000,1,2025-12-04,2026-01-23,2026-02-23,REMOVED,504,11
LST-003011,AGT-041,LOC-008,Apartment,1,SALE,680,1315000,1215000,1,2025-12-04,2026-01-29,2026-02-01,REMOVED,276,8
LST-003012,AGT-050,LOC-027,Apartment,1,RENT,610,108000,108000,0,2025-12-04,2025-12-05,2025-12-13,REMOVED,176,6
LST-003013,AGT-098,LOC-018,Apartment,0,SALE,395,375000,375000,0,2025-12-04,2025-12-04,2026-01-27,REMOVED,418,11
LST-003014,AGT-103,LOC-009,Townhouse,2,SALE,1485,1810000,1810000,0,2025-12-04,2026-01-16,2026-01-22,REMOVED,169,4
LST-003015,AGT-029,LOC-031,Apartment,2,SALE,1075,855000,855000,0,2025-12-04,2026-01-02,2026-01-13,REMOVED,417,10
LST-003016,AGT-012,LOC-028,Villa,4,SALE,3700,4040000,4040000,0,2025-12-04,2025-12-05,2026-07-03,REMOVED,1301,23
LST-003017,AGT-019,LOC-026,Apartment,3,RENT,1665,167000,167000,0,2025-12-04,2025-12-11,2025-12-25,REMOVED,304,8
LST-003018,AGT-021,LOC-018,Apartment,2,SALE,1440,1520000,1445000,1,2025-12-05,2026-04-24,2026-04-29,REMOVED,616,10
LST-003019,AGT-109,LOC-023,Apartment,1,SALE,815,1160000,1160000,0,2025-12-05,2025-12-27,2026-05-07,EXPIRED,1093,22
LST-003020,AGT-044,LOC-001,Apartment,1,SALE,825,2085000,2085000,0,2025-12-05,2026-05-27,2026-07-08,REMOVED,1402,24
LST-003021,AGT-075,LOC-010,Townhouse,3,RENT,2325,176000,176000,0,2025-12-05,2025-12-19,2025-12-23,REMOVED,81,2
LST-003022,AGT-067,LOC-020,Apartment,3,SALE,1500,2120000,2120000,0,2025-12-05,2026-03-10,2026-04-14,REMOVED,409,7
LST-003023,AGT-062,LOC-009,Apartment,2,SALE,1140,1230000,1230000,0,2025-12-05,2026-01-21,2026-04-09,REMOVED,1066,26
LST-003024,AGT-070,LOC-004,Apartment,1,SALE,725,2085000,2085000,0,2025-12-05,2025-12-27,2025-12-27,REMOVED,188,6
LST-003025,AGT-044,LOC-007,Apartment,2,RENT,1265,217000,217000,0,2025-12-05,2026-02-05,2026-03-29,REMOVED,452,7
LST-003026,AGT-014,LOC-013,Townhouse,3,RENT,2070,265000,250000,1,2025-12-05,2025-12-16,2026-01-10,REMOVED,258,6
LST-003027,AGT-085,LOC-014,Apartment,1,SALE,675,1565000,1565000,0,2025-12-05,2026-01-06,2026-01-23,REMOVED,201,4
LST-003028,AGT-037,LOC-028,Townhouse,3,SALE,2215,2445000,2445000,0,2025-12-05,2025-12-15,2026-01-23,REMOVED,166,4
LST-003029,AGT-112,LOC-001,Penthouse,3,SALE,3005,7920000,7565000,1,2025-12-05,2026-01-01,2026-02-23,REMOVED,924,21
LST-003030,AGT-028,LOC-025,Apartment,3,RENT,2140,195000,195000,0,2025-12-05,2025-12-17,2026-01-11,EXPIRED,424,12
LST-003031,AGT-019,LOC-009,Apartment,2,SALE,1430,1840000,1840000,0,2025-12-06,2026-01-24,2026-01-24,REMOVED,118,2
LST-003032,AGT-069,LOC-011,Apartment,1,SALE,660,1105000,1020000,1,2025-12-06,2025-12-29,2026-01-07,REMOVED,286,7
LST-003033,AGT-102,LOC-023,Apartment,2,RENT,1005,109000,109000,0,2025-12-06,2025-12-20,2026-01-23,REMOVED,242,6
LST-003034,AGT-112,LOC-018,Apartment,1,SALE,755,880000,765000,3,2025-12-06,2026-02-27,2026-03-17,REMOVED,333,4
LST-003035,AGT-069,LOC-012,Apartment,0,SALE,415,645000,645000,0,2025-12-06,2025-12-08,2025-12-19,REMOVED,80,2
LST-003036,AGT-095,LOC-014,Apartment,1,SALE,765,1545000,1545000,0,2025-12-06,2026-01-14,2026-01-29,REMOVED,495,11
LST-003037,AGT-101,LOC-003,Apartment,1,RENT,925,186000,172000,1,2025-12-06,2026-02-21,2026-03-25,REMOVED,843,17
LST-003038,AGT-092,LOC-010,Apartment,2,SALE,1020,1050000,1050000,0,2025-12-06,2025-12-16,2025-12-20,REMOVED,148,5
LST-003039,AGT-015,LOC-001,Apartment,1,SALE,675,1810000,1810000,0,2025-12-06,2026-06-09,2026-06-16,REMOVED,1188,16
LST-003040,AGT-009,LOC-007,Apartment,0,RENT,365,57000,57000,0,2025-12-07,2025-12-17,2025-12-18,REMOVED,91,2
LST-003041,AGT-075,LOC-001,Apartment,2,RENT,1350,144000,144000,0,2025-12-07,2025-12-17,2025-12-18,REMOVED,113,2
LST-003042,AGT-073,LOC-020,Apartment,1,RENT,660,70000,70000,0,2025-12-07,2025-12-10,2025-12-12,EXPIRED,58,1
LST-003043,AGT-011,LOC-016,Villa,5,SALE,6115,8380000,8380000,0,2025-12-07,2026-03-13,2026-03-14,EXPIRED,670,15
LST-003044,AGT-015,LOC-020,Apartment,1,SALE,680,825000,825000,0,2025-12-07,2025-12-28,2025-12-29,EXPIRED,230,6
LST-003045,AGT-102,LOC-023,Apartment,2,SALE,1185,1710000,1710000,0,2025-12-07,2025-12-24,2026-01-05,REMOVED,198,5
LST-003046,AGT-009,LOC-017,Apartment,1,RENT,750,77000,72000,1,2025-12-08,2026-01-08,2026-01-12,REMOVED,401,11
LST-003047,AGT-068,LOC-001,Apartment,1,SALE,820,1490000,1490000,0,2025-12-08,2026-01-04,2026-02-06,REMOVED,1332,38
LST-003048,AGT-115,LOC-020,Apartment,2,SALE,955,1170000,1170000,0,2025-12-08,2026-02-08,2026-08-27,REMOVED,2279,56
LST-003049,AGT-008,LOC-026,Apartment,2,RENT,1075,116000,116000,0,2025-12-08,2026-01-31,2026-04-15,REMOVED,1064,24
LST-003050,AGT-107,LOC-029,Villa,5,SALE,6375,3075000,3075000,0,2025-12-08,2026-02-17,2026-02-24,REMOVED,480,14
LST-003051,AGT-035,LOC-002,Apartment,3,SALE,1970,4535000,4420000,1,2025-12-08,2026-01-21,2026-03-30,REMOVED,1218,22
LST-003052,AGT-107,LOC-026,Apartment,3,SALE,2045,3295000,3050000,1,2025-12-08,2026-01-09,2026-01-09,REMOVED,125,3
LST-003053,AGT-059,LOC-033,Apartment,1,SALE,735,1005000,940000,1,2025-12-08,2025-12-26,2026-01-16,REMOVED,89,2
LST-003054,AGT-087,LOC-001,Apartment,3,SALE,1820,3635000,3365000,1,2025-12-08,2025-12-25,2025-12-31,REMOVED,196,5
LST-003055,AGT-115,LOC-018,Apartment,2,SALE,970,985000,985000,0,2025-12-08,2026-04-08,2026-05-23,REMOVED,1388,28
LST-003056,AGT-014,LOC-028,Villa,5,RENT,6725,446000,446000,0,2025-12-09,2025-12-15,2025-12-21,REMOVED,121,3
LST-003057,AGT-075,LOC-010,Apartment,0,RENT,365,34000,34000,0,2025-12-09,2025-12-10,2025-12-12,REMOVED,51,1
LST-003058,AGT-006,LOC-020,Townhouse,4,RENT,3355,292000,271000,2,2025-12-09,2025-12-14,2026-03-18,REMOVED,460,13
LST-003059,AGT-045,LOC-011,Apartment,2,RENT,1200,142000,142000,0,2025-12-09,2025-12-17,2025-12-21,EXPIRED,67,1
LST-003060,AGT-099,LOC-010,Apartment,2,SALE,1450,1535000,1535000,0,2025-12-09,2026-01-10,2026-02-03,REMOVED,318,11
LST-003061,AGT-061,LOC-032,Apartment,0,SALE,515,495000,495000,0,2025-12-09,2026-08-09,,ACTIVE,738,22
LST-003062,AGT-012,LOC-010,Apartment,1,SALE,645,815000,815000,0,2025-12-10,2026-04-23,,ACTIVE,782,17
LST-003063,AGT-062,LOC-017,Villa,5,SALE,6430,6820000,6820000,0,2025-12-10,2025-12-18,2026-02-15,REMOVED,453,13
LST-003064,AGT-083,LOC-011,Apartment,2,RENT,1025,92000,92000,0,2025-12-10,2025-12-17,2025-12-22,REMOVED,117,4
LST-003065,AGT-028,LOC-025,Townhouse,3,RENT,2305,165000,165000,0,2025-12-10,2025-12-15,2026-01-04,REMOVED,247,8
LST-003066,AGT-008,LOC-001,Apartment,1,SALE,640,1255000,1255000,0,2025-12-10,2025-12-26,2026-01-27,EXPIRED,631,17
LST-003067,AGT-075,LOC-033,Apartment,1,SALE,830,1145000,1145000,0,2025-12-10,2026-03-20,2026-05-02,REMOVED,947,17
LST-003068,AGT-034,LOC-022,Townhouse,4,RENT,2700,189000,189000,0,2025-12-10,2025-12-10,2025-12-17,REMOVED,133,3
LST-003069,AGT-061,LOC-023,Apartment,3,SALE,1660,2030000,2030000,0,2025-12-10,2026-03-18,2026-03-21,REMOVED,699,22
LST-003070,AGT-118,LOC-025,Villa,3,SALE,2560,4125000,4125000,0,2025-12-10,2026-01-04,2026-01-22,REMOVED,189,4
LST-003071,AGT-059,LOC-006,Villa,4,SALE,3900,21245000,21245000,0,2025-12-10,2026-01-06,2026-03-04,REMOVED,386,6
LST-003072,AGT-075,LOC-018,Apartment,2,RENT,1370,90000,90000,0,2025-12-10,2025-12-23,2026-01-05,REMOVED,252,9
LST-003073,AGT-061,LOC-007,Apartment,1,RENT,895,157000,157000,0,2025-12-10,2025-12-21,2025-12-21,EXPIRED,75,1
LST-003074,AGT-070,LOC-024,Apartment,3,RENT,1755,166000,159000,1,2025-12-10,2026-04-26,2026-07-06,EXPIRED,1245,18
LST-003075,AGT-040,LOC-008,Apartment,3,SALE,1955,3755000,3755000,0,2025-12-10,2025-12-22,2026-08-27,EXPIRED,748,12
LST-003076,AGT-008,LOC-017,Villa,5,SALE,6635,8265000,8265000,0,2025-12-10,2026-04-11,2026-05-27,REMOVED,544,13
LST-003077,AGT-115,LOC-004,Penthouse,2,SALE,2405,9495000,9115000,1,2025-12-10,2025-12-31,2026-01-08,REMOVED,256,7
LST-003078,AGT-062,LOC-004,Apartment,0,RENT,460,69000,69000,0,2025-12-11,2025-12-20,2026-01-05,REMOVED,261,6
LST-003079,AGT-103,LOC-001,Apartment,2,RENT,1025,136000,120000,2,2025-12-11,2026-01-19,2026-01-23,REMOVED,349,5
LST-003080,AGT-108,LOC-019,Apartment,0,SALE,385,425000,425000,0,2025-12-11,2026-01-06,2026-03-19,REMOVED,362,6
LST-003081,AGT-092,LOC-009,Apartment,0,SALE,435,620000,620000,0,2025-12-11,2026-02-11,2026-03-02,EXPIRED,237,5
LST-003082,AGT-112,LOC-009,Apartment,1,SALE,900,1130000,1130000,0,2025-12-11,2026-02-01,2026-07-16,EXPIRED,1060,22
LST-003083,AGT-068,LOC-013,Townhouse,4,RENT,2890,326000,326000,0,2025-12-11,2025-12-25,2025-12-28,REMOVED,258,7
LST-003084,AGT-117,LOC-025,Villa,5,RENT,5975,542000,515000,1,2025-12-11,2025-12-31,2026-01-02,EXPIRED,144,3
LST-003085,AGT-115,LOC-007,Apartment,1,SALE,740,1705000,1505000,2,2025-12-11,2026-01-27,2026-03-15,EXPIRED,339,7
LST-003086,AGT-113,LOC-010,Townhouse,3,SALE,2075,2445000,2315000,1,2025-12-11,2026-07-19,,ACTIVE,1171,21
LST-003087,AGT-115,LOC-013,Villa,4,SALE,4540,10200000,9535000,1,2025-12-11,2025-12-24,2026-01-07,EXPIRED,249,6
LST-003088,AGT-012,LOC-001,Apartment,1,SALE,685,1535000,1470000,1,2025-12-11,2026-02-14,,ACTIVE,2920,78
LST-003089,AGT-035,LOC-007,Apartment,0,SALE,435,915000,915000,0,2025-12-11,2025-12-13,2026-01-18,EXPIRED,250,5
LST-003090,AGT-005,LOC-005,Apartment,2,SALE,1415,4750000,4415000,1,2025-12-12,2025-12-13,2026-01-29,EXPIRED,842,25
LST-003091,AGT-004,LOC-008,Apartment,1,SALE,710,1535000,1435000,1,2025-12-12,2026-01-11,2026-04-26,REMOVED,439,8
LST-003092,AGT-118,LOC-027,Villa,4,RENT,4675,796000,796000,0,2025-12-12,2026-01-08,2026-01-13,REMOVED,182,2
LST-003093,AGT-017,LOC-008,Apartment,0,SALE,515,1075000,1020000,1,2025-12-12,2026-03-13,2026-05-05,REMOVED,655,10
LST-003094,AGT-096,LOC-012,Apartment,2,SALE,1035,1505000,1405000,1,2025-12-12,2026-01-05,2026-01-06,REMOVED,223,6
LST-003095,AGT-051,LOC-017,Villa,4,RENT,4160,331000,323000,1,2025-12-12,2025-12-23,2026-01-09,REMOVED,163,3
LST-003096,AGT-024,LOC-021,Apartment,1,RENT,845,75000,75000,0,2025-12-12,2025-12-19,2026-01-03,REMOVED,114,3
LST-003097,AGT-095,LOC-025,Townhouse,2,SALE,1770,2355000,2355000,0,2025-12-12,2026-01-15,2026-03-18,REMOVED,692,15
LST-003098,AGT-107,LOC-021,Apartment,1,SALE,820,835000,835000,0,2025-12-12,2026-03-16,2026-03-22,REMOVED,711,14
LST-003099,AGT-088,LOC-009,Apartment,2,SALE,1355,1295000,1295000,0,2025-12-12,2025-12-29,2026-01-29,REMOVED,460,14
LST-003100,AGT-053,LOC-006,Villa,4,RENT,3660,942000,942000,0,2025-12-12,2025-12-18,2025-12-21,REMOVED,128,4
LST-003101,AGT-069,LOC-012,Apartment,2,RENT,1240,131000,131000,0,2025-12-12,2026-01-02,2026-01-07,EXPIRED,275,5
LST-003102,AGT-082,LOC-003,Apartment,2,RENT,1015,185000,185000,0,2025-12-12,2026-01-28,2026-02-05,REMOVED,385,7
LST-003103,AGT-049,LOC-028,Villa,5,RENT,6645,443000,443000,0,2025-12-13,2026-01-23,2026-02-24,EXPIRED,421,12
LST-003104,AGT-061,LOC-032,Apartment,2,SALE,1410,1100000,1100000,0,2025-12-13,2025-12-25,2026-01-09,REMOVED,223,6
LST-003105,AGT-051,LOC-018,Apartment,2,SALE,1390,1360000,1360000,0,2025-12-13,2026-01-20,2026-01-26,REMOVED,161,3
LST-003106,AGT-103,LOC-014,Apartment,1,RENT,625,116000,109000,1,2025-12-13,2026-01-11,2026-03-18,REMOVED,816,12
LST-003107,AGT-021,LOC-004,Penthouse,4,RENT,4555,991000,991000,0,2025-12-13,2026-04-10,2026-05-20,REMOVED,824,12
LST-003108,AGT-107,LOC-010,Apartment,1,RENT,710,61000,61000,0,2025-12-14,2025-12-22,2026-01-03,REMOVED,123,2
LST-003109,AGT-033,LOC-023,Apartment,1,RENT,730,75000,75000,0,2025-12-14,2026-01-27,2026-02-05,EXPIRED,240,3
LST-003110,AGT-082,LOC-004,Apartment,1,SALE,890,2335000,2335000,0,2025-12-14,2025-12-30,2026-01-20,REMOVED,395,10
LST-003111,AGT-013,LOC-028,Townhouse,3,SALE,2470,2330000,2330000,0,2025-12-14,2025-12-19,2025-12-28,REMOVED,129,3
LST-003112,AGT-098,LOC-031,Apartment,1,SALE,625,570000,570000,0,2025-12-14,2026-01-18,2026-01-20,REMOVED,163,5
LST-003113,AGT-096,LOC-015,Townhouse,4,SALE,3280,5095000,5095000,0,2025-12-14,2026-03-09,,ACTIVE,866,13
LST-003114,AGT-070,LOC-024,Apartment,0,RENT,445,38000,38000,0,2025-12-14,2026-01-01,2026-01-15,REMOVED,506,16
LST-003115,AGT-004,LOC-028,Townhouse,4,RENT,2790,199000,199000,0,2025-12-14,2026-01-11,2026-01-11,REMOVED,163,3
LST-003116,AGT-005,LOC-032,Apartment,1,RENT,870,67000,67000,0,2025-12-14,2025-12-28,2026-06-01,REMOVED,1318,32
LST-003117,AGT-026,LOC-017,Townhouse,4,RENT,3050,209000,196000,1,2025-12-15,2026-01-07,2026-01-16,REMOVED,271,5
LST-003118,AGT-025,LOC-002,Apartment,2,RENT,1400,179000,179000,0,2025-12-15,2025-12-17,2025-12-22,EXPIRED,124,3
LST-003119,AGT-017,LOC-023,Apartment,0,SALE,480,785000,785000,0,2025-12-15,2025-12-20,2025-12-31,EXPIRED,201,3
LST-003120,AGT-054,LOC-016,Villa,4,SALE,4860,7630000,7630000,0,2025-12-15,2026-03-29,2026-04-06,EXPIRED,833,15
LST-003121,AGT-009,LOC-013,Villa,4,SALE,3840,8075000,7840000,1,2025-12-15,2026-01-26,2026-02-08,REMOVED,355,9
LST-003122,AGT-088,LOC-005,Apartment,1,SALE,855,3080000,3080000,0,2025-12-15,2026-01-18,2026-02-05,REMOVED,350,8
LST-003123,AGT-076,LOC-019,Apartment,1,RENT,675,62000,62000,0,2025-12-15,2025-12-26,2026-01-01,EXPIRED,140,3
LST-003124,AGT-012,LOC-009,Apartment,3,SALE,1725,1910000,1910000,0,2025-12-15,2026-01-10,2026-01-25,REMOVED,195,5
LST-003125,AGT-001,LOC-002,Penthouse,2,SALE,2125,6975000,6625000,1,2025-12-15,2026-01-26,2026-02-19,REMOVED,836,14
LST-003126,AGT-025,LOC-033,Apartment,1,RENT,675,58000,58000,0,2025-12-15,2026-01-05,2026-03-28,REMOVED,510,11
LST-003127,AGT-114,LOC-033,Apartment,1,SALE,780,935000,935000,0,2025-12-15,2026-01-13,2026-01-17,REMOVED,299,6
LST-003128,AGT-075,LOC-013,Villa,3,RENT,3275,549000,549000,0,2025-12-16,2026-01-10,2026-01-22,REMOVED,216,3
LST-003129,AGT-059,LOC-014,Apartment,3,RENT,1855,243000,243000,0,2025-12-16,2025-12-22,2025-12-25,EXPIRED,102,2
LST-003130,AGT-048,LOC-018,Apartment,3,SALE,1660,1450000,1340000,1,2025-12-16,2026-01-25,2026-02-23,EXPIRED,358,10
LST-003131,AGT-077,LOC-025,Apartment,2,RENT,1260,101000,101000,0,2025-12-16,2025-12-20,2025-12-25,REMOVED,148,6
LST-003132,AGT-100,LOC-020,Apartment,2,SALE,1480,1760000,1760000,0,2025-12-16,2026-01-10,2026-01-12,REMOVED,208,6
LST-003133,AGT-067,LOC-023,Apartment,1,SALE,870,1235000,1235000,0,2025-12-16,2025-12-19,2026-04-05,REMOVED,868,19
LST-003134,AGT-027,LOC-018,Apartment,1,RENT,845,67000,63000,1,2025-12-16,2025-12-30,2026-01-17,REMOVED,156,3
LST-003135,AGT-026,LOC-028,Townhouse,2,RENT,1565,100000,100000,0,2025-12-16,2025-12-20,2026-01-02,REMOVED,212,7
LST-003136,AGT-026,LOC-017,Townhouse,3,SALE,2645,2985000,2985000,0,2025-12-16,2025-12-31,2026-02-02,EXPIRED,206,4
LST-003137,AGT-048,LOC-009,Apartment,1,RENT,910,95000,95000,0,2025-12-16,2026-01-30,2026-02-01,REMOVED,380,12
LST-003138,AGT-068,LOC-002,Apartment,0,SALE,420,1025000,1025000,0,2025-12-16,2026-03-13,2026-05-21,EXPIRED,1907,44
LST-003139,AGT-017,LOC-014,Apartment,1,RENT,860,134000,125000,1,2025-12-16,2026-01-17,2026-02-25,REMOVED,259,7
LST-003140,AGT-024,LOC-010,Apartment,2,RENT,1270,100000,100000,0,2025-12-16,2025-12-16,2025-12-31,REMOVED,112,2
LST-003141,AGT-055,LOC-020,Apartment,2,RENT,1040,116000,116000,0,2025-12-16,2025-12-20,2025-12-31,REMOVED,107,2
LST-003142,AGT-071,LOC-007,Apartment,1,SALE,720,1330000,1330000,0,2025-12-16,2026-01-01,2026-01-21,REMOVED,466,14
LST-003143,AGT-050,LOC-003,Apartment,4,SALE,2615,7505000,7120000,1,2025-12-17,2025-12-21,2026-01-15,EXPIRED,234,4
LST-003144,AGT-070,LOC-015,Townhouse,3,SALE,2485,3605000,3605000,0,2025-12-17,2026-02-12,2026-02-18,EXPIRED,568,11
LST-003145,AGT-009,LOC-025,Townhouse,4,SALE,2930,3715000,3715000,0,2025-12-17,2026-01-19,2026-02-10,REMOVED,370,8
LST-003146,AGT-090,LOC-015,Villa,3,SALE,2670,4315000,4210000,1,2025-12-17,2025-12-22,2026-01-16,REMOVED,278,7
LST-003147,AGT-115,LOC-007,Apartment,1,SALE,695,1445000,1375000,1,2025-12-17,2026-01-08,2026-02-03,REMOVED,268,6
LST-003148,AGT-009,LOC-009,Apartment,1,RENT,635,61000,61000,0,2025-12-17,2026-01-03,2026-01-20,REMOVED,228,4
LST-003149,AGT-118,LOC-014,Apartment,2,SALE,1080,2600000,2480000,1,2025-12-17,2025-12-19,2026-01-23,EXPIRED,159,3
LST-003150,AGT-070,LOC-015,Townhouse,2,SALE,1825,2685000,2685000,0,2025-12-17,2026-02-02,2026-02-05,EXPIRED,391,13
LST-003151,AGT-051,LOC-012,Apartment,3,SALE,2025,2320000,2320000,0,2025-12-17,2026-01-30,2026-03-30,REMOVED,1524,60
LST-003152,AGT-080,LOC-020,Apartment,2,RENT,1265,131000,131000,0,2025-12-17,2025-12-20,2025-12-23,REMOVED,44,1
LST-003153,AGT-013,LOC-028,Villa,4,SALE,4035,4205000,3990000,1,2025-12-17,2026-01-20,2026-01-20,EXPIRED,163,3
LST-003154,AGT-071,LOC-011,Apartment,1,RENT,850,113000,113000,0,2025-12-17,2025-12-17,2025-12-19,REMOVED,11,0
LST-003155,AGT-059,LOC-002,Apartment,2,RENT,1460,176000,176000,0,2025-12-18,2026-01-02,2026-01-27,REMOVED,465,11
LST-003156,AGT-005,LOC-025,Villa,5,SALE,5720,6145000,6145000,0,2025-12-18,2026-03-08,2026-03-24,REMOVED,1130,51
LST-003157,AGT-101,LOC-018,Apartment,2,RENT,955,72000,67000,1,2025-12-18,2025-12-30,2026-01-25,REMOVED,227,5
LST-003158,AGT-063,LOC-014,Apartment,2,SALE,1460,2680000,2680000,0,2025-12-18,2026-01-24,2026-02-02,REMOVED,524,14
LST-003159,AGT-096,LOC-024,Apartment,1,SALE,625,1105000,1105000,0,2025-12-18,2026-01-15,2026-01-30,EXPIRED,142,2
LST-003160,AGT-033,LOC-016,Villa,7,RENT,11755,881000,881000,0,2025-12-18,2025-12-26,2026-01-04,REMOVED,212,4
LST-003161,AGT-103,LOC-003,Apartment,2,RENT,1375,219000,219000,0,2025-12-18,2026-03-12,2026-05-08,REMOVED,1035,33
LST-003162,AGT-085,LOC-032,Apartment,2,SALE,1025,970000,970000,0,2025-12-18,2026-01-09,2026-01-19,EXPIRED,241,5
LST-003163,AGT-074,LOC-032,Apartment,1,RENT,705,48000,48000,0,2025-12-18,2025-12-25,2026-01-01,EXPIRED,67,2
LST-003164,AGT-075,LOC-001,Apartment,3,RENT,1990,210000,210000,0,2025-12-18,2026-01-03,2026-01-06,REMOVED,176,5
LST-003165,AGT-118,LOC-002,Apartment,2,RENT,1215,158000,158000,0,2025-12-19,2025-12-24,2026-01-07,REMOVED,200,4
LST-003166,AGT-048,LOC-010,Apartment,2,RENT,1465,147000,147000,0,2025-12-19,2025-12-23,2026-01-22,REMOVED,343,9
LST-003167,AGT-092,LOC-018,Apartment,0,SALE,495,500000,500000,0,2025-12-19,2025-12-31,2026-01-05,EXPIRED,114,2
LST-003168,AGT-045,LOC-002,Apartment,2,SALE,1050,2405000,2405000,0,2025-12-19,2026-02-14,2026-04-01,REMOVED,941,21
LST-003169,AGT-060,LOC-021,Apartment,4,SALE,2535,2200000,2115000,1,2025-12-19,2026-02-15,2026-03-01,EXPIRED,289,7
LST-003170,AGT-017,LOC-003,Apartment,4,SALE,2660,8685000,8685000,0,2025-12-19,2026-03-14,2026-05-14,EXPIRED,603,9
LST-003171,AGT-014,LOC-012,Apartment,1,SALE,650,1130000,1130000,0,2025-12-19,2026-02-28,2026-03-08,REMOVED,445,5
LST-003172,AGT-052,LOC-022,Villa,4,RENT,4365,417000,417000,0,2025-12-19,2026-01-07,2026-01-20,REMOVED,106,2
LST-003173,AGT-080,LOC-010,Apartment,2,SALE,1345,1420000,1420000,0,2025-12-19,2025-12-24,2026-01-09,REMOVED,139,4
LST-003174,AGT-014,LOC-001,Apartment,1,RENT,620,79000,79000,0,2025-12-19,2025-12-26,2026-01-20,REMOVED,395,5
LST-003175,AGT-052,LOC-021,Apartment,1,RENT,750,67000,67000,0,2025-12-19,2025-12-25,2026-01-10,REMOVED,122,3
LST-003176,AGT-103,LOC-009,Townhouse,3,RENT,2420,201000,201000,0,2025-12-19,2026-01-02,2026-01-24,REMOVED,267,6
LST-003177,AGT-017,LOC-029,Apartment,0,RENT,340,19000,19000,0,2025-12-19,2025-12-25,2025-12-26,REMOVED,81,1
LST-003178,AGT-076,LOC-027,Villa,5,SALE,5790,13415000,13415000,0,2025-12-19,2026-01-01,2026-01-12,REMOVED,367,14
LST-003179,AGT-016,LOC-024,Apartment,2,SALE,950,1115000,1115000,0,2025-12-19,2025-12-22,2026-02-21,REMOVED,344,9
LST-003180,AGT-075,LOC-005,Penthouse,4,SALE,4280,19940000,17990000,2,2025-12-19,2026-01-13,2026-03-21,REMOVED,1053,22
LST-003181,AGT-080,LOC-009,Apartment,3,SALE,2040,2700000,2575000,1,2025-12-19,2026-01-30,2026-03-13,EXPIRED,292,5
LST-003182,AGT-070,LOC-005,Apartment,0,SALE,405,1660000,1660000,0,2025-12-20,2026-01-16,2026-01-17,REMOVED,298,7
LST-003183,AGT-013,LOC-013,Villa,3,RENT,3405,416000,416000,0,2025-12-20,2025-12-29,2026-01-04,REMOVED,243,7
LST-003184,AGT-052,LOC-009,Townhouse,3,RENT,2220,211000,211000,0,2025-12-20,2026-02-17,2026-04-16,REMOVED,273,5
LST-003185,AGT-101,LOC-014,Apartment,3,RENT,2140,292000,292000,0,2025-12-20,2025-12-20,2025-12-27,REMOVED,27,0
LST-003186,AGT-015,LOC-029,Apartment,4,SALE,3155,1905000,1905000,0,2025-12-20,2026-02-09,2026-04-21,REMOVED,370,5
LST-003187,AGT-087,LOC-001,Apartment,1,SALE,860,2100000,1945000,1,2025-12-20,2026-03-21,2026-05-27,REMOVED,811,16
LST-003188,AGT-049,LOC-010,Apartment,3,SALE,1965,2035000,2035000,0,2025-12-20,2026-02-01,2026-02-25,REMOVED,336,9
LST-003189,AGT-023,LOC-011,Apartment,1,RENT,780,95000,95000,0,2025-12-21,2026-01-05,2026-01-25,REMOVED,193,4
LST-003190,AGT-038,LOC-023,Apartment,1,RENT,785,64000,64000,0,2025-12-21,2026-01-03,2026-01-08,REMOVED,347,14
LST-003191,AGT-088,LOC-014,Apartment,2,RENT,1355,225000,209000,1,2025-12-21,2025-12-23,2026-01-15,REMOVED,134,2
LST-003192,AGT-075,LOC-033,Apartment,1,RENT,915,74000,74000,0,2025-12-21,2025-12-24,2026-01-07,REMOVED,157,4
LST-003193,AGT-054,LOC-006,Villa,4,SALE,3600,18200000,18200000,0,2025-12-22,2026-01-20,2026-04-23,EXPIRED,723,16
LST-003194,AGT-010,LOC-019,Apartment,0,RENT,370,31000,31000,0,2025-12-22,2026-01-03,2026-01-16,REMOVED,130,3
LST-003195,AGT-004,LOC-003,Apartment,1,SALE,705,2090000,2090000,0,2025-12-22,2026-01-18,2026-02-08,EXPIRED,453,11
LST-003196,AGT-087,LOC-020,Apartment,3,SALE,1520,1870000,1870000,0,2025-12-22,2026-01-05,2026-05-31,EXPIRED,827,19
LST-003197,AGT-026,LOC-013,Villa,3,RENT,2705,354000,354000,0,2025-12-22,2026-01-29,2026-02-01,EXPIRED,266,7
LST-003198,AGT-030,LOC-023,Apartment,0,SALE,365,645000,595000,2,2025-12-22,2026-01-17,2026-02-15,EXPIRED,269,6
LST-003199,AGT-062,LOC-003,Apartment,3,SALE,1605,5495000,5280000,1,2025-12-22,2026-01-03,2026-01-18,REMOVED,142,2
LST-003200,AGT-028,LOC-018,Apartment,2,RENT,995,70000,70000,0,2025-12-22,2025-12-25,2026-01-02,REMOVED,60,1
LST-003201,AGT-026,LOC-028,Villa,4,RENT,4160,307000,296000,1,2025-12-22,2026-01-13,2026-01-14,REMOVED,253,5
LST-003202,AGT-077,LOC-026,Apartment,1,SALE,835,1465000,1465000,0,2025-12-22,2025-12-24,2025-12-31,REMOVED,96,2
LST-003203,AGT-080,LOC-001,Apartment,1,RENT,620,90000,90000,0,2025-12-22,2026-04-10,2026-06-05,REMOVED,659,8
LST-003204,AGT-018,LOC-031,Apartment,3,RENT,2000,149000,149000,0,2025-12-22,2026-01-19,2026-04-06,REMOVED,527,16
LST-003205,AGT-052,LOC-028,Villa,7,SALE,10945,12020000,10250000,3,2025-12-22,2026-01-09,2026-05-04,EXPIRED,449,5
LST-003206,AGT-098,LOC-022,Apartment,1,SALE,630,950000,950000,0,2025-12-22,2026-04-07,2026-04-16,REMOVED,447,10
LST-003207,AGT-062,LOC-003,Apartment,4,RENT,2510,384000,384000,0,2025-12-22,2026-01-31,2026-03-02,REMOVED,1035,25
LST-003208,AGT-011,LOC-016,Villa,5,RENT,5655,440000,440000,0,2025-12-22,2026-01-23,2026-03-13,EXPIRED,423,11
LST-003209,AGT-064,LOC-004,Apartment,0,SALE,430,1455000,1265000,3,2025-12-23,2026-05-27,,ACTIVE,1202,29
LST-003210,AGT-049,LOC-029,Villa,5,SALE,5095,2620000,2620000,0,2025-12-23,2026-01-03,2026-02-19,REMOVED,509,19
LST-003211,AGT-035,LOC-008,Apartment,2,SALE,1400,2885000,2885000,0,2025-12-23,2026-03-22,2026-03-23,REMOVED,299,5
LST-003212,AGT-005,LOC-018,Apartment,3,RENT,1875,138000,138000,0,2025-12-23,2026-05-10,2026-05-30,REMOVED,790,11
LST-003213,AGT-012,LOC-010,Apartment,1,SALE,880,895000,895000,0,2025-12-23,2025-12-29,2026-01-16,REMOVED,211,8
LST-003214,AGT-119,LOC-018,Apartment,2,SALE,1375,1210000,1210000,0,2025-12-23,2026-01-29,2026-02-07,REMOVED,421,15
LST-003215,AGT-018,LOC-018,Apartment,1,SALE,685,860000,815000,1,2025-12-23,2026-01-21,2026-03-13,REMOVED,258,4
LST-003216,AGT-015,LOC-031,Apartment,1,RENT,890,63000,61000,1,2025-12-23,2025-12-25,2026-03-25,REMOVED,974,29
LST-003217,AGT-085,LOC-027,Villa,5,SALE,6985,20480000,20480000,0,2025-12-23,2026-02-05,2026-02-23,REMOVED,771,20
LST-003218,AGT-070,LOC-006,Villa,5,RENT,6880,1507000,1507000,0,2025-12-23,2025-12-25,2025-12-31,REMOVED,116,4
LST-003219,AGT-004,LOC-028,Villa,3,SALE,3405,4025000,3920000,1,2025-12-23,2026-05-19,2026-06-02,REMOVED,520,7
LST-003220,AGT-118,LOC-004,Apartment,0,SALE,380,1185000,1185000,0,2025-12-23,2026-01-08,2026-01-29,REMOVED,498,8
LST-003221,AGT-096,LOC-033,Apartment,2,SALE,1460,1690000,1690000,0,2025-12-23,2025-12-25,2026-01-17,EXPIRED,283,5
LST-003222,AGT-109,LOC-029,Apartment,2,SALE,1090,675000,675000,0,2025-12-23,2026-02-19,2026-05-08,REMOVED,841,21
LST-003223,AGT-045,LOC-017,Townhouse,3,SALE,2015,2605000,2605000,0,2025-12-23,2026-01-21,2026-06-28,REMOVED,568,7
LST-003224,AGT-069,LOC-013,Townhouse,2,RENT,1425,186000,186000,0,2025-12-23,2025-12-29,2026-01-05,REMOVED,71,2
LST-003225,AGT-037,LOC-013,Villa,5,SALE,5220,10680000,10680000,0,2025-12-24,2026-04-08,2026-05-28,REMOVED,576,11
LST-003226,AGT-103,LOC-033,Apartment,2,SALE,1145,1310000,1265000,1,2025-12-24,2026-07-19,,ACTIVE,1335,25
LST-003227,AGT-080,LOC-001,Apartment,0,RENT,475,54000,54000,0,2025-12-24,2025-12-29,2026-02-10,EXPIRED,636,20
LST-003228,AGT-050,LOC-031,Apartment,2,RENT,1330,124000,118000,1,2025-12-24,2026-01-13,2026-02-01,EXPIRED,178,3
LST-003229,AGT-001,LOC-009,Apartment,1,RENT,645,75000,71000,1,2025-12-24,2026-01-18,2026-01-19,REMOVED,148,2
LST-003230,AGT-014,LOC-027,Villa,4,RENT,3600,483000,483000,0,2025-12-24,2025-12-24,2026-01-26,REMOVED,340,7
LST-003231,AGT-011,LOC-027,Villa,4,SALE,3715,11290000,11290000,0,2025-12-24,2026-03-16,2026-04-13,EXPIRED,751,18
LST-003232,AGT-077,LOC-014,Penthouse,4,SALE,4455,14790000,14460000,1,2025-12-24,2026-02-17,2026-02-28,REMOVED,316,6
LST-003233,AGT-005,LOC-018,Apartment,0,SALE,405,450000,450000,0,2025-12-24,2026-02-09,2026-02-24,REMOVED,372,8
LST-003234,AGT-017,LOC-010,Apartment,2,SALE,1025,1160000,1160000,0,2025-12-24,2026-01-03,2026-01-07,REMOVED,100,2
LST-003235,AGT-042,LOC-010,Apartment,1,RENT,900,82000,82000,0,2025-12-24,2026-01-24,2026-03-03,REMOVED,499,11
LST-003236,AGT-005,LOC-001,Apartment,1,SALE,895,2120000,1875000,2,2025-12-24,2026-01-10,2026-02-09,REMOVED,264,4
LST-003237,AGT-052,LOC-002,Penthouse,4,RENT,5615,1051000,1051000,0,2025-12-25,2025-12-26,2026-01-23,REMOVED,276,5
LST-003238,AGT-001,LOC-021,Apartment,1,RENT,610,64000,64000,0,2025-12-25,2025-12-26,2026-01-19,REMOVED,125,2
LST-003239,AGT-064,LOC-030,Villa,5,SALE,5165,2860000,2860000,0,2025-12-25,2026-03-26,2026-03-27,EXPIRED,280,5
LST-003240,AGT-076,LOC-021,Apartment,2,SALE,1460,1675000,1580000,1,2025-12-25,2026-05-19,,ACTIVE,1036,15
LST-003241,AGT-074,LOC-032,Apartment,0,SALE,350,330000,330000,0,2025-12-25,2026-01-25,2026-03-16,REMOVED,404,10
LST-003242,AGT-023,LOC-008,Apartment,2,RENT,1475,195000,195000,0,2025-12-25,2025-12-28,2025-12-30,REMOVED,62,1
LST-003243,AGT-075,LOC-011,Apartment,1,SALE,910,1675000,1510000,2,2025-12-25,2026-02-14,2026-04-24,REMOVED,482,9
LST-003244,AGT-092,LOC-003,Apartment,2,SALE,1155,3775000,3775000,0,2025-12-25,2026-01-14,,ACTIVE,1741,34
LST-003245,AGT-001,LOC-017,Villa,5,RENT,6535,514000,514000,0,2025-12-25,2025-12-25,2026-01-17,REMOVED,129,3
LST-003246,AGT-060,LOC-023,Apartment,0,SALE,340,515000,515000,0,2025-12-25,2026-01-07,2026-01-09,REMOVED,113,2
LST-003247,AGT-045,LOC-009,Townhouse,4,SALE,3260,3205000,3205000,0,2025-12-25,2026-01-01,2026-01-22,REMOVED,389,12
LST-003248,AGT-005,LOC-029,Apartment,2,SALE,1385,795000,795000,0,2025-12-25,2025-12-26,2026-01-08,REMOVED,217,5
LST-003249,AGT-068,LOC-006,Villa,4,RENT,4150,925000,925000,0,2025-12-25,2026-01-22,2026-02-10,REMOVED,1143,34
LST-003250,AGT-059,LOC-002,Apartment,3,RENT,1780,236000,236000,0,2025-12-25,2025-12-27,2026-01-22,EXPIRED,232,5
LST-003251,AGT-005,LOC-009,Apartment,1,SALE,650,730000,730000,0,2025-12-25,2026-01-07,2026-01-16,REMOVED,185,5
LST-003252,AGT-120,LOC-010,Apartment,2,SALE,1010,1015000,1015000,0,2025-12-25,2026-01-09,2026-01-15,EXPIRED,122,3
LST-003253,AGT-070,LOC-023,Apartment,1,SALE,865,1250000,1250000,0,2025-12-25,2026-01-24,2026-03-02,EXPIRED,284,7
LST-003254,AGT-075,LOC-012,Apartment,2,SALE,1395,1900000,1900000,0,2025-12-25,2026-02-03,2026-02-23,EXPIRED,490,17
LST-003255,AGT-037,LOC-013,Villa,3,RENT,3110,531000,509000,1,2025-12-25,2026-01-05,2026-02-02,REMOVED,123,2
LST-003256,AGT-036,LOC-005,Apartment,1,SALE,770,2925000,2730000,1,2025-12-25,2026-01-27,2026-02-01,EXPIRED,332,5
LST-003257,AGT-077,LOC-014,Penthouse,5,SALE,8785,21745000,21745000,0,2025-12-25,2026-04-22,2026-05-05,EXPIRED,1181,34
LST-003258,AGT-003,LOC-011,Apartment,2,SALE,970,1480000,1480000,0,2025-12-25,2026-03-17,2026-03-27,REMOVED,284,8
LST-003259,AGT-063,LOC-014,Apartment,1,RENT,695,121000,118000,1,2025-12-26,2026-01-23,2026-01-24,REMOVED,216,4
LST-003260,AGT-011,LOC-007,Apartment,2,RENT,990,167000,167000,0,2025-12-26,2026-01-06,2026-01-15,REMOVED,81,2
LST-003261,AGT-068,LOC-013,Villa,4,SALE,4040,10125000,8890000,3,2025-12-26,2026-02-24,2026-03-13,EXPIRED,250,3
LST-003262,AGT-007,LOC-003,Apartment,1,RENT,650,112000,112000,0,2025-12-26,2026-01-12,2026-01-13,EXPIRED,341,11
LST-003263,AGT-038,LOC-024,Apartment,2,RENT,1435,140000,140000,0,2025-12-26,2025-12-27,2026-01-11,REMOVED,116,3
LST-003264,AGT-048,LOC-007,Apartment,3,SALE,2055,3300000,3300000,0,2025-12-26,2026-01-04,2026-01-14,REMOVED,142,4
LST-003265,AGT-120,LOC-009,Apartment,3,RENT,2065,175000,175000,0,2025-12-26,2026-01-09,2026-01-20,REMOVED,174,5
LST-003266,AGT-117,LOC-010,Apartment,1,SALE,820,1030000,1030000,0,2025-12-26,2026-01-04,2026-03-26,REMOVED,387,9
LST-003267,AGT-108,LOC-023,Apartment,1,RENT,820,90000,85000,1,2025-12-26,2026-01-01,2026-03-28,REMOVED,644,13
LST-003268,AGT-051,LOC-017,Villa,4,SALE,4815,5110000,5110000,0,2025-12-26,2026-04-05,2026-04-12,REMOVED,618,16
LST-003269,AGT-052,LOC-021,Apartment,2,SALE,1290,1135000,1135000,0,2025-12-26,2026-02-07,2026-02-14,REMOVED,387,11
LST-003270,AGT-062,LOC-022,Villa,4,SALE,4420,6075000,6075000,0,2025-12-27,2026-01-10,2026-01-17,REMOVED,111,2
LST-003271,AGT-117,LOC-003,Apartment,3,RENT,1890,337000,319000,1,2025-12-27,2026-01-29,2026-02-13,REMOVED,279,4
LST-003272,AGT-033,LOC-010,Apartment,2,RENT,1040,104000,104000,0,2025-12-27,2026-01-07,2026-02-11,REMOVED,226,5
LST-003273,AGT-080,LOC-024,Apartment,1,RENT,615,55000,55000,0,2025-12-27,2026-01-15,2026-02-02,REMOVED,342,9
LST-003274,AGT-005,LOC-012,Apartment,3,RENT,1755,184000,184000,0,2025-12-27,2026-01-22,2026-02-17,REMOVED,278,4
LST-003275,AGT-033,LOC-016,Villa,4,RENT,4485,376000,376000,0,2025-12-27,2026-02-05,2026-02-11,REMOVED,435,7
LST-003276,AGT-101,LOC-023,Apartment,2,SALE,1005,1230000,1230000,0,2025-12-27,2025-12-29,2026-03-11,REMOVED,541,21
LST-003277,AGT-023,LOC-006,Villa,5,RENT,5530,1161000,1161000,0,2025-12-27,2026-01-28,2026-02-23,REMOVED,800,27
LST-003278,AGT-059,LOC-025,Villa,4,RENT,4675,376000,376000,0,2025-12-28,2026-01-07,2026-01-08,EXPIRED,115,2
LST-003279,AGT-033,LOC-003,Apartment,2,SALE,1280,3565000,3565000,0,2025-12-28,2026-04-17,2026-04-17,EXPIRED,1976,55
LST-003280,AGT-059,LOC-001,Apartment,1,RENT,635,67000,67000,0,2025-12-28,2026-01-02,2026-01-02,REMOVED,103,3
LST-003281,AGT-107,LOC-002,Apartment,0,RENT,485,70000,70000,0,2025-12-28,2026-01-04,2026-01-13,EXPIRED,335,8
LST-003282,AGT-068,LOC-001,Apartment,1,RENT,775,91000,91000,0,2025-12-28,2026-01-25,2026-01-30,REMOVED,386,12
LST-003283,AGT-111,LOC-002,Penthouse,3,RENT,3745,641000,539000,3,2025-12-29,2026-03-14,2026-04-24,REMOVED,1700,23
LST-003284,AGT-054,LOC-009,Apartment,1,SALE,680,885000,885000,0,2025-12-29,2026-01-11,2026-02-23,REMOVED,187,3
LST-003285,AGT-084,LOC-002,Apartment,3,SALE,1725,4120000,3915000,2,2025-12-29,2025-12-31,2026-02-12,REMOVED,224,5
LST-003286,AGT-075,LOC-006,Villa,4,SALE,4755,23965000,22850000,1,2025-12-29,2026-01-13,2026-02-18,REMOVED,596,10
LST-003287,AGT-099,LOC-029,Apartment,1,RENT,810,44000,44000,0,2025-12-29,2026-01-07,2026-01-16,EXPIRED,159,3
LST-003288,AGT-019,LOC-014,Apartment,2,RENT,1040,154000,154000,0,2025-12-29,2026-01-11,2026-01-13,REMOVED,167,3
LST-003289,AGT-062,LOC-001,Apartment,4,SALE,2900,4560000,4560000,0,2025-12-29,2026-02-12,2026-02-12,REMOVED,558,17
LST-003290,AGT-017,LOC-014,Apartment,0,SALE,510,1405000,1405000,0,2025-12-29,2026-02-09,2026-02-15,EXPIRED,236,5
LST-003291,AGT-107,LOC-010,Apartment,1,RENT,775,87000,85000,1,2025-12-29,2026-01-02,2026-02-19,EXPIRED,199,3
LST-003292,AGT-064,LOC-001,Apartment,1,SALE,605,1495000,1325000,2,2025-12-29,2026-07-04,2026-08-16,REMOVED,2386,44
LST-003293,AGT-012,LOC-028,Villa,5,RENT,6040,415000,383000,1,2025-12-29,2026-01-16,2026-04-09,REMOVED,546,9
LST-003294,AGT-054,LOC-022,Villa,4,RENT,4200,320000,320000,0,2025-12-29,2026-01-15,2026-02-10,REMOVED,610,16
LST-003295,AGT-077,LOC-004,Apartment,1,RENT,665,111000,102000,1,2025-12-29,2026-02-07,2026-02-07,REMOVED,146,4
LST-003296,AGT-025,LOC-021,Apartment,2,RENT,1440,141000,124000,2,2025-12-29,2026-02-06,2026-03-28,REMOVED,648,10
LST-003297,AGT-075,LOC-017,Townhouse,5,RENT,3645,242000,242000,0,2025-12-29,2026-02-06,2026-02-22,REMOVED,469,9
LST-003298,AGT-018,LOC-003,Apartment,0,RENT,460,73000,73000,0,2025-12-29,2026-01-09,2026-01-29,EXPIRED,503,18
LST-003299,AGT-068,LOC-001,Apartment,3,SALE,2160,5020000,4635000,2,2025-12-29,2026-07-29,,ACTIVE,1299,14
LST-003300,AGT-021,LOC-005,Apartment,2,RENT,1355,236000,236000,0,2025-12-30,2026-01-02,2026-01-18,EXPIRED,137,3
LST-003301,AGT-076,LOC-019,Apartment,2,SALE,1105,1200000,1170000,1,2025-12-30,2026-03-28,2026-07-03,REMOVED,644,7
LST-003302,AGT-064,LOC-999,Apartment,1,SALE,735,810000,810000,0,2025-12-30,2026-01-04,2026-02-22,EXPIRED,194,7
LST-003303,AGT-050,LOC-029,Villa,6,SALE,8330,4980000,4745000,1,2025-12-30,2026-02-16,2026-02-19,EXPIRED,194,4
LST-003304,AGT-063,LOC-011,Apartment,2,SALE,1375,2015000,2015000,0,2025-12-30,2026-03-12,2026-06-11,REMOVED,1417,28
LST-003305,AGT-115,LOC-028,Villa,3,SALE,3450,4030000,3465000,3,2025-12-30,2026-01-23,2026-03-03,REMOVED,188,4
LST-003306,AGT-066,LOC-007,Apartment,1,RENT,940,110000,110000,0,2025-12-30,2026-01-11,2026-01-25,EXPIRED,293,9
LST-003307,AGT-025,LOC-010,Apartment,4,SALE,2725,3100000,3100000,0,2025-12-30,2026-02-06,2026-02-23,REMOVED,251,5
LST-003308,AGT-096,LOC-025,Apartment,0,RENT,460,60000,55000,1,2025-12-30,2026-01-04,2026-02-03,REMOVED,144,3
LST-003309,AGT-024,LOC-004,Apartment,2,SALE,1425,4615000,4615000,0,2025-12-30,2026-02-26,2026-07-31,EXPIRED,2033,38
LST-003310,AGT-064,LOC-012,Apartment,1,RENT,870,86000,86000,0,2025-12-30,2026-01-06,2026-01-07,REMOVED,134,4
LST-003311,AGT-045,LOC-023,Apartment,0,SALE,375,640000,620000,1,2025-12-31,2026-02-07,2026-03-26,REMOVED,542,11
LST-003312,AGT-040,LOC-031,Apartment,3,SALE,1845,1420000,1420000,0,2025-12-31,2026-01-22,2026-02-26,REMOVED,314,12
LST-003313,AGT-061,LOC-032,Apartment,1,RENT,675,51000,51000,0,2025-12-31,2026-01-10,2026-01-22,EXPIRED,203,4
LST-003314,AGT-075,LOC-011,Apartment,1,RENT,935,110000,110000,0,2025-12-31,2026-02-16,2026-02-23,EXPIRED,312,7
LST-003315,AGT-019,LOC-013,Townhouse,4,SALE,2810,5975000,5975000,0,2025-12-31,2026-02-26,2026-03-27,REMOVED,369,9
LST-003316,AGT-024,LOC-022,Villa,4,RENT,4685,408000,408000,0,2025-12-31,2026-01-02,2026-01-11,REMOVED,106,2
LST-003317,AGT-083,LOC-002,Apartment,2,SALE,1105,2585000,2585000,0,2025-12-31,2026-01-05,2026-01-29,REMOVED,332,7
LST-003318,AGT-035,LOC-024,Apartment,3,SALE,1945,3075000,3075000,0,2025-12-31,2026-03-13,2026-05-08,REMOVED,377,6
LST-003319,AGT-106,LOC-009,Apartment,1,SALE,715,885000,885000,0,2025-12-31,2026-01-07,2026-02-11,EXPIRED,251,7
LST-003320,AGT-101,LOC-031,Apartment,1,RENT,620,60000,58000,1,2025-12-31,2026-02-25,2026-03-30,REMOVED,420,9
LST-003321,AGT-003,LOC-011,Apartment,0,SALE,505,935000,830000,2,2025-12-31,2026-01-21,2026-03-22,REMOVED,242,5
LST-003322,AGT-086,LOC-026,Apartment,2,SALE,1125,2085000,2085000,0,2026-01-01,2026-05-27,,ACTIVE,828,18
LST-003323,AGT-063,LOC-009,Apartment,1,RENT,855,102000,99000,1,2026-01-01,2026-05-12,2026-06-10,REMOVED,442,9
LST-003324,AGT-073,LOC-002,Apartment,1,SALE,935,2220000,2220000,0,2026-01-01,2026-01-23,2026-02-25,EXPIRED,518,17
LST-003325,AGT-063,LOC-007,Apartment,3,RENT,1725,301000,301000,0,2026-01-01,2026-01-03,2026-01-04,REMOVED,20,0
LST-003326,AGT-028,LOC-016,Villa,3,SALE,3305,5350000,5350000,0,2026-01-01,2026-01-15,2026-06-21,REMOVED,758,15
LST-003327,AGT-013,LOC-002,Apartment,1,RENT,715,83000,83000,0,2026-01-01,2026-01-10,2026-02-27,REMOVED,1068,25
LST-003328,AGT-052,LOC-033,Apartment,1,SALE,620,715000,715000,0,2026-01-01,2026-03-12,2026-04-03,REMOVED,505,16
LST-003329,AGT-070,LOC-031,Apartment,1,SALE,660,520000,520000,0,2026-01-02,2026-01-09,2026-01-10,REMOVED,163,8
LST-003330,AGT-076,LOC-003,Apartment,2,RENT,1345,251000,251000,0,2026-01-02,2026-01-11,2026-01-27,REMOVED,250,5
LST-003331,AGT-054,LOC-023,Apartment,3,RENT,1885,176000,168000,1,2026-01-02,2026-01-18,2026-01-24,REMOVED,226,7
LST-003332,AGT-109,LOC-031,Apartment,1,SALE,920,850000,850000,0,2026-01-02,2026-02-09,2026-02-16,REMOVED,321,6
LST-003333,AGT-063,LOC-019,Apartment,1,SALE,715,660000,660000,0,2026-01-02,2026-03-25,2026-04-11,REMOVED,278,6
LST-003334,AGT-037,LOC-013,Townhouse,3,SALE,2330,4685000,4685000,0,2026-01-02,2026-02-01,2026-02-09,REMOVED,218,4
LST-003335,AGT-092,LOC-023,Apartment,3,SALE,1580,1990000,1990000,0,2026-01-02,2026-01-24,2026-04-03,REMOVED,723,13
LST-003336,AGT-034,LOC-015,Townhouse,3,RENT,2285,173000,173000,0,2026-01-02,2026-01-08,2026-01-13,REMOVED,142,4
LST-003337,AGT-105,LOC-014,Apartment,0,RENT,485,89000,89000,0,2026-01-02,2026-03-09,2026-03-13,EXPIRED,565,8
LST-003338,AGT-035,LOC-009,Apartment,2,SALE,1365,1570000,1570000,0,2026-01-02,2026-01-15,2026-01-20,REMOVED,66,2
LST-003339,AGT-032,LOC-019,Apartment,2,SALE,1260,1265000,1125000,2,2026-01-03,2026-04-06,2026-04-07,REMOVED,408,7
LST-003340,AGT-082,LOC-032,Apartment,1,SALE,860,870000,870000,0,2026-01-03,2026-01-22,2026-02-14,REMOVED,191,4
LST-003341,AGT-062,LOC-009,Apartment,2,SALE,1020,1535000,1320000,2,2026-01-03,2026-05-23,2026-08-18,REMOVED,527,8
LST-003342,AGT-012,LOC-010,Apartment,2,RENT,1405,134000,134000,0,2026-01-03,2026-01-11,2026-01-16,REMOVED,98,2
LST-003343,AGT-021,LOC-006,Villa,4,SALE,4160,21035000,21035000,0,2026-01-03,2026-02-09,2026-02-11,REMOVED,322,5
LST-003344,AGT-067,LOC-001,Apartment,0,RENT,370,45000,45000,0,2026-01-03,2026-02-27,2026-03-06,REMOVED,846,21
LST-003345,AGT-068,LOC-011,Apartment,1,SALE,840,1400000,1400000,0,2026-01-03,2026-03-10,2026-04-08,REMOVED,452,10
LST-003346,AGT-025,LOC-021,Apartment,2,RENT,1340,105000,105000,0,2026-01-03,2026-01-08,2026-01-09,REMOVED,39,1
LST-003347,AGT-059,LOC-027,Villa,7,RENT,10060,1516000,1413000,1,2026-01-03,2026-01-14,2026-02-02,EXPIRED,207,3
LST-003348,AGT-038,LOC-007,Apartment,4,SALE,2635,4425000,4425000,0,2026-01-03,2026-02-16,2026-03-19,REMOVED,406,9
LST-003349,AGT-074,LOC-017,Villa,4,SALE,4320,5200000,5200000,0,2026-01-03,2026-01-22,2026-01-31,EXPIRED,113,3
LST-003350,AGT-107,LOC-009,Apartment,2,SALE,1095,1470000,1375000,1,2026-01-04,2026-01-10,2026-02-03,REMOVED,146,2
LST-003351,AGT-069,LOC-011,Apartment,2,SALE,1105,1790000,1740000,1,2026-01-04,2026-05-07,,ACTIVE,1370,32
LST-003352,AGT-038,LOC-017,Apartment,2,SALE,1250,1500000,1435000,1,2026-01-04,2026-08-06,2026-08-31,EXPIRED,815,22
LST-003353,AGT-063,LOC-026,Apartment,2,SALE,965,1445000,1445000,0,2026-01-04,2026-01-14,2026-01-29,REMOVED,183,5
LST-003354,AGT-077,LOC-019,Apartment,0,RENT,380,30000,30000,0,2026-01-04,2026-01-18,2026-04-30,REMOVED,1105,31
LST-003355,AGT-018,LOC-005,Apartment,3,RENT,1580,225000,225000,0,2026-01-04,2026-01-07,2026-01-07,REMOVED,94,4
LST-003356,AGT-002,LOC-024,Apartment,2,SALE,1260,1535000,1535000,0,2026-01-04,2026-02-05,2026-02-08,REMOVED,335,7
LST-003357,AGT-063,LOC-003,Apartment,1,RENT,745,167000,167000,0,2026-01-04,2026-01-08,2026-01-10,REMOVED,38,0
LST-003358,AGT-035,LOC-022,Apartment,0,SALE,425,565000,565000,0,2026-01-04,2026-01-29,2026-02-07,REMOVED,242,7
LST-003359,AGT-004,LOC-007,Apartment,0,SALE,375,1075000,875000,3,2026-01-04,2026-02-25,2026-03-31,REMOVED,168,2
LST-003360,AGT-066,LOC-011,Apartment,0,SALE,435,720000,720000,0,2026-01-05,2026-01-25,2026-02-11,REMOVED,189,4
LST-003361,AGT-099,LOC-018,Apartment,3,SALE,1525,1370000,1370000,0,2026-01-05,2026-02-25,2026-02-26,EXPIRED,273,6
LST-003362,AGT-012,LOC-032,Apartment,2,RENT,1170,88000,88000,0,2026-01-05,2026-01-14,2026-01-21,REMOVED,64,1
LST-003363,AGT-020,LOC-001,Apartment,2,RENT,1345,165000,165000,0,2026-01-05,2026-01-13,2026-01-16,REMOVED,70,1
LST-003364,AGT-107,LOC-028,Villa,4,SALE,3535,3705000,3705000,0,2026-01-05,2026-02-10,2026-04-25,REMOVED,305,8
LST-003365,AGT-092,LOC-009,Apartment,1,SALE,815,1110000,1110000,0,2026-01-05,2026-01-06,2026-02-24,EXPIRED,170,4
LST-003366,AGT-006,LOC-012,Apartment,2,SALE,1480,2530000,2260000,2,2026-01-05,2026-02-24,2026-04-14,EXPIRED,367,5
LST-003367,AGT-062,LOC-014,Penthouse,2,SALE,2715,8730000,8730000,0,2026-01-05,2026-02-03,2026-02-27,EXPIRED,288,4
LST-003368,AGT-086,LOC-001,Apartment,0,SALE,350,780000,780000,0,2026-01-05,2026-01-28,2026-04-06,EXPIRED,806,22
LST-003369,AGT-094,LOC-013,Villa,4,RENT,4835,725000,665000,2,2026-01-05,2026-03-29,2026-06-13,REMOVED,1702,32
LST-003370,AGT-030,LOC-018,Apartment,1,RENT,945,67000,67000,0,2026-01-05,2026-01-08,2026-01-15,EXPIRED,70,2
LST-003371,AGT-015,LOC-005,Apartment,1,SALE,815,2835000,2640000,1,2026-01-06,2026-02-24,2026-04-06,REMOVED,932,27
LST-003372,AGT-119,LOC-006,Villa,3,SALE,2605,13525000,13525000,0,2026-01-06,2026-01-20,2026-02-22,REMOVED,397,7
LST-003373,AGT-059,LOC-023,Apartment,3,RENT,1680,130000,130000,0,2026-01-06,2026-01-08,2026-01-16,REMOVED,240,7
LST-003374,AGT-092,LOC-009,Apartment,2,SALE,1000,1310000,1310000,0,2026-01-06,2026-02-09,2026-05-02,REMOVED,446,9
LST-003375,AGT-077,LOC-019,Apartment,3,SALE,1825,1880000,1745000,2,2026-01-06,2026-03-09,2026-03-17,EXPIRED,206,3
LST-003376,AGT-069,LOC-011,Apartment,1,SALE,860,1500000,1400000,1,2026-01-06,2026-03-06,,ACTIVE,1362,19
LST-003377,AGT-098,LOC-033,Apartment,2,SALE,1380,1995000,1995000,0,2026-01-06,2026-06-02,,ACTIVE,660,12
LST-003378,AGT-033,LOC-005,Apartment,2,RENT,1165,284000,275000,1,2026-01-06,2026-01-16,2026-03-11,REMOVED,367,7
LST-003379,AGT-064,LOC-017,Villa,5,SALE,6895,7495000,7495000,0,2026-01-07,2026-03-10,2026-03-14,REMOVED,366,11
LST-003380,AGT-024,LOC-014,Apartment,1,SALE,670,1610000,1610000,0,2026-01-07,2026-01-07,2026-02-08,REMOVED,295,7
LST-003381,AGT-096,LOC-029,Apartment,0,SALE,490,335000,335000,0,2026-01-07,2026-01-26,2026-02-10,REMOVED,250,7
LST-003382,AGT-080,LOC-001,Apartment,1,RENT,695,86000,86000,0,2026-01-07,2026-04-07,2026-07-07,REMOVED,1640,24
LST-003383,AGT-050,LOC-021,Apartment,2,SALE,1475,1760000,1760000,0,2026-01-07,2026-05-20,,ACTIVE,655,11
LST-003384,AGT-090,LOC-001,Apartment,4,SALE,2510,5590000,5415000,1,2026-01-07,2026-05-18,2026-05-25,REMOVED,768,9
LST-003385,AGT-019,LOC-013,Townhouse,2,SALE,1600,3085000,3085000,0,2026-01-07,2026-02-05,2026-04-05,EXPIRED,550,17
LST-003386,AGT-005,LOC-001,Apartment,1,SALE,680,1355000,1355000,0,2026-01-07,2026-01-11,2026-01-25,REMOVED,181,5
LST-003387,AGT-069,LOC-011,Apartment,1,SALE,635,990000,990000,0,2026-01-07,2026-03-28,2026-04-23,EXPIRED,723,13
LST-003388,AGT-035,LOC-024,Apartment,2,SALE,1065,1200000,1200000,0,2026-01-07,2026-01-21,2026-02-04,REMOVED,289,7
LST-003389,AGT-102,LOC-005,Apartment,1,SALE,745,2425000,2425000,0,2026-01-07,2026-03-04,,ACTIVE,3766,134
LST-003390,AGT-070,LOC-022,Apartment,2,RENT,1465,137000,137000,0,2026-01-07,2026-01-28,2026-02-09,REMOVED,398,8
LST-003391,AGT-065,LOC-016,Villa,5,SALE,6015,8845000,8845000,0,2026-01-07,2026-01-17,2026-02-19,EXPIRED,265,7
LST-003392,AGT-050,LOC-013,Villa,5,RENT,6480,963000,963000,0,2026-01-07,2026-01-08,2026-03-11,REMOVED,293,3
LST-003393,AGT-019,LOC-014,Apartment,3,RENT,1570,229000,229000,0,2026-01-07,2026-02-03,2026-02-04,REMOVED,168,2
LST-003394,AGT-008,LOC-022,Villa,5,RENT,6185,402000,402000,0,2026-01-08,2026-01-08,2026-02-08,REMOVED,335,8
LST-003395,AGT-059,LOC-033,Apartment,3,RENT,1775,135000,135000,0,2026-01-08,2026-01-10,2026-01-26,REMOVED,77,1
LST-003396,AGT-064,LOC-003,Apartment,0,SALE,370,1400000,1310000,1,2026-01-08,2026-01-27,2026-02-01,REMOVED,205,4
LST-003397,AGT-050,LOC-024,Apartment,3,SALE,1665,1990000,1990000,0,2026-01-08,2026-02-04,2026-02-20,REMOVED,257,9
LST-003398,AGT-059,LOC-023,Apartment,2,RENT,1460,161000,161000,0,2026-01-08,2026-01-13,2026-01-16,REMOVED,62,1
LST-003399,AGT-018,LOC-023,Apartment,0,SALE,490,935000,910000,1,2026-01-08,2026-05-20,2026-05-31,EXPIRED,531,7
LST-003400,AGT-023,LOC-001,Apartment,1,RENT,810,96000,96000,0,2026-01-08,2026-02-22,2026-03-05,REMOVED,702,8
LST-003401,AGT-075,LOC-010,Apartment,2,SALE,1350,1415000,1415000,0,2026-01-08,2026-04-23,,ACTIVE,2348,47
LST-003402,AGT-005,LOC-018,Apartment,1,SALE,615,635000,635000,0,2026-01-08,2026-01-16,2026-02-07,REMOVED,125,3
LST-003403,AGT-078,LOC-022,Townhouse,4,RENT,3105,216000,216000,0,2026-01-08,2026-01-14,2026-01-22,REMOVED,229,9
LST-003404,AGT-080,LOC-019,Apartment,2,SALE,1075,895000,895000,0,2026-01-08,2026-01-14,2026-04-07,EXPIRED,685,17
LST-003405,AGT-018,LOC-017,Villa,5,RENT,5560,502000,502000,0,2026-01-09,2026-01-11,2026-02-01,REMOVED,125,3
LST-003406,AGT-069,LOC-011,Apartment,3,SALE,1705,2595000,2595000,0,2026-01-09,2026-05-02,2026-06-19,EXPIRED,1268,26
LST-003407,AGT-033,LOC-003,Apartment,1,RENT,925,145000,145000,0,2026-01-09,2026-01-11,2026-01-18,EXPIRED,192,4
LST-003408,AGT-118,LOC-001,Apartment,1,SALE,800,1790000,1790000,0,2026-01-09,2026-01-27,2026-03-08,REMOVED,669,11
LST-003409,AGT-095,LOC-016,Townhouse,3,SALE,2050,3125000,3125000,0,2026-01-09,2026-03-02,2026-04-27,REMOVED,766,16
LST-003410,AGT-068,LOC-003,Apartment,3,RENT,1635,244000,244000,0,2026-01-09,2026-01-25,2026-04-11,REMOVED,867,25
LST-003411,AGT-032,LOC-006,Villa,5,RENT,5850,1785000,1736000,1,2026-01-09,2026-01-31,2026-02-04,REMOVED,129,1
LST-003412,AGT-035,LOC-005,Apartment,1,SALE,730,2485000,2485000,0,2026-01-09,2026-02-19,2026-02-22,EXPIRED,410,11
LST-003413,AGT-115,LOC-010,Apartment,1,SALE,885,1220000,1220000,0,2026-01-09,2026-01-15,2026-08-18,REMOVED,618,9
LST-003414,AGT-088,LOC-028,Townhouse,4,RENT,3120,209000,209000,0,2026-01-09,2026-01-16,2026-02-18,REMOVED,484,15
LST-003415,AGT-013,LOC-022,Townhouse,3,RENT,2525,222000,222000,0,2026-01-09,2026-01-20,2026-02-08,REMOVED,159,2
LST-003416,AGT-031,LOC-022,Villa,4,SALE,4265,6515000,6005000,1,2026-01-09,2026-01-16,2026-03-07,REMOVED,304,4
LST-003417,AGT-047,LOC-009,Townhouse,3,SALE,2195,2450000,2450000,0,2026-01-10,2026-01-23,2026-01-24,REMOVED,100,3
LST-003418,AGT-005,LOC-014,Apartment,1,SALE,940,2170000,2170000,0,2026-01-10,2026-02-09,2026-02-10,REMOVED,133,2
LST-003419,AGT-017,LOC-007,Apartment,3,SALE,1570,3645000,3645000,0,2026-01-10,2026-06-26,,ACTIVE,711,12
LST-003420,AGT-101,LOC-020,Apartment,2,RENT,1080,109000,109000,0,2026-01-10,2026-01-13,2026-01-18,EXPIRED,65,1
LST-003421,AGT-082,LOC-012,Apartment,2,SALE,1105,1615000,1615000,0,2026-01-10,2026-01-13,2026-02-04,REMOVED,89,2
LST-003422,AGT-011,LOC-007,Apartment,2,SALE,1295,2785000,2785000,0,2026-01-10,2026-05-28,2026-08-03,REMOVED,774,13
LST-003423,AGT-113,LOC-001,Penthouse,4,RENT,5560,733000,733000,0,2026-01-10,2026-02-27,2026-03-12,EXPIRED,570,21
LST-003424,AGT-062,LOC-001,Apartment,2,SALE,1270,3085000,2870000,1,2026-01-10,2026-03-19,2026-05-20,REMOVED,945,18
LST-003425,AGT-003,LOC-017,Villa,5,SALE,5650,7380000,7380000,0,2026-01-10,2026-06-15,,ACTIVE,811,13
LST-003426,AGT-054,LOC-012,Apartment,3,RENT,1915,178000,167000,1,2026-01-11,2026-01-19,2026-02-04,REMOVED,181,4
LST-003427,AGT-068,LOC-011,Apartment,1,SALE,695,940000,940000,0,2026-01-11,2026-05-09,2026-05-28,REMOVED,1438,60
LST-003428,AGT-070,LOC-001,Apartment,2,RENT,1460,169000,169000,0,2026-01-11,2026-01-22,2026-04-13,REMOVED,1051,21
LST-003429,AGT-062,LOC-031,Apartment,1,SALE,835,815000,815000,0,2026-01-11,2026-02-16,2026-03-06,REMOVED,212,5
LST-003430,AGT-074,LOC-019,Apartment,1,RENT,735,58000,58000,0,2026-01-11,2026-02-12,2026-02-14,EXPIRED,205,5
LST-003431,AGT-067,LOC-009,Apartment,1,SALE,650,810000,810000,0,2026-01-11,2026-01-25,2026-03-11,REMOVED,332,7
LST-003432,AGT-107,LOC-022,Apartment,2,SALE,1210,1890000,1740000,1,2026-01-11,2026-03-02,2026-03-18,REMOVED,135,2
LST-003433,AGT-002,LOC-005,Apartment,2,RENT,1305,243000,243000,0,2026-01-11,2026-01-22,2026-03-01,REMOVED,952,24
LST-003434,AGT-067,LOC-011,Apartment,1,SALE,885,1475000,1360000,2,2026-01-11,2026-04-05,2026-06-07,REMOVED,558,8
LST-003435,AGT-059,LOC-001,Penthouse,2,RENT,2610,352000,352000,0,2026-01-12,2026-01-14,2026-01-22,REMOVED,170,4
LST-003436,AGT-011,LOC-008,Apartment,1,SALE,675,1105000,1105000,0,2026-01-12,2026-01-19,2026-01-23,REMOVED,93,3
LST-003437,AGT-013,LOC-015,Villa,7,RENT,12830,1082000,1082000,0,2026-01-12,2026-01-23,2026-01-28,EXPIRED,186,5
LST-003438,AGT-110,LOC-024,Apartment,3,SALE,1730,2375000,2375000,0,2026-01-12,2026-01-23,2026-02-07,EXPIRED,134,2
LST-003439,AGT-093,LOC-031,Apartment,2,SALE,1480,1300000,1300000,0,2026-01-12,2026-01-18,2026-02-06,REMOVED,105,3
LST-003440,AGT-071,LOC-032,Apartment,2,SALE,1085,990000,990000,0,2026-01-12,2026-07-22,2026-08-01,REMOVED,1076,28
LST-003441,AGT-101,LOC-007,Apartment,2,SALE,1330,2655000,2575000,1,2026-01-12,2026-01-15,2026-02-02,EXPIRED,166,4
LST-003442,AGT-070,LOC-012,Apartment,0,SALE,510,900000,880000,1,2026-01-12,2026-03-27,2026-05-29,REMOVED,883,17
LST-003443,AGT-026,LOC-006,Villa,3,SALE,2775,14780000,14780000,0,2026-01-12,2026-02-03,2026-02-22,REMOVED,354,6
LST-003444,AGT-023,LOC-011,Apartment,1,SALE,685,985000,985000,0,2026-01-12,2026-02-02,2026-02-08,REMOVED,217,7
LST-003445,AGT-011,LOC-010,Townhouse,4,SALE,3235,3505000,3505000,0,2026-01-12,2026-02-06,2026-02-23,REMOVED,195,3
LST-003446,AGT-117,LOC-032,Apartment,0,SALE,380,420000,395000,1,2026-01-12,2026-07-29,,ACTIVE,610,13
LST-003447,AGT-049,LOC-018,Apartment,2,SALE,1365,1420000,1420000,0,2026-01-12,2026-01-24,,ACTIVE,749,18
LST-003448,AGT-098,LOC-999,Apartment,0,SALE,455,765000,765000,0,2026-01-13,2026-03-08,2026-04-06,REMOVED,579,13
LST-003449,AGT-003,LOC-017,Apartment,2,SALE,1070,1225000,1225000,0,2026-01-13,2026-01-29,2026-02-10,REMOVED,168,3
LST-003450,AGT-107,LOC-010,Townhouse,3,RENT,2020,127000,127000,0,2026-01-13,2026-01-14,2026-01-18,EXPIRED,94,3
LST-003451,AGT-068,LOC-022,Townhouse,3,SALE,2645,3280000,3280000,0,2026-01-13,2026-01-28,2026-04-08,EXPIRED,453,9
LST-003452,AGT-069,LOC-013,Townhouse,3,SALE,2035,4630000,4100000,3,2026-01-13,2026-03-12,2026-04-04,EXPIRED,568,9
LST-003453,AGT-025,LOC-023,Apartment,1,SALE,765,1080000,1050000,1,2026-01-13,2026-02-06,2026-03-08,REMOVED,266,6
LST-003454,AGT-069,LOC-023,Apartment,2,RENT,1085,100000,100000,0,2026-01-13,2026-01-16,2026-01-26,REMOVED,118,2
LST-003455,AGT-072,LOC-010,Townhouse,4,SALE,2825,3000000,3000000,0,2026-01-13,2026-02-10,2026-03-14,EXPIRED,584,16
LST-003456,AGT-102,LOC-015,Villa,5,SALE,6135,9475000,9475000,0,2026-01-13,2026-03-16,2026-04-12,REMOVED,750,16
LST-003457,AGT-067,LOC-010,Townhouse,3,SALE,1935,2410000,2410000,0,2026-01-13,2026-01-29,2026-02-13,REMOVED,117,2
LST-003458,AGT-101,LOC-008,Apartment,4,SALE,2690,4280000,4280000,0,2026-01-13,2026-01-25,2026-03-17,REMOVED,480,14
LST-003459,AGT-070,LOC-003,Apartment,2,RENT,1315,184000,184000,0,2026-01-13,2026-01-15,2026-02-04,REMOVED,383,12
LST-003460,AGT-059,LOC-014,Penthouse,2,SALE,2015,6505000,6505000,0,2026-01-14,2026-02-01,2026-05-27,EXPIRED,658,16
LST-003461,AGT-062,LOC-014,Apartment,2,SALE,1410,3195000,3045000,1,2026-01-14,2026-06-06,2026-07-05,REMOVED,561,8
LST-003462,AGT-107,LOC-012,Apartment,2,RENT,1195,130000,130000,0,2026-01-14,2026-04-22,2026-05-01,REMOVED,450,12
LST-003463,AGT-012,LOC-009,Apartment,1,SALE,850,1185000,1185000,0,2026-01-14,2026-02-10,2026-02-26,REMOVED,207,4
LST-003464,AGT-087,LOC-021,Apartment,1,SALE,740,795000,795000,0,2026-01-14,2026-01-14,2026-02-25,REMOVED,168,5
LST-003465,AGT-033,LOC-003,Penthouse,4,SALE,5555,22300000,21125000,1,2026-01-14,2026-03-28,2026-04-12,REMOVED,666,18
LST-003466,AGT-092,LOC-004,Apartment,1,RENT,730,106000,106000,0,2026-01-14,2026-01-19,2026-02-17,REMOVED,683,18
LST-003467,AGT-033,LOC-005,Apartment,0,RENT,440,106000,106000,0,2026-01-14,2026-02-02,2026-03-07,REMOVED,458,12
LST-003468,AGT-063,LOC-011,Apartment,0,SALE,410,785000,785000,0,2026-01-14,2026-02-18,2026-03-09,REMOVED,135,2
LST-003469,AGT-075,LOC-012,Apartment,1,SALE,725,1090000,1090000,0,2026-01-14,2026-03-07,2026-03-27,REMOVED,442,10
LST-003470,AGT-028,LOC-002,Apartment,2,SALE,1010,2365000,2180000,1,2026-01-14,2026-03-30,2026-04-07,REMOVED,1280,32
LST-003471,AGT-070,LOC-030,Apartment,2,SALE,1260,600000,600000,0,2026-01-14,2026-01-22,2026-02-01,EXPIRED,134,6
LST-003472,AGT-011,LOC-026,Apartment,2,SALE,1250,2390000,2285000,1,2026-01-14,2026-01-16,2026-03-08,EXPIRED,225,3
LST-003473,AGT-019,LOC-020,Townhouse,4,RENT,2875,231000,231000,0,2026-01-14,2026-02-06,2026-02-28,EXPIRED,258,7
LST-003474,AGT-025,LOC-028,Villa,4,RENT,3790,271000,271000,0,2026-01-14,2026-02-10,2026-02-15,REMOVED,246,5
LST-003475,AGT-107,LOC-029,Apartment,2,RENT,1380,68000,68000,0,2026-01-14,2026-01-29,2026-02-02,EXPIRED,104,1
LST-003476,AGT-068,LOC-017,Villa,3,RENT,2990,231000,231000,0,2026-01-15,2026-01-15,2026-01-21,REMOVED,92,2
LST-003477,AGT-046,LOC-028,Villa,5,RENT,5830,399000,399000,0,2026-01-15,2026-01-26,2026-02-14,EXPIRED,285,9
LST-003478,AGT-071,LOC-026,Apartment,4,RENT,2365,202000,202000,0,2026-01-15,2026-01-20,2026-02-09,REMOVED,246,9
LST-003479,AGT-075,LOC-025,Townhouse,4,RENT,2990,243000,243000,0,2026-01-15,2026-01-20,2026-02-02,EXPIRED,229,6
LST-003480,AGT-024,LOC-008,Apartment,0,SALE,425,735000,735000,0,2026-01-15,2026-05-03,2026-05-15,REMOVED,874,33
LST-003481,AGT-117,LOC-010,Apartment,2,SALE,1435,2250000,2075000,2,2026-01-15,2026-02-17,2026-06-06,REMOVED,211,3
LST-003482,AGT-038,LOC-027,Apartment,2,RENT,955,174000,174000,0,2026-01-15,2026-01-30,2026-02-08,REMOVED,328,7
LST-003483,AGT-023,LOC-001,Apartment,3,RENT,2140,238000,238000,0,2026-01-15,2026-01-20,2026-01-30,EXPIRED,166,4
LST-003484,AGT-004,LOC-004,Apartment,0,RENT,365,50000,50000,0,2026-01-15,2026-02-07,2026-02-21,REMOVED,968,23
LST-003485,AGT-021,LOC-011,Apartment,1,SALE,840,1265000,1265000,0,2026-01-16,2026-04-24,2026-06-03,REMOVED,745,19
LST-003486,AGT-055,LOC-018,Apartment,1,SALE,645,690000,665000,1,2026-01-16,2026-06-03,2026-08-20,REMOVED,835,21
LST-003487,AGT-092,LOC-020,Apartment,0,SALE,435,715000,715000,0,2026-01-16,2026-02-15,2026-06-12,REMOVED,503,10
LST-003488,AGT-077,LOC-001,Apartment,2,RENT,1255,110000,110000,0,2026-01-16,2026-01-19,2026-01-20,EXPIRED,148,6
LST-003489,AGT-077,LOC-022,Townhouse,3,RENT,2660,177000,177000,0,2026-01-16,2026-02-12,2026-02-15,EXPIRED,681,13
LST-003490,AGT-040,LOC-018,Apartment,1,SALE,620,665000,665000,0,2026-01-16,2026-02-10,2026-02-19,REMOVED,201,4
LST-003491,AGT-100,LOC-024,Apartment,1,RENT,740,61000,61000,0,2026-01-16,2026-01-17,2026-02-09,REMOVED,456,14
LST-003492,AGT-038,LOC-030,Apartment,3,SALE,1905,865000,865000,0,2026-01-16,2026-01-17,2026-02-06,REMOVED,272,9
LST-003493,AGT-015,LOC-022,Villa,4,RENT,4825,423000,365000,2,2026-01-16,2026-01-29,2026-02-27,REMOVED,333,8
LST-003494,AGT-038,LOC-017,Apartment,2,SALE,1130,1500000,1500000,0,2026-01-16,2026-01-16,2026-06-11,REMOVED,379,5
LST-003495,AGT-003,LOC-009,Apartment,1,SALE,910,1125000,1125000,0,2026-01-17,2026-06-28,2026-07-25,REMOVED,730,13
LST-003496,AGT-094,LOC-007,Apartment,2,RENT,1370,212000,212000,0,2026-01-17,2026-01-20,2026-01-23,REMOVED,64,1
LST-003497,AGT-112,LOC-019,Apartment,2,RENT,1380,119000,104000,2,2026-01-17,2026-04-27,2026-04-28,REMOVED,323,4
LST-003498,AGT-063,LOC-014,Apartment,3,SALE,2005,3825000,3640000,1,2026-01-17,2026-01-19,2026-03-07,EXPIRED,387,12
LST-003499,AGT-084,LOC-014,Apartment,2,SALE,1220,2810000,2810000,0,2026-01-17,2026-02-03,2026-02-24,REMOVED,201,4
LST-003500,AGT-068,LOC-020,Townhouse,3,SALE,2165,2810000,2810000,0,2026-01-17,2026-03-18,2026-04-02,REMOVED,585,10
LST-003501,AGT-092,LOC-016,Villa,5,SALE,6900,9780000,9780000,0,2026-01-18,2026-03-30,2026-04-06,REMOVED,1174,24
LST-003502,AGT-005,LOC-025,Townhouse,5,RENT,3540,264000,264000,0,2026-01-18,2026-02-13,2026-03-12,REMOVED,473,14
LST-003503,AGT-004,LOC-019,Apartment,1,RENT,605,45000,45000,0,2026-01-18,2026-01-18,2026-01-24,EXPIRED,100,3
LST-003504,AGT-005,LOC-023,Apartment,0,SALE,450,675000,675000,0,2026-01-18,2026-08-11,,ACTIVE,1350,41
LST-003505,AGT-079,LOC-001,Apartment,3,RENT,2085,204000,204000,0,2026-01-18,2026-01-24,2026-01-25,REMOVED,174,4
LST-003506,AGT-093,LOC-017,Villa,4,SALE,4265,5465000,5465000,0,2026-01-18,2026-02-05,2026-03-31,REMOVED,275,4
LST-003507,AGT-038,LOC-007,Apartment,4,RENT,3125,377000,377000,0,2026-01-18,2026-03-16,2026-03-19,REMOVED,323,9
LST-003508,AGT-120,LOC-014,Apartment,0,RENT,465,68000,68000,0,2026-01-19,2026-01-28,2026-02-07,EXPIRED,185,4
LST-003509,AGT-003,LOC-009,Apartment,2,RENT,1135,124000,121000,1,2026-01-19,2026-02-11,2026-02-17,REMOVED,188,3
LST-003510,AGT-097,LOC-030,Villa,4,RENT,4020,197000,197000,0,2026-01-19,2026-03-19,,ACTIVE,1172,20
LST-003511,AGT-117,LOC-003,Apartment,2,SALE,1410,3990000,3990000,0,2026-01-19,2026-04-02,2026-04-21,REMOVED,1026,23
LST-003512,AGT-096,LOC-031,Apartment,1,RENT,655,62000,62000,0,2026-01-19,2026-01-24,2026-02-03,REMOVED,60,1
LST-003513,AGT-052,LOC-012,Apartment,2,SALE,1500,1800000,1800000,0,2026-01-19,2026-01-30,2026-02-07,REMOVED,154,7
LST-003514,AGT-092,LOC-016,Villa,5,RENT,6045,483000,483000,0,2026-01-19,2026-02-05,2026-02-05,REMOVED,180,4
LST-003515,AGT-077,LOC-025,Villa,5,SALE,6220,8595000,8595000,0,2026-01-19,2026-05-10,,ACTIVE,792,21
LST-003516,AGT-107,LOC-001,Apartment,1,SALE,680,1475000,1475000,0,2026-01-19,2026-02-14,2026-06-13,REMOVED,723,13
LST-003517,AGT-005,LOC-011,Apartment,2,RENT,1365,155000,155000,0,2026-01-19,2026-01-25,2026-02-03,EXPIRED,70,1
LST-003518,AGT-051,LOC-004,Apartment,4,SALE,2380,6030000,6030000,0,2026-01-19,2026-02-18,2026-03-19,REMOVED,580,10
LST-003519,AGT-115,LOC-029,Apartment,4,SALE,2380,1555000,1555000,0,2026-01-19,2026-05-22,,ACTIVE,703,12
LST-003520,AGT-017,LOC-010,Townhouse,4,RENT,3120,220000,220000,0,2026-01-19,2026-01-27,2026-02-06,REMOVED,165,3
LST-003521,AGT-005,LOC-014,Apartment,1,SALE,900,1830000,1830000,0,2026-01-20,2026-08-26,,ACTIVE,974,28
LST-003522,AGT-015,LOC-005,Apartment,2,SALE,1470,5015000,5015000,0,2026-01-20,2026-02-26,2026-03-09,REMOVED,552,12
LST-003523,AGT-005,LOC-024,Apartment,0,SALE,350,570000,495000,3,2026-01-20,2026-03-18,2026-05-01,REMOVED,587,11
LST-003524,AGT-103,LOC-028,Villa,5,SALE,5915,6320000,5930000,1,2026-01-20,2026-01-27,,ACTIVE,721,17
LST-003525,AGT-030,LOC-027,Villa,4,RENT,4520,763000,718000,1,2026-01-20,2026-08-30,,ACTIVE,1740,29
LST-003526,AGT-092,LOC-020,Apartment,3,SALE,1985,2810000,2755000,1,2026-01-20,2026-02-09,2026-02-28,REMOVED,147,2
LST-003527,AGT-052,LOC-001,Apartment,0,SALE,345,1000000,940000,1,2026-01-20,2026-07-19,,ACTIVE,645,7
LST-003528,AGT-074,LOC-019,Apartment,1,SALE,935,1090000,1090000,0,2026-01-20,2026-04-11,2026-04-21,REMOVED,195,2
LST-003529,AGT-074,LOC-027,Villa,3,SALE,2770,8870000,8160000,1,2026-01-20,2026-03-31,2026-07-28,EXPIRED,1103,21
LST-003530,AGT-023,LOC-031,Apartment,0,RENT,495,43000,43000,0,2026-01-20,2026-01-24,2026-02-08,EXPIRED,145,4
LST-003531,AGT-019,LOC-013,Townhouse,4,RENT,2925,364000,364000,0,2026-01-20,2026-04-28,,ACTIVE,835,19
LST-003532,AGT-077,LOC-010,Townhouse,2,RENT,1820,162000,162000,0,2026-01-21,2026-01-28,2026-01-31,EXPIRED,45,1
LST-003533,AGT-011,LOC-002,Apartment,1,SALE,945,2060000,2060000,0,2026-01-21,2026-03-23,2026-05-02,REMOVED,1411,46
LST-003534,AGT-115,LOC-006,Villa,4,SALE,4430,20825000,20825000,0,2026-01-21,2026-02-09,2026-02-23,REMOVED,346,7
LST-003535,AGT-075,LOC-017,Villa,3,RENT,3440,368000,346000,1,2026-01-21,2026-02-27,2026-02-27,REMOVED,186,2
LST-003536,AGT-025,LOC-008,Penthouse,3,RENT,2895,459000,459000,0,2026-01-21,2026-02-09,2026-02-22,REMOVED,362,8
LST-003537,AGT-070,LOC-031,Apartment,3,RENT,1930,148000,148000,0,2026-01-21,2026-01-21,2026-02-03,REMOVED,122,2
LST-003538,AGT-074,LOC-027,Apartment,0,RENT,415,80000,80000,0,2026-01-21,2026-01-29,2026-02-13,REMOVED,379,10
LST-003539,AGT-073,LOC-006,Villa,5,SALE,6375,33670000,33670000,0,2026-01-21,2026-01-28,2026-01-29,REMOVED,80,2
LST-003540,AGT-017,LOC-008,Apartment,3,SALE,2100,3495000,3495000,0,2026-01-21,2026-03-08,2026-04-11,REMOVED,584,14
LST-003541,AGT-035,LOC-023,Apartment,0,RENT,515,50000,48000,1,2026-01-21,2026-02-12,2026-02-22,REMOVED,199,4
LST-003542,AGT-019,LOC-018,Apartment,3,RENT,1675,113000,113000,0,2026-01-21,2026-01-25,2026-01-31,EXPIRED,116,4
LST-003543,AGT-019,LOC-002,Apartment,2,RENT,1470,195000,195000,0,2026-01-21,2026-02-04,2026-02-05,REMOVED,469,11
LST-003544,AGT-100,LOC-011,Apartment,4,SALE,2275,3095000,2980000,1,2026-01-21,2026-02-17,2026-03-11,REMOVED,327,9
LST-003545,AGT-016,LOC-013,Townhouse,3,SALE,2090,4960000,4690000,1,2026-01-21,2026-03-03,2026-04-11,EXPIRED,365,4
LST-003546,AGT-026,LOC-004,Apartment,2,SALE,1140,3510000,3510000,0,2026-01-22,2026-08-24,,ACTIVE,1378,18
LST-003547,AGT-013,LOC-002,Apartment,0,RENT,400,61000,57000,2,2026-01-22,2026-03-22,2026-03-22,REMOVED,631,14
LST-003548,AGT-018,LOC-027,Apartment,1,RENT,945,183000,183000,0,2026-01-22,2026-02-18,2026-04-18,EXPIRED,804,17
LST-003549,AGT-077,LOC-011,Apartment,1,SALE,730,1215000,1165000,1,2026-01-22,2026-02-11,2026-05-11,REMOVED,533,8
LST-003550,AGT-075,LOC-012,Apartment,1,SALE,665,975000,975000,0,2026-01-22,2026-02-05,2026-02-15,REMOVED,211,6
LST-003551,AGT-012,LOC-023,Apartment,3,SALE,1840,2965000,2855000,1,2026-01-22,2026-02-25,2026-04-01,REMOVED,472,8
LST-003552,AGT-038,LOC-017,Villa,3,RENT,2955,253000,253000,0,2026-01-22,2026-02-18,2026-02-19,REMOVED,223,4
LST-003553,AGT-101,LOC-010,Apartment,1,RENT,695,78000,67000,3,2026-01-22,2026-04-18,2026-05-09,EXPIRED,496,6
LST-003554,AGT-047,LOC-025,Villa,4,RENT,4315,362000,362000,0,2026-01-22,2026-02-04,2026-03-09,REMOVED,210,5
LST-003555,AGT-102,LOC-023,Apartment,1,RENT,800,66000,66000,0,2026-01-22,2026-01-25,2026-01-27,REMOVED,167,6
LST-003556,AGT-059,LOC-016,Villa,3,SALE,2925,4285000,4285000,0,2026-01-22,2026-02-03,2026-07-07,REMOVED,1270,24
LST-003557,AGT-012,LOC-004,Penthouse,3,SALE,3425,11695000,11695000,0,2026-01-22,2026-02-21,2026-03-30,EXPIRED,766,26
LST-003558,AGT-033,LOC-006,Villa,4,RENT,4200,1092000,1092000,0,2026-01-22,2026-02-16,2026-02-17,REMOVED,439,8
LST-003559,AGT-017,LOC-023,Apartment,1,SALE,625,970000,950000,1,2026-01-22,2026-03-16,2026-07-16,REMOVED,1211,31
LST-003560,AGT-038,LOC-011,Apartment,3,SALE,1870,2920000,2825000,1,2026-01-22,2026-03-14,2026-03-15,REMOVED,309,7
LST-003561,AGT-080,LOC-019,Apartment,1,SALE,935,935000,935000,0,2026-01-22,2026-01-31,2026-02-26,EXPIRED,193,4
LST-003562,AGT-110,LOC-018,Apartment,2,RENT,1035,91000,85000,1,2026-01-22,2026-02-01,2026-02-14,REMOVED,80,1
LST-003563,AGT-016,LOC-031,Apartment,1,SALE,815,890000,810000,3,2026-01-23,2026-03-03,2026-04-20,REMOVED,341,6
LST-003564,AGT-101,LOC-003,Penthouse,3,SALE,2930,12735000,12735000,0,2026-01-23,2026-02-09,2026-03-30,REMOVED,716,12
LST-003565,AGT-051,LOC-003,Apartment,2,RENT,1440,242000,242000,0,2026-01-23,2026-02-06,2026-02-10,EXPIRED,209,3
LST-003566,AGT-054,LOC-025,Apartment,1,SALE,870,1420000,1420000,0,2026-01-23,2026-05-11,2026-07-15,EXPIRED,704,12
LST-003567,AGT-010,LOC-028,Villa,5,SALE,6360,5900000,5900000,0,2026-01-23,2026-02-11,2026-03-04,REMOVED,215,7
LST-003568,AGT-118,LOC-025,Apartment,3,SALE,1845,2420000,2420000,0,2026-01-23,2026-02-15,2026-03-11,REMOVED,344,7
LST-003569,AGT-086,LOC-024,Apartment,2,SALE,1190,1620000,1545000,1,2026-01-23,2026-01-29,2026-02-21,REMOVED,106,3
LST-003570,AGT-014,LOC-031,Apartment,2,SALE,1290,1325000,1290000,1,2026-01-23,2026-03-22,,ACTIVE,569,10
LST-003571,AGT-056,LOC-023,Apartment,2,SALE,1300,1555000,1555000,0,2026-01-23,2026-01-26,2026-02-07,REMOVED,169,6
LST-003572,AGT-074,LOC-005,Apartment,0,SALE,440,1680000,1635000,1,2026-01-23,2026-02-14,2026-05-11,EXPIRED,1240,26
LST-003573,AGT-075,LOC-032,Apartment,0,SALE,420,440000,440000,0,2026-01-23,2026-01-26,2026-02-06,EXPIRED,48,1
LST-003574,AGT-002,LOC-017,Villa,3,SALE,3255,3990000,3990000,0,2026-01-23,2026-02-06,2026-02-06,EXPIRED,92,2
LST-003575,AGT-002,LOC-028,Townhouse,3,RENT,2005,134000,134000,0,2026-01-23,2026-01-28,2026-03-17,EXPIRED,309,13
LST-003576,AGT-019,LOC-003,Apartment,1,SALE,730,2110000,2110000,0,2026-01-23,2026-05-18,2026-05-27,REMOVED,1819,66
LST-003577,AGT-064,LOC-012,Apartment,0,RENT,480,53000,53000,0,2026-01-24,2026-01-26,2026-02-15,REMOVED,285,7
LST-003578,AGT-107,LOC-009,Townhouse,2,RENT,1870,152000,152000,0,2026-01-24,2026-01-29,2026-02-01,REMOVED,78,1
LST-003579,AGT-061,LOC-003,Apartment,1,RENT,870,129000,129000,0,2026-01-24,2026-01-28,2026-03-09,REMOVED,551,17
LST-003580,AGT-061,LOC-010,Townhouse,3,SALE,2520,2980000,2895000,1,2026-01-24,2026-02-17,2026-03-10,REMOVED,410,6
LST-003581,AGT-117,LOC-005,Apartment,0,SALE,425,1470000,1470000,0,2026-01-24,2026-02-11,2026-03-23,REMOVED,570,19
LST-003582,AGT-013,LOC-002,Apartment,1,SALE,950,2405000,2285000,1,2026-01-25,2026-02-22,2026-02-24,REMOVED,331,9
LST-003583,AGT-061,LOC-014,Apartment,2,RENT,1350,182000,182000,0,2026-01-25,2026-02-22,2026-03-24,REMOVED,566,11
LST-003584,AGT-114,LOC-012,Apartment,3,SALE,1910,2530000,2530000,0,2026-01-25,2026-05-18,2026-07-13,REMOVED,1133,25
LST-003585,AGT-045,LOC-019,Apartment,3,RENT,1815,155000,155000,0,2026-01-25,2026-04-05,2026-05-26,EXPIRED,546,7
LST-003586,AGT-013,LOC-001,Apartment,3,RENT,1855,202000,202000,0,2026-01-25,2026-01-29,2026-02-10,EXPIRED,102,2
LST-003587,AGT-059,LOC-023,Apartment,1,SALE,600,1135000,1135000,0,2026-01-25,2026-05-06,,ACTIVE,870,13
LST-003588,AGT-064,LOC-027,Apartment,2,SALE,1200,3580000,3580000,0,2026-01-25,2026-01-28,2026-03-19,REMOVED,567,11
LST-003589,AGT-087,LOC-033,Apartment,2,SALE,1045,1225000,1225000,0,2026-01-26,2026-03-05,2026-03-11,REMOVED,254,6
LST-003590,AGT-119,LOC-001,Apartment,0,RENT,500,64000,64000,0,2026-01-26,2026-03-04,2026-04-30,REMOVED,508,11
LST-003591,AGT-107,LOC-023,Apartment,2,RENT,1285,128000,128000,0,2026-01-26,2026-04-16,2026-05-22,REMOVED,713,15
LST-003592,AGT-087,LOC-005,Apartment,2,RENT,1175,275000,248000,3,2026-01-26,2026-02-23,2026-04-11,REMOVED,319,7
LST-003593,AGT-001,LOC-001,Apartment,1,SALE,655,1355000,1355000,0,2026-01-26,2026-01-26,2026-04-19,REMOVED,841,18
LST-003594,AGT-003,LOC-012,Apartment,2,RENT,1105,107000,107000,0,2026-01-26,2026-01-26,2026-02-08,REMOVED,166,6
LST-003595,AGT-095,LOC-023,Apartment,2,SALE,1220,1450000,1450000,0,2026-01-26,2026-03-15,2026-04-28,REMOVED,970,38
LST-003596,AGT-016,LOC-033,Apartment,4,SALE,2535,2610000,2530000,1,2026-01-26,2026-04-11,2026-04-15,EXPIRED,660,19
LST-003597,AGT-019,LOC-025,Townhouse,3,SALE,2335,3490000,3335000,1,2026-01-26,2026-08-05,,ACTIVE,1282,20
LST-003598,AGT-032,LOC-007,Apartment,0,SALE,435,995000,995000,0,2026-01-26,2026-02-06,2026-02-10,REMOVED,138,2
LST-003599,AGT-114,LOC-033,Apartment,3,SALE,1580,1940000,1870000,1,2026-01-27,2026-03-19,2026-04-30,REMOVED,540,13
LST-003600,AGT-117,LOC-018,Apartment,1,SALE,925,855000,830000,1,2026-01-27,2026-04-11,2026-05-29,EXPIRED,1082,28
LST-003601,AGT-036,LOC-003,Apartment,2,SALE,1035,2975000,2975000,0,2026-01-27,2026-02-18,2026-03-25,REMOVED,257,7
LST-003602,AGT-092,LOC-009,Townhouse,3,SALE,2490,2790000,2790000,0,2026-01-27,2026-03-27,2026-04-22,REMOVED,375,8
LST-003603,AGT-011,LOC-023,Apartment,1,SALE,875,1335000,1335000,0,2026-01-27,2026-03-17,2026-05-05,REMOVED,357,6
LST-003604,AGT-059,LOC-027,Villa,5,SALE,6795,18790000,18790000,0,2026-01-27,2026-01-30,2026-02-14,REMOVED,294,9
LST-003605,AGT-016,LOC-010,Apartment,2,RENT,1055,90000,90000,0,2026-01-27,2026-02-22,2026-02-23,EXPIRED,186,5
LST-003606,AGT-059,LOC-023,Apartment,0,SALE,490,705000,705000,0,2026-01-27,2026-03-19,2026-04-09,REMOVED,628,15
LST-003607,AGT-062,LOC-032,Apartment,3,RENT,1820,163000,158000,1,2026-01-27,2026-02-04,2026-02-26,EXPIRED,158,2
LST-003608,AGT-115,LOC-002,Apartment,2,SALE,1120,2515000,2515000,0,2026-01-27,2026-02-03,2026-02-08,REMOVED,196,4
LST-003609,AGT-046,LOC-006,Villa,5,SALE,5190,26585000,26585000,0,2026-01-27,2026-02-24,2026-04-11,REMOVED,433,11
LST-003610,AGT-075,LOC-014,Apartment,3,SALE,2015,4455000,4280000,1,2026-01-28,2026-01-31,2026-03-09,REMOVED,248,4
LST-003611,AGT-075,LOC-014,Apartment,1,SALE,735,1720000,1720000,0,2026-01-28,2026-02-11,2026-02-17,REMOVED,132,2
LST-003612,AGT-107,LOC-020,Apartment,2,RENT,1465,129000,129000,0,2026-01-28,2026-02-04,2026-02-20,REMOVED,186,6
LST-003613,AGT-028,LOC-015,Villa,6,SALE,7240,10570000,10570000,0,2026-01-28,2026-02-06,2026-03-15,REMOVED,364,7
LST-003614,AGT-035,LOC-009,Apartment,2,RENT,1455,177000,164000,1,2026-01-28,2026-02-11,2026-02-25,REMOVED,102,1
LST-003615,AGT-063,LOC-008,Apartment,1,SALE,845,1635000,1635000,0,2026-01-28,2026-03-17,2026-04-04,REMOVED,512,11
LST-003616,AGT-096,LOC-003,Apartment,1,SALE,840,2660000,2660000,0,2026-01-28,2026-02-24,2026-03-17,REMOVED,233,4
LST-003617,AGT-090,LOC-022,Apartment,3,RENT,1600,134000,134000,0,2026-01-28,2026-02-05,2026-03-15,REMOVED,423,10
LST-003618,AGT-013,LOC-014,Apartment,0,RENT,510,80000,80000,0,2026-01-28,2026-03-13,2026-03-21,REMOVED,415,11
LST-003619,AGT-074,LOC-003,Apartment,1,SALE,775,2125000,2125000,0,2026-01-28,2026-02-12,2026-02-28,REMOVED,680,18
LST-003620,AGT-099,LOC-028,Townhouse,4,SALE,3445,3115000,3115000,0,2026-01-28,2026-03-14,2026-03-16,EXPIRED,306,10
LST-003621,AGT-012,LOC-024,Apartment,1,RENT,640,68000,68000,0,2026-01-28,2026-02-03,2026-02-16,REMOVED,98,1
LST-003622,AGT-095,LOC-009,Apartment,1,RENT,780,73000,73000,0,2026-01-29,2026-03-04,2026-03-05,REMOVED,532,20
LST-003623,AGT-106,LOC-029,Villa,6,SALE,7990,4800000,4800000,0,2026-01-29,2026-02-07,2026-03-21,REMOVED,325,7
LST-003624,AGT-018,LOC-018,Apartment,4,RENT,2935,236000,236000,0,2026-01-29,2026-02-12,2026-02-24,EXPIRED,169,2
LST-003625,AGT-028,LOC-027,Apartment,2,RENT,1195,234000,219000,1,2026-01-29,2026-02-10,2026-03-05,REMOVED,248,6
LST-003626,AGT-051,LOC-020,Townhouse,3,RENT,2290,248000,224000,2,2026-01-29,2026-02-18,2026-03-23,EXPIRED,131,2
LST-003627,AGT-096,LOC-031,Apartment,0,SALE,450,530000,530000,0,2026-01-29,2026-02-19,2026-02-19,REMOVED,82,1
LST-003628,AGT-059,LOC-020,Townhouse,4,SALE,3285,3755000,3755000,0,2026-01-29,2026-03-17,2026-04-16,REMOVED,536,17
LST-003629,AGT-038,LOC-011,Apartment,1,SALE,815,1370000,1370000,0,2026-01-29,2026-03-31,2026-04-18,REMOVED,338,7
LST-003630,AGT-031,LOC-033,Apartment,1,RENT,765,56000,56000,0,2026-01-29,2026-02-10,2026-04-01,REMOVED,483,14
LST-003631,AGT-102,LOC-030,Apartment,1,RENT,835,44000,44000,0,2026-01-29,2026-02-08,2026-02-16,REMOVED,112,3
LST-003632,AGT-030,LOC-020,Apartment,0,RENT,495,63000,58000,1,2026-01-29,2026-03-07,2026-04-02,REMOVED,306,7
LST-003633,AGT-063,LOC-020,Apartment,3,RENT,1670,140000,140000,0,2026-01-29,2026-02-07,2026-03-01,EXPIRED,306,11
LST-003634,AGT-070,LOC-011,Apartment,2,RENT,1025,119000,112000,1,2026-01-29,2026-01-30,2026-02-23,REMOVED,130,1
LST-003635,AGT-021,LOC-005,Penthouse,2,SALE,2440,9885000,9885000,0,2026-01-29,2026-03-11,2026-03-31,REMOVED,677,18
LST-003636,AGT-037,LOC-002,Penthouse,2,RENT,2310,369000,369000,0,2026-01-29,2026-02-07,2026-02-27,EXPIRED,362,11
LST-003637,AGT-118,LOC-025,Villa,4,RENT,4295,332000,332000,0,2026-01-30,2026-02-26,2026-03-27,EXPIRED,453,8
LST-003638,AGT-089,LOC-018,Apartment,2,SALE,1035,1100000,1005000,2,2026-01-30,2026-02-20,,ACTIVE,983,20
LST-003639,AGT-015,LOC-029,Apartment,1,SALE,750,485000,485000,0,2026-01-30,2026-08-28,,ACTIVE,439,10
LST-003640,AGT-075,LOC-012,Apartment,2,RENT,1300,130000,110000,3,2026-01-30,2026-04-11,2026-07-19,EXPIRED,2369,71
LST-003641,AGT-068,LOC-006,Villa,4,RENT,4340,1180000,1180000,0,2026-01-30,2026-02-20,2026-03-10,REMOVED,262,3
LST-003642,AGT-112,LOC-001,Apartment,2,RENT,1295,150000,150000,0,2026-01-30,2026-02-22,2026-03-08,REMOVED,349,9
LST-003643,AGT-049,LOC-027,Apartment,2,RENT,1380,226000,226000,0,2026-01-30,2026-02-16,2026-03-01,REMOVED,426,10
LST-003644,AGT-042,LOC-029,Apartment,1,RENT,620,28000,28000,0,2026-01-30,2026-02-27,2026-03-02,EXPIRED,296,11
LST-003645,AGT-064,LOC-003,Apartment,1,SALE,695,2015000,2015000,0,2026-01-30,2026-03-02,2026-04-15,REMOVED,583,21
LST-003646,AGT-059,LOC-023,Apartment,0,RENT,445,53000,52000,1,2026-01-31,2026-02-15,2026-03-08,REMOVED,136,2
LST-003647,AGT-019,LOC-020,Apartment,1,SALE,840,1050000,1050000,0,2026-01-31,2026-03-13,2026-04-26,REMOVED,418,14
LST-003648,AGT-024,LOC-009,Apartment,4,SALE,2635,2585000,2585000,0,2026-01-31,2026-03-17,2026-03-18,REMOVED,384,9
LST-003649,AGT-020,LOC-009,Apartment,2,RENT,980,93000,83000,2,2026-01-31,2026-02-22,2026-05-02,REMOVED,528,8
LST-003650,AGT-095,LOC-022,Apartment,3,SALE,1970,2685000,2685000,0,2026-01-31,2026-07-15,,ACTIVE,823,19
LST-003651,AGT-054,LOC-022,Villa,5,RENT,5785,507000,507000,0,2026-01-31,2026-02-05,2026-02-21,EXPIRED,103,2
LST-003652,AGT-017,LOC-001,Apartment,4,RENT,2690,227000,227000,0,2026-01-31,2026-01-31,2026-02-06,REMOVED,163,7
LST-003653,AGT-045,LOC-020,Apartment,2,RENT,1110,118000,118000,0,2026-01-31,2026-02-02,2026-02-19,EXPIRED,180,6
LST-003654,AGT-052,LOC-024,Apartment,2,RENT,1265,105000,105000,0,2026-01-31,2026-02-19,2026-04-30,REMOVED,585,14
LST-003655,AGT-038,LOC-013,Villa,3,SALE,3225,6470000,6470000,0,2026-02-01,2026-02-24,2026-05-14,EXPIRED,431,14
LST-003656,AGT-019,LOC-012,Apartment,0,SALE,440,660000,660000,0,2026-02-01,2026-05-11,2026-06-11,REMOVED,1660,52
LST-003657,AGT-068,LOC-001,Apartment,2,RENT,1080,107000,107000,0,2026-02-01,2026-04-01,2026-04-22,EXPIRED,1565,45
LST-003658,AGT-118,LOC-004,Apartment,2,SALE,1390,3795000,3795000,0,2026-02-01,2026-02-26,2026-03-12,EXPIRED,320,10
LST-003659,AGT-030,LOC-018,Apartment,1,RENT,880,67000,67000,0,2026-02-01,2026-03-04,2026-03-30,EXPIRED,274,5
LST-003660,AGT-045,LOC-007,Apartment,2,RENT,1055,134000,134000,0,2026-02-01,2026-03-03,2026-03-19,REMOVED,390,11
LST-003661,AGT-017,LOC-022,Apartment,2,SALE,1325,1815000,1815000,0,2026-02-01,2026-03-27,2026-06-11,REMOVED,1105,26
LST-003662,AGT-075,LOC-012,Apartment,1,RENT,820,85000,85000,0,2026-02-02,2026-02-09,2026-02-19,REMOVED,103,2
LST-003663,AGT-036,LOC-014,Apartment,0,SALE,450,1130000,1130000,0,2026-02-02,2026-02-25,2026-03-30,REMOVED,323,7
LST-003664,AGT-087,LOC-033,Apartment,1,RENT,830,75000,70000,1,2026-02-02,2026-02-03,2026-03-03,REMOVED,120,1
LST-003665,AGT-111,LOC-017,Villa,4,RENT,4575,359000,359000,0,2026-02-02,2026-02-28,2026-04-18,EXPIRED,322,6
LST-003666,AGT-074,LOC-032,Apartment,1,SALE,830,615000,615000,0,2026-02-02,2026-03-08,2026-03-31,EXPIRED,376,14
LST-003667,AGT-063,LOC-012,Apartment,4,SALE,2800,3185000,3185000,0,2026-02-02,2026-02-09,2026-02-15,EXPIRED,131,4
LST-003668,AGT-102,LOC-023,Apartment,0,SALE,480,820000,770000,1,2026-02-02,2026-05-25,2026-07-03,REMOVED,579,9
LST-003669,AGT-096,LOC-029,Apartment,1,RENT,750,38000,38000,0,2026-02-02,2026-03-27,2026-06-05,REMOVED,468,8
LST-003670,AGT-018,LOC-026,Apartment,0,RENT,450,56000,56000,0,2026-02-02,2026-02-03,2026-02-05,REMOVED,38,1
LST-003671,AGT-086,LOC-001,Penthouse,3,SALE,3255,9730000,9730000,0,2026-02-02,2026-02-04,2026-04-17,REMOVED,506,10
LST-003672,AGT-060,LOC-001,Apartment,2,RENT,1430,160000,152000,1,2026-02-02,2026-02-11,2026-02-24,REMOVED,338,6
LST-003673,AGT-055,LOC-021,Apartment,2,SALE,1450,1500000,1500000,0,2026-02-02,2026-02-06,2026-03-17,REMOVED,298,8
LST-003674,AGT-025,LOC-010,Apartment,2,SALE,1200,1350000,1315000,1,2026-02-03,2026-02-28,2026-03-05,REMOVED,136,4
LST-003675,AGT-096,LOC-025,Apartment,0,SALE,400,725000,645000,2,2026-02-03,2026-07-25,,ACTIVE,1163,13
LST-003676,AGT-011,LOC-028,Villa,3,RENT,3460,307000,307000,0,2026-02-03,2026-04-22,2026-04-25,EXPIRED,573,8
LST-003677,AGT-029,LOC-005,Apartment,3,SALE,1675,5405000,4445000,3,2026-02-03,2026-02-17,2026-04-08,REMOVED,388,11
LST-003678,AGT-070,LOC-022,Villa,5,SALE,5845,6540000,6540000,0,2026-02-03,2026-03-03,2026-03-11,EXPIRED,299,10
LST-003679,AGT-092,LOC-026,Apartment,2,SALE,1210,2290000,2290000,0,2026-02-03,2026-02-12,2026-04-30,EXPIRED,298,5
LST-003680,AGT-059,LOC-001,Apartment,0,RENT,470,49000,49000,0,2026-02-03,2026-02-11,2026-03-05,REMOVED,435,9
LST-003681,AGT-101,LOC-008,Apartment,2,RENT,1365,208000,208000,0,2026-02-03,2026-02-05,2026-02-14,EXPIRED,65,1
LST-003682,AGT-067,LOC-028,Villa,7,SALE,12915,12295000,12295000,0,2026-02-03,2026-03-11,2026-04-12,EXPIRED,290,7
LST-003683,AGT-059,LOC-027,Villa,4,RENT,4665,682000,682000,0,2026-02-03,2026-02-21,2026-02-27,REMOVED,397,9
LST-003684,AGT-059,LOC-018,Apartment,2,RENT,980,82000,82000,0,2026-02-03,2026-02-10,2026-03-26,EXPIRED,447,7
LST-003685,AGT-045,LOC-022,Apartment,3,SALE,1865,2290000,2290000,0,2026-02-03,2026-03-23,2026-04-16,EXPIRED,597,13
LST-003686,AGT-109,LOC-025,Villa,7,RENT,11680,1029000,998000,1,2026-02-03,2026-05-20,2026-06-10,REMOVED,551,9
LST-003687,AGT-059,LOC-014,Apartment,2,SALE,1460,3045000,3045000,0,2026-02-03,2026-03-03,2026-05-02,REMOVED,551,18
LST-003688,AGT-093,LOC-002,Apartment,1,SALE,750,1780000,1780000,0,2026-02-04,2026-06-02,2026-08-17,REMOVED,1758,42
LST-003689,AGT-107,LOC-009,Apartment,1,SALE,790,910000,910000,0,2026-02-04,2026-02-11,2026-02-15,REMOVED,99,3
LST-003690,AGT-036,LOC-004,Apartment,2,RENT,1360,236000,236000,0,2026-02-04,2026-02-05,2026-02-07,REMOVED,66,1
LST-003691,AGT-049,LOC-006,Villa,4,RENT,4350,1129000,1129000,0,2026-02-04,2026-02-04,2026-02-09,REMOVED,56,1
LST-003692,AGT-099,LOC-028,Townhouse,3,SALE,2000,1905000,1905000,0,2026-02-04,2026-03-12,2026-03-16,REMOVED,229,6
LST-003693,AGT-062,LOC-005,Apartment,2,SALE,1335,4445000,4445000,0,2026-02-04,2026-02-23,2026-03-03,REMOVED,245,7
LST-003694,AGT-106,LOC-006,Villa,5,SALE,5395,26110000,26110000,0,2026-02-04,2026-02-08,2026-02-19,EXPIRED,149,3
LST-003695,AGT-118,LOC-009,Apartment,2,RENT,1220,111000,111000,0,2026-02-04,2026-02-26,2026-03-12,REMOVED,415,11
LST-003696,AGT-004,LOC-003,Apartment,1,SALE,735,2285000,2285000,0,2026-02-04,2026-02-19,2026-06-14,REMOVED,1288,26
LST-003697,AGT-011,LOC-018,Apartment,3,SALE,2100,2300000,2300000,0,2026-02-04,2026-02-17,2026-03-27,REMOVED,248,3
LST-003698,AGT-088,LOC-022,Apartment,1,RENT,910,85000,85000,0,2026-02-05,2026-08-29,,ACTIVE,999,25
LST-003699,AGT-033,LOC-015,Villa,4,RENT,4910,459000,459000,0,2026-02-05,2026-02-20,2026-03-15,REMOVED,323,5
LST-003700,AGT-037,LOC-021,Apartment,0,RENT,445,38000,38000,0,2026-02-05,2026-02-12,2026-03-01,REMOVED,294,7
LST-003701,AGT-050,LOC-020,Apartment,0,RENT,340,39000,39000,0,2026-02-05,2026-02-08,2026-02-10,REMOVED,58,1
LST-003702,AGT-067,LOC-032,Apartment,2,SALE,1275,1395000,1245000,3,2026-02-05,2026-03-25,2026-05-18,EXPIRED,243,4
LST-003703,AGT-013,LOC-031,Apartment,1,RENT,715,63000,60000,1,2026-02-05,2026-02-17,2026-02-26,EXPIRED,75,1
LST-003704,AGT-021,LOC-032,Apartment,4,SALE,3035,1995000,1995000,0,2026-02-05,2026-02-17,2026-02-26,REMOVED,174,7
LST-003705,AGT-068,LOC-014,Apartment,4,RENT,2965,381000,381000,0,2026-02-05,2026-03-10,2026-03-31,EXPIRED,336,11
LST-003706,AGT-013,LOC-014,Apartment,1,SALE,800,1950000,1950000,0,2026-02-05,2026-02-10,2026-03-27,REMOVED,235,5
LST-003707,AGT-072,LOC-005,Apartment,3,SALE,2145,7415000,7415000,0,2026-02-05,2026-02-25,2026-07-04,REMOVED,949,20
LST-003708,AGT-083,LOC-023,Apartment,2,SALE,1400,1980000,1980000,0,2026-02-05,2026-02-19,2026-04-07,REMOVED,404,11
LST-003709,AGT-102,LOC-016,Villa,5,RENT,5725,424000,424000,0,2026-02-05,2026-02-07,2026-02-10,REMOVED,132,3
LST-003710,AGT-033,LOC-003,Apartment,2,SALE,1145,4220000,3750000,2,2026-02-05,2026-05-29,2026-06-22,REMOVED,654,9
LST-003711,AGT-033,LOC-017,Villa,7,RENT,9010,761000,705000,2,2026-02-05,2026-05-05,2026-05-12,REMOVED,404,4
LST-003712,AGT-041,LOC-030,Apartment,1,RENT,605,30000,30000,0,2026-02-06,2026-02-14,2026-02-28,REMOVED,167,4
LST-003713,AGT-096,LOC-029,Villa,5,SALE,5965,3735000,3310000,2,2026-02-06,2026-03-13,2026-03-22,REMOVED,299,4
LST-003714,AGT-061,LOC-022,Apartment,1,SALE,810,1095000,1095000,0,2026-02-06,2026-03-03,2026-05-18,REMOVED,770,15
LST-003715,AGT-033,LOC-013,Villa,3,RENT,3210,398000,398000,0,2026-02-06,2026-02-13,2026-02-14,REMOVED,96,2
LST-003716,AGT-026,LOC-031,Apartment,2,SALE,1500,1265000,1265000,0,2026-02-06,2026-02-10,2026-03-07,EXPIRED,166,6
LST-003717,AGT-107,LOC-024,Apartment,0,RENT,425,39000,39000,0,2026-02-06,2026-02-25,2026-02-25,REMOVED,162,4
LST-003718,AGT-057,LOC-022,Apartment,3,RENT,2075,188000,188000,0,2026-02-06,2026-02-11,2026-02-11,REMOVED,25,0
LST-003719,AGT-082,LOC-003,Apartment,1,SALE,665,1680000,1680000,0,2026-02-06,2026-02-25,2026-05-20,REMOVED,1577,59
LST-003720,AGT-011,LOC-007,Apartment,2,SALE,1090,2020000,2020000,0,2026-02-06,2026-03-03,2026-03-06,REMOVED,136,5
LST-003721,AGT-046,LOC-013,Townhouse,4,RENT,3125,417000,417000,0,2026-02-06,2026-03-08,2026-03-13,EXPIRED,211,4
LST-003722,AGT-102,LOC-014,Apartment,4,RENT,2585,300000,300000,0,2026-02-06,2026-02-22,2026-03-16,REMOVED,349,12
LST-003723,AGT-047,LOC-026,Apartment,2,SALE,1015,1545000,1545000,0,2026-02-06,2026-02-13,2026-03-25,REMOVED,433,11
LST-003724,AGT-011,LOC-008,Apartment,1,RENT,935,137000,137000,0,2026-02-06,2026-02-07,2026-03-14,REMOVED,214,3
LST-003725,AGT-017,LOC-007,Apartment,0,RENT,400,64000,64000,0,2026-02-07,2026-02-07,2026-02-13,REMOVED,98,2
LST-003726,AGT-071,LOC-012,Apartment,3,SALE,1860,2670000,2670000,0,2026-02-07,2026-03-05,,ACTIVE,493,10
LST-003727,AGT-050,LOC-018,Apartment,3,RENT,1985,177000,177000,0,2026-02-07,2026-02-19,2026-02-24,EXPIRED,162,2
LST-003728,AGT-025,LOC-005,Apartment,1,SALE,700,2475000,2475000,0,2026-02-07,2026-04-04,2026-04-07,REMOVED,810,14
LST-003729,AGT-012,LOC-001,Apartment,3,SALE,2050,4060000,4060000,0,2026-02-07,2026-03-12,2026-03-15,EXPIRED,300,7
LST-003730,AGT-117,LOC-017,Villa,5,SALE,5175,5890000,5890000,0,2026-02-07,2026-02-11,2026-03-11,REMOVED,161,3
LST-003731,AGT-033,LOC-011,Apartment,1,RENT,645,74000,67000,2,2026-02-07,2026-04-08,,ACTIVE,1319,31
LST-003732,AGT-101,LOC-014,Apartment,0,RENT,505,102000,98000,1,2026-02-07,2026-04-14,,ACTIVE,405,5
LST-003733,AGT-101,LOC-006,Villa,5,SALE,6220,29600000,29600000,0,2026-02-07,2026-02-26,2026-03-29,REMOVED,677,18
LST-003734,AGT-109,LOC-008,Apartment,1,SALE,920,1580000,1580000,0,2026-02-07,2026-02-11,2026-04-09,EXPIRED,794,17
LST-003735,AGT-033,LOC-021,Apartment,3,SALE,2020,2160000,1905000,2,2026-02-07,2026-03-16,2026-03-24,REMOVED,238,3
LST-003736,AGT-023,LOC-027,Villa,7,SALE,13000,27365000,27365000,0,2026-02-07,2026-03-19,2026-06-25,REMOVED,2765,143
LST-003737,AGT-070,LOC-031,Apartment,3,SALE,2005,1965000,1965000,0,2026-02-07,2026-03-24,2026-04-06,REMOVED,246,6
LST-003738,AGT-070,LOC-029,Apartment,2,RENT,1010,44000,44000,0,2026-02-07,2026-02-12,2026-02-14,REMOVED,67,1
LST-003739,AGT-018,LOC-003,Apartment,1,SALE,885,2690000,2690000,0,2026-02-07,2026-03-06,2026-03-10,REMOVED,513,12
LST-003740,AGT-103,LOC-014,Apartment,3,SALE,1715,3850000,3850000,0,2026-02-08,2026-02-13,2026-03-13,REMOVED,309,7
LST-003741,AGT-068,LOC-014,Apartment,4,SALE,2345,4755000,4755000,0,2026-02-08,2026-02-24,2026-03-26,REMOVED,305,6
LST-003742,AGT-107,LOC-005,Penthouse,3,RENT,3240,1054000,1054000,0,2026-02-08,2026-02-11,2026-06-29,EXPIRED,644,11
LST-003743,AGT-087,LOC-003,Apartment,3,RENT,1795,252000,252000,0,2026-02-08,2026-02-18,2026-03-03,REMOVED,256,6
LST-003744,AGT-033,LOC-015,Villa,5,RENT,5885,716000,716000,0,2026-02-08,2026-04-14,,ACTIVE,621,8
LST-003745,AGT-055,LOC-007,Apartment,2,RENT,960,159000,140000,3,2026-02-08,2026-04-11,2026-05-06,REMOVED,438,7
LST-003746,AGT-075,LOC-011,Apartment,2,SALE,1080,1610000,1610000,0,2026-02-08,2026-03-08,2026-04-15,REMOVED,459,11
LST-003747,AGT-069,LOC-011,Apartment,0,RENT,515,52000,52000,0,2026-02-08,2026-02-17,2026-02-17,REMOVED,134,4
LST-003748,AGT-102,LOC-011,Apartment,1,SALE,705,1140000,1140000,0,2026-02-09,2026-04-27,2026-04-28,EXPIRED,870,17
LST-003749,AGT-028,LOC-002,Apartment,2,RENT,1215,144000,144000,0,2026-02-09,2026-02-11,2026-02-20,EXPIRED,311,11
LST-003750,AGT-068,LOC-029,Apartment,2,SALE,1000,545000,545000,0,2026-02-09,2026-03-27,2026-05-11,EXPIRED,522,19
LST-003751,AGT-062,LOC-012,Apartment,2,SALE,1245,2085000,2085000,0,2026-02-09,2026-02-19,2026-03-01,REMOVED,81,2
LST-003752,AGT-117,LOC-010,Apartment,2,RENT,1030,98000,92000,1,2026-02-09,2026-03-08,2026-03-15,REMOVED,256,4
LST-003753,AGT-005,LOC-017,Townhouse,3,RENT,2375,203000,203000,0,2026-02-09,2026-02-12,2026-02-17,REMOVED,38,1
LST-003754,AGT-109,LOC-013,Villa,3,SALE,2525,5990000,5990000,0,2026-02-09,2026-04-06,2026-07-21,REMOVED,556,8
LST-003755,AGT-038,LOC-017,Villa,3,RENT,3340,253000,253000,0,2026-02-09,2026-02-22,2026-02-24,REMOVED,163,5
LST-003756,AGT-068,LOC-001,Apartment,2,RENT,1365,191000,167000,2,2026-02-09,2026-02-25,2026-04-09,REMOVED,396,6
LST-003757,AGT-001,LOC-003,Apartment,3,RENT,1595,230000,230000,0,2026-02-09,2026-02-09,2026-02-25,REMOVED,227,5
LST-003758,AGT-054,LOC-028,Villa,5,SALE,6270,7085000,7085000,0,2026-02-10,2026-02-19,2026-07-11,REMOVED,397,7
LST-003759,AGT-032,LOC-002,Apartment,2,SALE,1075,2365000,2365000,0,2026-02-10,2026-02-14,2026-02-17,EXPIRED,80,2
LST-003760,AGT-008,LOC-031,Apartment,1,SALE,610,710000,655000,2,2026-02-10,2026-03-17,2026-06-02,REMOVED,329,5
LST-003761,AGT-062,LOC-018,Apartment,1,SALE,915,820000,820000,0,2026-02-10,2026-02-10,2026-03-06,REMOVED,324,11
LST-003762,AGT-102,LOC-030,Villa,5,SALE,6630,3855000,3855000,0,2026-02-10,2026-03-10,2026-07-02,REMOVED,410,7
LST-003763,AGT-033,LOC-005,Apartment,0,SALE,440,1675000,1675000,0,2026-02-10,2026-02-20,2026-02-26,REMOVED,194,5
LST-003764,AGT-075,LOC-031,Apartment,2,RENT,1085,70000,70000,0,2026-02-10,2026-03-09,2026-03-23,REMOVED,468,18
LST-003765,AGT-050,LOC-021,Apartment,1,RENT,630,63000,63000,0,2026-02-10,2026-02-11,2026-03-11,REMOVED,96,1
LST-003766,AGT-057,LOC-005,Apartment,3,RENT,2170,402000,402000,0,2026-02-10,2026-04-04,2026-07-24,REMOVED,2061,52
LST-003767,AGT-038,LOC-019,Apartment,1,SALE,915,930000,930000,0,2026-02-10,2026-03-23,2026-05-17,REMOVED,662,15
LST-003768,AGT-017,LOC-009,Apartment,3,SALE,1820,1985000,1985000,0,2026-02-10,2026-02-22,2026-04-02,REMOVED,442,14
LST-003769,AGT-036,LOC-004,Penthouse,5,RENT,8795,1713000,1713000,0,2026-02-10,2026-02-14,2026-04-12,REMOVED,970,24
LST-003770,AGT-087,LOC-008,Apartment,1,RENT,875,111000,111000,0,2026-02-11,2026-02-21,2026-02-25,REMOVED,137,3
LST-003771,AGT-036,LOC-019,Apartment,3,RENT,1625,124000,116000,2,2026-02-11,2026-02-27,2026-04-04,REMOVED,368,5
LST-003772,AGT-075,LOC-031,Apartment,3,SALE,1945,1505000,1505000,0,2026-02-11,2026-02-14,2026-03-27,REMOVED,181,5
LST-003773,AGT-064,LOC-010,Apartment,1,SALE,710,845000,695000,3,2026-02-11,2026-05-17,2026-07-16,EXPIRED,687,14
LST-003774,AGT-018,LOC-004,Apartment,2,SALE,1100,3425000,3425000,0,2026-02-11,2026-03-23,,ACTIVE,1690,26
LST-003775,AGT-005,LOC-017,Apartment,0,RENT,445,49000,49000,0,2026-02-11,2026-02-18,2026-03-08,REMOVED,230,7
LST-003776,AGT-055,LOC-022,Villa,5,SALE,6040,7045000,7045000,0,2026-02-11,2026-02-22,2026-02-26,REMOVED,185,4
LST-003777,AGT-092,LOC-025,Apartment,3,RENT,1835,197000,179000,2,2026-02-11,2026-04-16,2026-04-16,REMOVED,281,3
LST-003778,AGT-061,LOC-022,Villa,4,SALE,3830,5890000,5620000,1,2026-02-11,2026-02-13,2026-05-01,REMOVED,222,4
LST-003779,AGT-037,LOC-005,Apartment,1,RENT,660,138000,138000,0,2026-02-11,2026-03-10,2026-03-10,REMOVED,317,8
LST-003780,AGT-063,LOC-033,Apartment,2,RENT,1210,90000,90000,0,2026-02-11,2026-02-13,2026-02-16,REMOVED,41,1
LST-003781,AGT-005,LOC-018,Apartment,1,SALE,880,800000,800000,0,2026-02-11,2026-02-19,2026-02-25,REMOVED,185,5
LST-003782,AGT-018,LOC-030,Apartment,0,RENT,370,19000,19000,0,2026-02-11,2026-02-16,2026-03-02,REMOVED,143,4
LST-003783,AGT-029,LOC-010,Townhouse,3,SALE,2600,2545000,2545000,0,2026-02-11,2026-05-23,2026-06-02,EXPIRED,1036,37
LST-003784,AGT-103,LOC-002,Apartment,2,RENT,1330,188000,188000,0,2026-02-11,2026-02-22,2026-03-03,REMOVED,152,4
LST-003785,AGT-083,LOC-028,Townhouse,5,SALE,4060,4460000,4460000,0,2026-02-11,2026-02-14,2026-05-10,EXPIRED,419,8
LST-003786,AGT-075,LOC-015,Villa,3,SALE,3380,6030000,5405000,2,2026-02-11,2026-03-24,2026-06-03,REMOVED,210,4
LST-003787,AGT-028,LOC-015,Townhouse,3,SALE,2165,3830000,3680000,1,2026-02-11,2026-04-18,2026-04-20,REMOVED,356,5
LST-003788,AGT-028,LOC-027,Villa,5,RENT,5970,1245000,1245000,0,2026-02-11,2026-02-21,2026-02-24,EXPIRED,134,2
LST-003789,AGT-101,LOC-017,Villa,4,SALE,4970,6720000,5735000,2,2026-02-12,2026-03-04,2026-04-12,REMOVED,245,5
LST-003790,AGT-069,LOC-012,Apartment,2,RENT,1125,128000,121000,1,2026-02-12,2026-02-16,2026-06-06,EXPIRED,611,13
LST-003791,AGT-118,LOC-002,Apartment,3,RENT,2145,270000,270000,0,2026-02-12,2026-03-29,2026-05-11,EXPIRED,767,15
LST-003792,AGT-061,LOC-010,Apartment,2,RENT,1155,93000,93000,0,2026-02-12,2026-02-26,2026-02-28,EXPIRED,124,3
LST-003793,AGT-055,LOC-021,Apartment,2,SALE,1250,1445000,1410000,1,2026-02-12,2026-03-10,2026-08-18,REMOVED,658,15
LST-003794,AGT-071,LOC-002,Apartment,4,SALE,2870,5845000,5845000,0,2026-02-12,2026-04-15,2026-07-24,REMOVED,1957,61
LST-003795,AGT-075,LOC-012,Apartment,1,RENT,855,89000,89000,0,2026-02-12,2026-02-18,2026-02-18,REMOVED,84,2
LST-003796,AGT-040,LOC-020,Apartment,2,RENT,1230,135000,135000,0,2026-02-12,2026-02-14,2026-02-18,EXPIRED,31,1
LST-003797,AGT-079,LOC-017,Villa,5,SALE,5305,6560000,6200000,1,2026-02-12,2026-03-14,2026-05-31,REMOVED,297,7
LST-003798,AGT-040,LOC-020,Townhouse,3,RENT,2405,202000,202000,0,2026-02-12,2026-02-23,2026-02-24,REMOVED,121,4
LST-003799,AGT-087,LOC-001,Penthouse,3,RENT,3680,499000,499000,0,2026-02-12,2026-02-20,2026-04-08,EXPIRED,985,30
LST-003800,AGT-026,LOC-013,Villa,4,SALE,3935,7355000,7355000,0,2026-02-12,2026-02-25,2026-03-22,REMOVED,271,7
LST-003801,AGT-012,LOC-018,Apartment,1,SALE,940,1070000,1040000,1,2026-02-12,2026-05-17,,ACTIVE,510,9
LST-003802,AGT-084,LOC-022,Apartment,2,SALE,1185,1580000,1580000,0,2026-02-13,2026-02-21,2026-03-04,EXPIRED,164,3
LST-003803,AGT-112,LOC-011,Apartment,1,RENT,875,81000,81000,0,2026-02-13,2026-03-17,2026-03-18,EXPIRED,624,17
LST-003804,AGT-028,LOC-009,Apartment,1,RENT,765,103000,103000,0,2026-02-13,2026-04-01,2026-04-29,EXPIRED,216,4
LST-003805,AGT-009,LOC-002,Apartment,1,RENT,800,86000,86000,0,2026-02-13,2026-02-14,2026-02-23,REMOVED,277,13
LST-003806,AGT-017,LOC-010,Apartment,0,RENT,400,38000,38000,0,2026-02-13,2026-03-14,2026-03-20,EXPIRED,556,16
LST-003807,AGT-070,LOC-027,Apartment,3,RENT,1695,346000,334000,1,2026-02-13,2026-03-04,2026-03-16,REMOVED,106,1
LST-003808,AGT-017,LOC-007,Apartment,1,SALE,880,1550000,1550000,0,2026-02-13,2026-03-07,2026-03-30,EXPIRED,604,17
LST-003809,AGT-028,LOC-012,Apartment,1,RENT,675,71000,71000,0,2026-02-13,2026-02-23,2026-02-28,REMOVED,159,4
LST-003810,AGT-107,LOC-020,Apartment,1,SALE,940,1400000,1340000,1,2026-02-13,2026-05-14,2026-05-17,REMOVED,458,9
LST-003811,AGT-068,LOC-001,Apartment,2,SALE,1065,2110000,2110000,0,2026-02-13,2026-03-13,2026-03-13,REMOVED,466,14
LST-003812,AGT-072,LOC-012,Apartment,2,SALE,1325,1710000,1710000,0,2026-02-13,2026-03-12,2026-04-29,REMOVED,835,26
LST-003813,AGT-087,LOC-001,Apartment,1,SALE,635,1255000,1255000,0,2026-02-13,2026-02-20,2026-04-22,REMOVED,557,11
LST-003814,AGT-017,LOC-004,Apartment,0,RENT,345,58000,56000,1,2026-02-13,2026-04-02,2026-04-15,REMOVED,543,10
LST-003815,AGT-049,LOC-018,Apartment,2,RENT,1000,71000,71000,0,2026-02-14,2026-02-18,2026-02-23,REMOVED,63,2
LST-003816,AGT-007,LOC-031,Apartment,0,RENT,445,39000,39000,0,2026-02-14,2026-02-20,2026-02-27,REMOVED,80,1
LST-003817,AGT-096,LOC-012,Apartment,0,SALE,395,605000,605000,0,2026-02-14,2026-05-17,,ACTIVE,1689,43
LST-003818,AGT-051,LOC-012,Apartment,2,RENT,1375,167000,167000,0,2026-02-14,2026-03-01,2026-03-02,REMOVED,124,3
LST-003819,AGT-004,LOC-004,Apartment,0,RENT,375,56000,56000,0,2026-02-14,2026-02-14,2026-02-25,REMOVED,292,8
LST-003820,AGT-118,LOC-014,Apartment,1,SALE,855,2285000,2135000,1,2026-02-14,2026-06-11,,ACTIVE,687,14
LST-003821,AGT-019,LOC-024,Apartment,0,RENT,405,38000,38000,0,2026-02-14,2026-02-17,2026-02-20,REMOVED,103,2
LST-003822,AGT-106,LOC-010,Apartment,3,SALE,1835,2385000,2210000,1,2026-02-14,2026-03-09,2026-05-12,REMOVED,171,2
LST-003823,AGT-016,LOC-033,Apartment,2,RENT,1460,132000,128000,1,2026-02-15,2026-02-27,2026-03-09,REMOVED,110,2
LST-003824,AGT-014,LOC-006,Villa,4,SALE,4545,23360000,23360000,0,2026-02-15,2026-03-03,2026-05-31,REMOVED,876,17
LST-003825,AGT-098,LOC-016,Villa,6,SALE,7495,7775000,7775000,0,2026-02-15,2026-03-02,2026-03-10,REMOVED,626,32
LST-003826,AGT-070,LOC-015,Villa,5,SALE,5800,9330000,9330000,0,2026-02-15,2026-02-20,2026-02-23,EXPIRED,45,1
LST-003827,AGT-038,LOC-001,Apartment,2,RENT,1250,182000,182000,0,2026-02-15,2026-03-14,2026-04-16,REMOVED,194,2
LST-003828,AGT-067,LOC-006,Villa,3,RENT,3400,707000,707000,0,2026-02-15,2026-02-23,2026-02-28,EXPIRED,209,5
LST-003829,AGT-068,LOC-022,Villa,3,SALE,3190,4660000,4205000,2,2026-02-15,2026-04-29,2026-04-29,REMOVED,510,13
LST-003830,AGT-059,LOC-029,Apartment,1,SALE,895,480000,480000,0,2026-02-15,2026-02-17,2026-03-07,REMOVED,220,6
LST-003831,AGT-028,LOC-009,Apartment,1,RENT,630,61000,61000,0,2026-02-16,2026-03-15,2026-04-13,REMOVED,349,8
LST-003832,AGT-117,LOC-028,Townhouse,3,RENT,2615,180000,180000,0,2026-02-16,2026-02-23,2026-03-02,REMOVED,142,3
LST-003833,AGT-096,LOC-031,Apartment,2,SALE,1320,1095000,1095000,0,2026-02-16,2026-02-16,2026-02-22,REMOVED,55,2
LST-003834,AGT-096,LOC-008,Apartment,1,RENT,725,90000,90000,0,2026-02-16,2026-02-22,2026-03-13,EXPIRED,261,7
LST-003835,AGT-075,LOC-021,Apartment,4,SALE,2700,3150000,3150000,0,2026-02-16,2026-02-22,2026-05-06,REMOVED,172,2
LST-003836,AGT-018,LOC-004,Apartment,4,SALE,3190,9110000,9110000,0,2026-02-16,2026-02-21,2026-04-16,EXPIRED,482,8
LST-003837,AGT-076,LOC-015,Villa,4,SALE,3585,7010000,6610000,1,2026-02-16,2026-03-15,,ACTIVE,376,5
LST-003838,AGT-038,LOC-004,Apartment,2,RENT,1270,195000,195000,0,2026-02-16,2026-02-20,2026-03-13,REMOVED,381,9
LST-003839,AGT-096,LOC-009,Apartment,1,RENT,865,109000,109000,0,2026-02-16,2026-02-20,2026-05-14,REMOVED,279,4
LST-003840,AGT-048,LOC-015,Townhouse,2,RENT,1520,163000,163000,0,2026-02-16,2026-02-21,2026-03-23,REMOVED,297,7
LST-003841,AGT-016,LOC-001,Apartment,0,RENT,370,44000,44000,0,2026-02-16,2026-02-21,2026-03-19,REMOVED,312,7
LST-003842,AGT-100,LOC-029,Villa,4,RENT,4580,189000,189000,0,2026-02-16,2026-02-20,2026-03-08,REMOVED,266,6
LST-003843,AGT-038,LOC-023,Apartment,3,RENT,1990,193000,193000,0,2026-02-16,2026-04-19,2026-07-12,REMOVED,1197,28
LST-003844,AGT-105,LOC-007,Apartment,0,SALE,430,985000,985000,0,2026-02-16,2026-03-21,2026-07-28,REMOVED,1077,18
LST-003845,AGT-118,LOC-001,Apartment,1,SALE,610,1190000,1190000,0,2026-02-16,2026-02-22,2026-03-02,EXPIRED,201,6
LST-003846,AGT-070,LOC-016,Villa,6,SALE,9490,14575000,14195000,1,2026-02-17,2026-05-01,2026-06-10,REMOVED,542,11
LST-003847,AGT-088,LOC-009,Apartment,2,SALE,1130,1120000,1120000,0,2026-02-17,2026-02-18,2026-02-27,REMOVED,117,5
LST-003848,AGT-011,LOC-012,Apartment,3,SALE,1605,2225000,2225000,0,2026-02-17,2026-03-08,2026-07-28,EXPIRED,874,26
LST-003849,AGT-064,LOC-007,Apartment,0,SALE,485,1035000,1035000,0,2026-02-17,2026-02-20,2026-03-21,REMOVED,200,6
LST-003850,AGT-118,LOC-007,Apartment,2,RENT,1225,190000,190000,0,2026-02-17,2026-02-18,2026-02-24,EXPIRED,71,2
LST-003851,AGT-035,LOC-008,Penthouse,5,RENT,7870,1012000,1012000,0,2026-02-17,2026-02-23,2026-03-02,REMOVED,132,5
LST-003852,AGT-070,LOC-006,Villa,5,SALE,5305,24925000,24925000,0,2026-02-17,2026-03-18,2026-04-20,EXPIRED,372,8
LST-003853,AGT-077,LOC-014,Apartment,2,RENT,1065,161000,161000,0,2026-02-17,2026-03-12,2026-03-12,REMOVED,249,6
LST-003854,AGT-074,LOC-001,Apartment,2,RENT,1105,139000,133000,1,2026-02-17,2026-03-23,2026-08-13,EXPIRED,1977,38
LST-003855,AGT-023,LOC-025,Apartment,2,RENT,1320,145000,145000,0,2026-02-17,2026-04-10,2026-04-10,REMOVED,243,3
LST-003856,AGT-051,LOC-003,Penthouse,2,SALE,1880,8080000,8080000,0,2026-02-17,2026-04-08,2026-04-20,REMOVED,343,7
LST-003857,AGT-096,LOC-003,Apartment,4,RENT,2860,413000,413000,0,2026-02-17,2026-03-04,2026-03-19,REMOVED,237,6
LST-003858,AGT-028,LOC-021,Apartment,1,SALE,935,1175000,1135000,1,2026-02-17,2026-02-25,,ACTIVE,583,10
LST-003859,AGT-102,LOC-009,Townhouse,3,SALE,2645,2805000,2805000,0,2026-02-18,2026-07-02,,ACTIVE,1664,38
LST-003860,AGT-042,LOC-017,Apartment,1,SALE,925,1215000,1050000,2,2026-02-18,2026-07-30,,ACTIVE,530,10
LST-003861,AGT-074,LOC-002,Apartment,0,RENT,505,67000,67000,0,2026-02-18,2026-03-01,2026-03-23,EXPIRED,436,13
LST-003862,AGT-023,LOC-024,Apartment,2,SALE,1200,1610000,1610000,0,2026-02-18,2026-05-09,2026-07-25,EXPIRED,1068,21
LST-003863,AGT-017,LOC-009,Apartment,3,SALE,1545,1860000,1645000,2,2026-02-18,2026-03-13,2026-06-22,EXPIRED,292,4
LST-003864,AGT-005,LOC-001,Apartment,1,RENT,690,64000,64000,0,2026-02-18,2026-02-24,2026-03-11,REMOVED,368,11
LST-003865,AGT-067,LOC-031,Apartment,0,SALE,470,540000,540000,0,2026-02-18,2026-03-17,2026-05-06,REMOVED,250,4
LST-003866,AGT-035,LOC-013,Villa,3,SALE,2730,5920000,5920000,0,2026-02-18,2026-03-01,2026-03-20,EXPIRED,363,6
LST-003867,AGT-028,LOC-026,Apartment,2,RENT,1390,147000,147000,0,2026-02-18,2026-02-18,2026-03-03,REMOVED,117,3
LST-003868,AGT-059,LOC-011,Apartment,1,RENT,635,61000,61000,0,2026-02-19,2026-02-20,2026-03-23,REMOVED,312,10
LST-003869,AGT-074,LOC-001,Apartment,3,SALE,1580,2955000,2955000,0,2026-02-19,2026-03-12,2026-03-15,REMOVED,302,7
LST-003870,AGT-050,LOC-002,Apartment,2,RENT,1185,123000,123000,0,2026-02-19,2026-02-25,2026-02-26,EXPIRED,249,8
LST-003871,AGT-025,LOC-002,Apartment,2,RENT,1200,162000,162000,0,2026-02-19,2026-03-27,2026-05-03,EXPIRED,910,23
LST-003872,AGT-093,LOC-009,Apartment,2,SALE,1050,1305000,1260000,1,2026-02-19,2026-06-17,2026-07-29,REMOVED,659,12
LST-003873,AGT-086,LOC-011,Apartment,3,SALE,1520,2090000,2090000,0,2026-02-19,2026-02-20,2026-05-14,REMOVED,268,8
LST-003874,AGT-050,LOC-020,Apartment,2,SALE,1235,1640000,1640000,0,2026-02-19,2026-07-12,,ACTIVE,1102,31
LST-003875,AGT-051,LOC-017,Villa,4,SALE,4990,5630000,5630000,0,2026-02-19,2026-03-08,2026-03-21,REMOVED,329,8
LST-003876,AGT-113,LOC-009,Apartment,2,RENT,1350,175000,175000,0,2026-02-19,2026-03-02,2026-03-09,REMOVED,101,2
LST-003877,AGT-054,LOC-031,Apartment,2,SALE,1460,1260000,1260000,0,2026-02-19,2026-03-19,2026-03-27,REMOVED,174,4
LST-003878,AGT-061,LOC-014,Apartment,2,SALE,1380,3430000,2860000,3,2026-02-19,2026-03-28,2026-07-12,EXPIRED,569,11
LST-003879,AGT-047,LOC-023,Apartment,2,SALE,1040,1560000,1560000,0,2026-02-19,2026-05-07,2026-06-05,EXPIRED,449,8
LST-003880,AGT-054,LOC-018,Apartment,1,SALE,915,1050000,975000,1,2026-02-19,2026-02-25,2026-04-07,REMOVED,160,3
LST-003881,AGT-005,LOC-028,Villa,5,SALE,6685,6380000,6380000,0,2026-02-20,2026-04-17,2026-05-02,REMOVED,374,7
LST-003882,AGT-117,LOC-013,Townhouse,4,RENT,3305,544000,544000,0,2026-02-20,2026-02-24,2026-03-31,REMOVED,136,1
LST-003883,AGT-066,LOC-019,Apartment,2,SALE,1475,1140000,1140000,0,2026-02-20,2026-02-26,2026-02-27,REMOVED,102,3
LST-003884,AGT-045,LOC-014,Apartment,2,SALE,1110,2175000,2175000,0,2026-02-20,2026-02-21,2026-03-19,REMOVED,289,10
LST-003885,AGT-017,LOC-033,Apartment,0,SALE,335,450000,450000,0,2026-02-20,2026-03-27,2026-04-03,REMOVED,342,9
LST-003886,AGT-041,LOC-003,Apartment,1,SALE,885,2725000,2725000,0,2026-02-20,2026-03-06,2026-04-25,REMOVED,959,21
LST-003887,AGT-038,LOC-011,Apartment,2,SALE,1320,2140000,1835000,2,2026-02-20,2026-04-15,,ACTIVE,772,17
LST-003888,AGT-064,LOC-006,Villa,6,RENT,7985,1794000,1794000,0,2026-02-20,2026-03-28,2026-04-01,REMOVED,590,14
LST-003889,AGT-115,LOC-031,Apartment,1,SALE,770,860000,710000,3,2026-02-20,2026-07-12,,ACTIVE,443,9
LST-003890,AGT-001,LOC-009,Apartment,1,SALE,910,1260000,1260000,0,2026-02-20,2026-05-23,,ACTIVE,789,13
LST-003891,AGT-070,LOC-031,Apartment,3,SALE,1510,1510000,1510000,0,2026-02-20,2026-02-27,2026-03-28,REMOVED,142,2
LST-003892,AGT-069,LOC-007,Apartment,3,SALE,1805,4365000,3795000,2,2026-02-20,2026-05-21,,ACTIVE,911,11
LST-003893,AGT-061,LOC-005,Penthouse,4,SALE,5285,25590000,25590000,0,2026-02-20,2026-03-19,2026-04-05,REMOVED,336,8
LST-003894,AGT-075,LOC-033,Apartment,0,RENT,480,43000,41000,1,2026-02-20,2026-02-25,2026-04-01,EXPIRED,158,4
LST-003895,AGT-030,LOC-029,Villa,4,SALE,4835,2985000,2985000,0,2026-02-20,2026-07-27,,ACTIVE,617,14
LST-003896,AGT-053,LOC-021,Apartment,2,SALE,1490,1465000,1465000,0,2026-02-21,2026-03-18,2026-04-30,EXPIRED,408,8
LST-003897,AGT-019,LOC-023,Apartment,3,RENT,1880,171000,171000,0,2026-02-21,2026-03-07,2026-05-06,REMOVED,556,8
LST-003898,AGT-049,LOC-010,Apartment,2,RENT,995,84000,84000,0,2026-02-21,2026-03-15,2026-06-12,REMOVED,1557,34
LST-003899,AGT-055,LOC-001,Penthouse,4,RENT,5420,675000,675000,0,2026-02-21,2026-03-19,2026-03-29,REMOVED,586,21
LST-003900,AGT-003,LOC-007,Apartment,0,RENT,370,51000,51000,0,2026-02-21,2026-04-03,2026-04-19,REMOVED,868,29
LST-003901,AGT-013,LOC-021,Apartment,2,SALE,1035,1195000,1195000,0,2026-02-21,2026-04-29,2026-06-26,REMOVED,426,5
LST-003902,AGT-070,LOC-006,Villa,3,SALE,2845,13020000,13020000,0,2026-02-21,2026-03-27,2026-04-12,REMOVED,693,23
LST-003903,AGT-094,LOC-029,Apartment,1,RENT,915,44000,42000,1,2026-02-21,2026-02-26,2026-06-10,EXPIRED,767,18
LST-003904,AGT-042,LOC-009,Apartment,1,RENT,630,58000,58000,0,2026-02-21,2026-02-26,2026-03-02,REMOVED,130,5
LST-003905,AGT-096,LOC-001,Apartment,1,SALE,630,1370000,1370000,0,2026-02-21,2026-03-17,2026-04-04,REMOVED,326,5
LST-003906,AGT-070,LOC-012,Apartment,2,SALE,1210,1620000,1620000,0,2026-02-21,2026-06-08,2026-06-29,EXPIRED,875,26
LST-003907,AGT-086,LOC-001,Apartment,1,SALE,695,1735000,1735000,0,2026-02-21,2026-05-01,,ACTIVE,610,8
LST-003908,AGT-038,LOC-005,Apartment,2,RENT,1285,255000,255000,0,2026-02-22,2026-03-24,2026-03-25,EXPIRED,502,10
LST-003909,AGT-114,LOC-033,Apartment,1,SALE,920,1280000,1280000,0,2026-02-22,2026-02-24,2026-05-27,EXPIRED,436,9
LST-003910,AGT-115,LOC-011,Apartment,2,SALE,1350,2070000,1995000,1,2026-02-22,2026-02-28,2026-03-23,EXPIRED,138,3
LST-003911,AGT-073,LOC-025,Villa,6,SALE,7340,8650000,8650000,0,2026-02-22,2026-04-27,,ACTIVE,1592,43
LST-003912,AGT-096,LOC-022,Villa,7,SALE,11000,12190000,12190000,0,2026-02-22,2026-02-25,2026-03-04,REMOVED,111,3
LST-003913,AGT-040,LOC-018,Apartment,1,RENT,870,74000,70000,1,2026-02-23,2026-03-16,2026-03-20,REMOVED,101,1
LST-003914,AGT-061,LOC-002,Apartment,1,SALE,665,1370000,1370000,0,2026-02-23,2026-04-01,2026-04-17,EXPIRED,951,28
LST-003915,AGT-055,LOC-022,Townhouse,4,RENT,3060,250000,250000,0,2026-02-23,2026-03-11,2026-03-25,REMOVED,298,5
LST-003916,AGT-068,LOC-001,Apartment,0,SALE,405,945000,910000,1,2026-02-23,2026-06-10,2026-06-29,REMOVED,1163,21
LST-003917,AGT-110,LOC-005,Apartment,1,SALE,610,2140000,2140000,0,2026-02-23,2026-03-06,2026-03-23,REMOVED,283,9
LST-003918,AGT-020,LOC-014,Apartment,0,RENT,485,75000,75000,0,2026-02-23,2026-03-17,2026-03-23,EXPIRED,299,6
LST-003919,AGT-006,LOC-012,Apartment,1,RENT,630,65000,65000,0,2026-02-23,2026-03-03,2026-03-08,REMOVED,146,3
LST-003920,AGT-113,LOC-011,Apartment,1,RENT,845,89000,89000,0,2026-02-23,2026-06-01,2026-07-03,REMOVED,1262,27
LST-003921,AGT-102,LOC-026,Apartment,2,RENT,1460,150000,150000,0,2026-02-23,2026-03-12,2026-03-25,EXPIRED,314,8
LST-003922,AGT-052,LOC-003,Apartment,3,RENT,1905,294000,294000,0,2026-02-23,2026-03-09,2026-03-09,REMOVED,241,4
LST-003923,AGT-061,LOC-013,Villa,5,RENT,6335,899000,899000,0,2026-02-23,2026-03-07,2026-04-20,EXPIRED,272,4
LST-003924,AGT-111,LOC-025,Villa,5,RENT,5575,409000,409000,0,2026-02-24,2026-02-28,2026-03-18,EXPIRED,245,7
LST-003925,AGT-097,LOC-002,Apartment,3,SALE,1520,3560000,3560000,0,2026-02-24,2026-04-30,2026-05-10,EXPIRED,497,9
LST-003926,AGT-012,LOC-005,Apartment,1,SALE,660,2280000,2280000,0,2026-02-24,2026-04-11,2026-04-17,REMOVED,455,10
LST-003927,AGT-074,LOC-018,Apartment,2,SALE,1190,1115000,1115000,0,2026-02-24,2026-04-23,2026-06-06,REMOVED,706,21
LST-003928,AGT-035,LOC-001,Apartment,1,SALE,940,2310000,2310000,0,2026-02-24,2026-02-24,2026-03-09,REMOVED,90,1
LST-003929,AGT-004,LOC-029,Apartment,2,SALE,1390,980000,960000,1,2026-02-24,2026-04-08,2026-08-02,REMOVED,394,6
LST-003930,AGT-003,LOC-009,Apartment,2,SALE,1485,1885000,1770000,1,2026-02-24,2026-04-20,2026-07-17,REMOVED,423,7
LST-003931,AGT-045,LOC-019,Apartment,3,SALE,1750,1545000,1545000,0,2026-02-24,2026-03-31,2026-04-07,EXPIRED,316,8
LST-003932,AGT-021,LOC-004,Apartment,0,SALE,395,1230000,1230000,0,2026-02-24,2026-02-27,2026-03-16,REMOVED,141,4
LST-003933,AGT-073,LOC-012,Apartment,1,RENT,940,106000,106000,0,2026-02-25,2026-04-06,2026-04-22,REMOVED,607,13
LST-003934,AGT-071,LOC-007,Apartment,2,RENT,1040,163000,159000,1,2026-02-25,2026-04-18,2026-04-28,EXPIRED,479,8
LST-003935,AGT-026,LOC-026,Apartment,1,SALE,620,1085000,1085000,0,2026-02-25,2026-03-14,2026-05-05,EXPIRED,487,8
LST-003936,AGT-067,LOC-010,Townhouse,3,SALE,2185,2835000,2835000,0,2026-02-25,2026-03-15,,ACTIVE,739,9
LST-003937,AGT-056,LOC-018,Apartment,1,SALE,815,760000,760000,0,2026-02-25,2026-03-30,2026-03-30,EXPIRED,278,7
LST-003938,AGT-116,LOC-017,Villa,4,SALE,4185,5655000,5655000,0,2026-02-25,2026-05-30,2026-07-06,EXPIRED,293,3
LST-003939,AGT-021,LOC-012,Apartment,2,RENT,1415,135000,135000,0,2026-02-25,2026-03-04,2026-03-07,REMOVED,130,4
LST-003940,AGT-115,LOC-004,Apartment,2,RENT,1165,190000,175000,1,2026-02-26,2026-02-27,2026-03-28,EXPIRED,261,4
LST-003941,AGT-101,LOC-008,Apartment,1,RENT,940,96000,96000,0,2026-02-26,2026-03-03,2026-03-05,REMOVED,122,4
LST-003942,AGT-059,LOC-009,Townhouse,2,RENT,1750,144000,144000,0,2026-02-26,2026-03-02,2026-04-21,REMOVED,300,5
LST-003943,AGT-094,LOC-004,Apartment,3,SALE,1675,4345000,4345000,0,2026-02-26,2026-03-01,2026-03-11,EXPIRED,146,4
LST-003944,AGT-052,LOC-022,Villa,5,SALE,5120,7185000,6865000,1,2026-02-26,2026-03-29,2026-05-05,REMOVED,333,8
LST-003945,AGT-114,LOC-008,Apartment,2,SALE,1235,2580000,2200000,3,2026-02-26,2026-04-08,2026-06-20,REMOVED,556,9
LST-003946,AGT-015,LOC-017,Villa,6,RENT,8380,575000,575000,0,2026-02-26,2026-03-02,2026-03-04,REMOVED,59,2
LST-003947,AGT-011,LOC-020,Apartment,3,SALE,1590,2135000,2135000,0,2026-02-26,2026-03-03,2026-04-21,REMOVED,333,7
LST-003948,AGT-062,LOC-004,Apartment,4,RENT,3030,382000,382000,0,2026-02-26,2026-03-06,2026-03-15,REMOVED,200,6
LST-003949,AGT-006,LOC-031,Apartment,1,SALE,635,685000,685000,0,2026-02-26,2026-05-27,,ACTIVE,742,15
LST-003950,AGT-041,LOC-019,Apartment,1,SALE,665,695000,695000,0,2026-02-26,2026-04-13,2026-05-18,EXPIRED,167,4
LST-003951,AGT-082,LOC-016,Villa,6,SALE,8985,13525000,13525000,0,2026-02-26,2026-03-30,2026-04-01,EXPIRED,245,6
LST-003952,AGT-066,LOC-010,Townhouse,3,SALE,2020,2390000,2390000,0,2026-02-26,2026-04-24,2026-06-26,REMOVED,418,6
LST-003953,AGT-019,LOC-032,Apartment,0,RENT,380,33000,32000,1,2026-02-26,2026-03-28,2026-04-04,REMOVED,208,4
LST-003954,AGT-069,LOC-027,Apartment,1,SALE,840,2550000,2550000,0,2026-02-27,2026-03-12,2026-04-20,REMOVED,324,9
LST-003955,AGT-096,LOC-009,Apartment,2,RENT,1265,125000,125000,0,2026-02-27,2026-03-03,2026-03-14,REMOVED,174,5
LST-003956,AGT-004,LOC-007,Apartment,1,RENT,910,133000,133000,0,2026-02-27,2026-03-23,2026-04-05,REMOVED,288,5
LST-003957,AGT-048,LOC-028,Townhouse,2,RENT,1565,106000,106000,0,2026-02-27,2026-02-27,2026-03-03,REMOVED,43,1
LST-003958,AGT-075,LOC-028,Townhouse,4,SALE,2725,2590000,2590000,0,2026-02-27,2026-03-16,2026-05-12,EXPIRED,398,8
LST-003959,AGT-104,LOC-019,Apartment,2,SALE,1295,1240000,1240000,0,2026-02-27,2026-03-18,2026-05-10,REMOVED,284,6
LST-003960,AGT-105,LOC-009,Apartment,3,RENT,2070,176000,176000,0,2026-02-27,2026-08-01,2026-08-19,REMOVED,1034,25
LST-003961,AGT-051,LOC-002,Apartment,1,SALE,685,1450000,1450000,0,2026-02-27,2026-04-05,2026-05-19,REMOVED,714,18
LST-003962,AGT-097,LOC-007,Apartment,1,RENT,950,136000,136000,0,2026-02-27,2026-03-01,2026-03-02,EXPIRED,31,1
LST-003963,AGT-116,LOC-002,Apartment,1,SALE,940,2335000,2335000,0,2026-02-27,2026-04-12,,ACTIVE,1271,38
LST-003964,AGT-012,LOC-028,Townhouse,2,SALE,1770,1895000,1895000,0,2026-02-27,2026-03-13,2026-04-21,REMOVED,195,4
LST-003965,AGT-068,LOC-028,Townhouse,2,SALE,1830,2380000,2270000,1,2026-02-27,2026-03-14,2026-04-06,REMOVED,91,1
LST-003966,AGT-118,LOC-025,Townhouse,5,RENT,3570,313000,293000,1,2026-02-28,2026-03-01,2026-04-11,REMOVED,323,6
LST-003967,AGT-024,LOC-005,Penthouse,2,SALE,2730,13775000,13775000,0,2026-02-28,2026-03-06,2026-03-26,EXPIRED,245,5
LST-003968,AGT-026,LOC-019,Apartment,1,RENT,730,57000,57000,0,2026-02-28,2026-03-06,2026-03-19,EXPIRED,84,2
LST-003969,AGT-062,LOC-023,Apartment,2,SALE,1255,1815000,1815000,0,2026-02-28,2026-03-29,2026-04-10,REMOVED,161,3
LST-003970,AGT-069,LOC-011,Apartment,2,SALE,1380,2075000,2075000,0,2026-02-28,2026-03-30,2026-04-02,REMOVED,301,6
LST-003971,AGT-060,LOC-020,Apartment,3,RENT,1680,173000,173000,0,2026-02-28,2026-03-02,2026-03-09,REMOVED,95,2
LST-003972,AGT-018,LOC-011,Apartment,2,SALE,1075,1620000,1620000,0,2026-02-28,2026-04-06,2026-04-09,EXPIRED,215,4
LST-003973,AGT-012,LOC-010,Apartment,1,SALE,795,1045000,1045000,0,2026-02-28,2026-08-01,,ACTIVE,847,16
LST-003974,AGT-103,LOC-002,Apartment,3,RENT,1765,208000,208000,0,2026-03-01,2026-03-07,2026-03-25,REMOVED,453,12
LST-003975,AGT-038,LOC-017,Villa,6,SALE,8835,9970000,9970000,0,2026-03-01,2026-03-29,2026-04-23,REMOVED,335,7
LST-003976,AGT-059,LOC-025,Villa,4,SALE,4025,6425000,6000000,1,2026-03-01,2026-07-23,,ACTIVE,967,16
LST-003977,AGT-067,LOC-020,Townhouse,3,SALE,2680,3130000,3130000,0,2026-03-01,2026-03-01,2026-03-28,REMOVED,185,4
LST-003978,AGT-003,LOC-011,Apartment,1,RENT,665,76000,76000,0,2026-03-01,2026-03-10,2026-03-24,REMOVED,235,4
LST-003979,AGT-051,LOC-032,Apartment,2,SALE,1140,985000,985000,0,2026-03-01,2026-04-13,2026-05-04,REMOVED,490,14
LST-003980,AGT-035,LOC-019,Apartment,2,SALE,1245,1340000,1220000,2,2026-03-02,2026-03-16,2026-04-20,REMOVED,123,2
LST-003981,AGT-088,LOC-026,Apartment,4,SALE,2475,3740000,3740000,0,2026-03-02,2026-04-04,2026-04-29,REMOVED,278,4
LST-003982,AGT-101,LOC-003,Apartment,2,SALE,1050,3535000,3535000,0,2026-03-02,2026-03-21,2026-06-11,REMOVED,349,5
LST-003983,AGT-030,LOC-028,Townhouse,3,RENT,2420,174000,174000,0,2026-03-02,2026-03-07,2026-03-19,REMOVED,111,3
LST-003984,AGT-077,LOC-027,Apartment,1,SALE,880,2500000,2500000,0,2026-03-02,2026-04-02,2026-05-16,REMOVED,680,23
LST-003985,AGT-046,LOC-013,Townhouse,3,SALE,2565,5195000,5195000,0,2026-03-02,2026-03-02,2026-03-20,EXPIRED,136,3
LST-003986,AGT-070,LOC-005,Apartment,1,SALE,615,2075000,2075000,0,2026-03-02,2026-03-14,2026-03-26,EXPIRED,146,5
LST-003987,AGT-069,LOC-010,Apartment,4,SALE,2780,2935000,2935000,0,2026-03-02,2026-03-16,2026-04-28,EXPIRED,242,5
LST-003988,AGT-073,LOC-026,Apartment,1,RENT,930,159000,154000,1,2026-03-02,2026-05-11,2026-08-09,EXPIRED,426,4
LST-003989,AGT-017,LOC-023,Apartment,3,RENT,1710,171000,164000,1,2026-03-02,2026-03-04,2026-04-07,EXPIRED,238,4
LST-003990,AGT-018,LOC-018,Apartment,2,SALE,1355,1545000,1545000,0,2026-03-02,2026-04-11,2026-06-08,REMOVED,448,7
LST-003991,AGT-051,LOC-004,Apartment,2,SALE,1425,3825000,3825000,0,2026-03-03,2026-03-21,2026-04-18,REMOVED,430,12
LST-003992,AGT-012,LOC-007,Apartment,0,RENT,375,71000,61000,2,2026-03-03,2026-03-28,2026-04-16,EXPIRED,431,6
LST-003993,AGT-069,LOC-012,Apartment,1,RENT,765,117000,108000,1,2026-03-03,2026-05-19,2026-06-23,REMOVED,326,3
LST-003994,AGT-005,LOC-018,Apartment,2,SALE,1115,1245000,1245000,0,2026-03-03,2026-06-06,,ACTIVE,685,14
LST-003995,AGT-113,LOC-027,Apartment,0,SALE,500,1570000,1570000,0,2026-03-03,2026-03-12,2026-04-14,REMOVED,486,15
LST-003996,AGT-093,LOC-028,Villa,5,RENT,5930,459000,459000,0,2026-03-03,2026-03-14,2026-03-22,REMOVED,89,2
LST-003997,AGT-078,LOC-014,Apartment,2,SALE,1435,3205000,3205000,0,2026-03-03,2026-05-24,,ACTIVE,931,17
LST-003998,AGT-075,LOC-001,Apartment,3,RENT,1945,207000,207000,0,2026-03-03,2026-04-05,2026-04-19,REMOVED,421,10
LST-003999,AGT-096,LOC-031,Apartment,1,RENT,800,66000,66000,0,2026-03-03,2026-03-06,2026-03-19,REMOVED,83,2
LST-004000,AGT-047,LOC-020,Apartment,1,SALE,835,1265000,1265000,0,2026-03-03,2026-03-18,2026-04-28,EXPIRED,250,5
LST-004001,AGT-054,LOC-003,Apartment,0,RENT,495,87000,83000,1,2026-03-03,2026-04-14,2026-04-18,REMOVED,496,11
LST-004002,AGT-038,LOC-012,Apartment,2,SALE,1275,1835000,1835000,0,2026-03-03,2026-03-24,,ACTIVE,858,22
LST-004003,AGT-013,LOC-001,Apartment,0,SALE,350,885000,885000,0,2026-03-03,2026-08-01,,ACTIVE,1093,18
LST-004004,AGT-003,LOC-021,Apartment,2,SALE,1185,1540000,1540000,0,2026-03-03,2026-03-28,2026-07-26,REMOVED,345,4
LST-004005,AGT-111,LOC-005,Apartment,2,SALE,1295,4920000,4920000,0,2026-03-03,2026-07-02,2026-07-07,REMOVED,1706,33
LST-004006,AGT-104,LOC-010,Apartment,1,RENT,690,59000,59000,0,2026-03-03,2026-04-02,2026-04-20,REMOVED,703,14
LST-004007,AGT-070,LOC-017,Townhouse,3,RENT,2365,203000,197000,1,2026-03-03,2026-03-11,2026-05-08,REMOVED,279,4
LST-004008,AGT-054,LOC-013,Townhouse,2,SALE,1720,3165000,3165000,0,2026-03-04,2026-05-18,2026-05-18,REMOVED,902,27
LST-004009,AGT-117,LOC-023,Apartment,3,RENT,1980,181000,181000,0,2026-03-04,2026-03-11,2026-03-17,EXPIRED,114,3
LST-004010,AGT-073,LOC-017,Apartment,2,SALE,1095,1165000,1165000,0,2026-03-04,2026-05-03,2026-05-22,REMOVED,488,11
LST-004011,AGT-025,LOC-002,Apartment,1,RENT,810,121000,121000,0,2026-03-04,2026-03-24,2026-03-31,REMOVED,187,3
LST-004012,AGT-055,LOC-016,Villa,7,SALE,12125,19030000,18065000,1,2026-03-04,2026-04-20,2026-08-07,REMOVED,430,7
LST-004013,AGT-041,LOC-023,Apartment,2,SALE,985,1560000,1560000,0,2026-03-04,2026-04-13,2026-05-17,REMOVED,354,7
LST-004014,AGT-102,LOC-032,Apartment,1,SALE,845,870000,870000,0,2026-03-04,2026-04-19,2026-06-05,REMOVED,465,6
LST-004015,AGT-051,LOC-009,Apartment,2,SALE,1445,1750000,1750000,0,2026-03-04,2026-04-14,2026-05-04,REMOVED,330,7
LST-004016,AGT-048,LOC-025,Townhouse,3,RENT,2420,230000,210000,2,2026-03-04,2026-05-31,2026-05-31,REMOVED,507,8
LST-004017,AGT-017,LOC-020,Apartment,2,RENT,1455,121000,121000,0,2026-03-04,2026-03-06,2026-03-13,EXPIRED,122,5
LST-004018,AGT-003,LOC-021,Apartment,2,SALE,1225,1330000,1330000,0,2026-03-04,2026-03-19,2026-06-05,REMOVED,408,6
LST-004019,AGT-025,LOC-007,Apartment,1,SALE,620,1290000,1290000,0,2026-03-04,2026-04-30,2026-08-20,REMOVED,640,11
LST-004020,AGT-073,LOC-022,Apartment,2,RENT,1435,134000,134000,0,2026-03-04,2026-03-17,2026-03-17,EXPIRED,105,3
LST-004021,AGT-075,LOC-027,Villa,4,SALE,4305,11715000,11715000,0,2026-03-04,2026-03-06,2026-03-22,EXPIRED,373,12
LST-004022,AGT-038,LOC-020,Apartment,1,SALE,660,1095000,965000,2,2026-03-04,2026-04-30,,ACTIVE,541,6
LST-004023,AGT-035,LOC-022,Apartment,4,SALE,2260,2705000,2705000,0,2026-03-05,2026-04-02,2026-04-29,REMOVED,490,13
LST-004024,AGT-074,LOC-001,Apartment,2,SALE,1060,2455000,2220000,2,2026-03-05,2026-03-18,2026-04-21,REMOVED,485,7
LST-004025,AGT-098,LOC-009,Townhouse,4,SALE,3020,3130000,3130000,0,2026-03-05,2026-04-07,2026-05-15,REMOVED,417,11
LST-004026,AGT-051,LOC-021,Apartment,3,RENT,1720,127000,127000,0,2026-03-05,2026-03-16,2026-03-23,EXPIRED,136,4
LST-004027,AGT-004,LOC-009,Townhouse,2,SALE,1675,1910000,1910000,0,2026-03-05,2026-03-08,2026-03-21,REMOVED,104,2
LST-004028,AGT-072,LOC-029,Villa,4,RENT,4915,229000,218000,1,2026-03-05,2026-04-14,2026-04-15,REMOVED,163,2
LST-004029,AGT-035,LOC-032,Apartment,1,SALE,640,650000,650000,0,2026-03-05,2026-04-11,2026-05-17,REMOVED,182,4
LST-004030,AGT-064,LOC-021,Apartment,2,SALE,1055,1130000,1130000,0,2026-03-05,2026-03-05,2026-04-07,REMOVED,159,4
LST-004031,AGT-114,LOC-003,Penthouse,3,RENT,3865,1075000,1075000,0,2026-03-05,2026-05-22,2026-07-05,REMOVED,798,11
LST-004032,AGT-032,LOC-005,Apartment,2,RENT,985,158000,158000,0,2026-03-05,2026-03-14,2026-03-14,REMOVED,213,8
LST-004033,AGT-064,LOC-014,Apartment,0,RENT,475,86000,80000,1,2026-03-06,2026-04-29,2026-05-02,EXPIRED,421,6
LST-004034,AGT-070,LOC-003,Apartment,2,RENT,1145,196000,196000,0,2026-03-06,2026-03-27,2026-04-02,REMOVED,238,6
LST-004035,AGT-064,LOC-015,Villa,5,SALE,5860,9305000,8650000,1,2026-03-06,2026-05-05,2026-06-04,REMOVED,315,5
LST-004036,AGT-025,LOC-009,Apartment,3,RENT,2035,211000,197000,1,2026-03-06,2026-03-22,2026-04-26,REMOVED,320,7
LST-004037,AGT-092,LOC-009,Townhouse,3,SALE,2655,2610000,2610000,0,2026-03-06,2026-07-26,,ACTIVE,1660,73
LST-004038,AGT-016,LOC-020,Apartment,1,SALE,760,1035000,1035000,0,2026-03-06,2026-04-14,2026-04-15,EXPIRED,233,7
LST-004039,AGT-101,LOC-013,Townhouse,4,SALE,3390,7135000,7135000,0,2026-03-06,2026-03-22,2026-07-15,REMOVED,721,11
LST-004040,AGT-053,LOC-001,Apartment,1,RENT,925,128000,116000,2,2026-03-06,2026-03-25,2026-04-17,REMOVED,335,4
LST-004041,AGT-079,LOC-017,Apartment,0,RENT,395,44000,44000,0,2026-03-06,2026-03-06,2026-03-08,EXPIRED,32,1
LST-004042,AGT-096,LOC-011,Apartment,1,SALE,860,1180000,1180000,0,2026-03-06,2026-03-13,2026-04-24,REMOVED,348,10
LST-004043,AGT-096,LOC-029,Villa,3,SALE,3200,2070000,2070000,0,2026-03-06,2026-03-15,2026-05-07,EXPIRED,290,7
LST-004044,AGT-063,LOC-011,Apartment,2,SALE,1440,2555000,2290000,2,2026-03-06,2026-06-25,2026-07-05,EXPIRED,507,9
LST-004045,AGT-075,LOC-012,Apartment,1,SALE,900,1235000,1235000,0,2026-03-06,2026-06-05,2026-06-14,REMOVED,1203,37
LST-004046,AGT-070,LOC-021,Apartment,4,SALE,2975,2910000,2910000,0,2026-03-06,2026-04-15,2026-05-10,REMOVED,264,7
LST-004047,AGT-104,LOC-031,Apartment,2,RENT,1030,64000,64000,0,2026-03-07,2026-03-07,2026-03-28,REMOVED,97,3
LST-004048,AGT-061,LOC-013,Villa,3,SALE,3250,7980000,7520000,1,2026-03-07,2026-03-31,2026-04-10,REMOVED,167,3
LST-004049,AGT-050,LOC-032,Apartment,1,SALE,705,630000,630000,0,2026-03-07,2026-05-19,2026-08-25,REMOVED,1383,41
LST-004050,AGT-004,LOC-004,Apartment,0,SALE,445,1550000,1495000,1,2026-03-07,2026-04-17,2026-04-17,REMOVED,312,6
LST-004051,AGT-076,LOC-029,Apartment,2,RENT,1125,64000,64000,0,2026-03-07,2026-04-06,2026-05-07,EXPIRED,121,2
LST-004052,AGT-038,LOC-023,Apartment,3,SALE,2140,3090000,3025000,1,2026-03-07,2026-03-11,2026-04-18,REMOVED,239,3
LST-004053,AGT-113,LOC-018,Apartment,1,RENT,820,62000,62000,0,2026-03-07,2026-03-16,2026-03-18,REMOVED,106,3
LST-004054,AGT-063,LOC-004,Apartment,4,RENT,2445,327000,327000,0,2026-03-07,2026-03-10,2026-03-26,EXPIRED,530,13
LST-004055,AGT-017,LOC-007,Apartment,1,SALE,770,1300000,1300000,0,2026-03-08,2026-03-15,2026-03-19,REMOVED,150,5
LST-004056,AGT-096,LOC-018,Apartment,0,SALE,440,500000,500000,0,2026-03-08,2026-06-16,,ACTIVE,1044,26
LST-004057,AGT-035,LOC-022,Townhouse,3,RENT,2350,170000,170000,0,2026-03-08,2026-04-30,2026-05-15,EXPIRED,646,15
LST-004058,AGT-069,LOC-022,Villa,5,RENT,5885,429000,429000,0,2026-03-08,2026-03-31,2026-05-21,REMOVED,528,16
LST-004059,AGT-104,LOC-020,Apartment,3,RENT,1510,151000,147000,1,2026-03-08,2026-03-25,2026-04-04,REMOVED,184,3
LST-004060,AGT-045,LOC-019,Apartment,1,RENT,745,72000,70000,1,2026-03-08,2026-06-30,,ACTIVE,665,13
LST-004061,AGT-096,LOC-010,Townhouse,4,RENT,3415,282000,271000,1,2026-03-08,2026-04-13,2026-07-04,REMOVED,1394,33
LST-004062,AGT-028,LOC-016,Villa,4,SALE,4055,6385000,6385000,0,2026-03-08,2026-03-25,2026-05-03,REMOVED,204,5
LST-004063,AGT-020,LOC-006,Villa,5,SALE,5240,25345000,25345000,0,2026-03-08,2026-03-16,2026-05-17,REMOVED,596,14
LST-004064,AGT-087,LOC-027,Villa,5,SALE,5590,19055000,19055000,0,2026-03-08,2026-04-28,2026-05-06,EXPIRED,235,3
LST-004065,AGT-005,LOC-024,Apartment,0,SALE,390,585000,585000,0,2026-03-08,2026-03-23,2026-04-21,REMOVED,262,7
LST-004066,AGT-107,LOC-004,Apartment,3,SALE,1725,4615000,4350000,1,2026-03-09,2026-08-14,,ACTIVE,822,17
LST-004067,AGT-041,LOC-014,Apartment,1,SALE,930,1960000,1960000,0,2026-03-09,2026-04-11,2026-04-27,REMOVED,393,13
LST-004068,AGT-005,LOC-006,Villa,6,SALE,9460,40725000,40725000,0,2026-03-09,2026-05-16,2026-05-28,REMOVED,611,15
LST-004069,AGT-059,LOC-027,Apartment,1,SALE,880,2330000,2330000,0,2026-03-09,2026-04-20,2026-05-08,REMOVED,1027,32
LST-004070,AGT-050,LOC-018,Apartment,0,RENT,390,33000,33000,0,2026-03-09,2026-03-14,2026-04-02,REMOVED,223,4
LST-004071,AGT-092,LOC-031,Apartment,3,RENT,1930,165000,165000,0,2026-03-09,2026-03-15,2026-03-27,EXPIRED,85,1
LST-004072,AGT-090,LOC-001,Apartment,1,RENT,720,78000,78000,0,2026-03-09,2026-03-30,2026-07-05,EXPIRED,1349,35
LST-004073,AGT-104,LOC-002,Apartment,0,RENT,330,40000,40000,0,2026-03-09,2026-05-15,2026-05-16,EXPIRED,1473,42
LST-004074,AGT-041,LOC-031,Apartment,3,SALE,1730,1480000,1480000,0,2026-03-09,2026-04-28,2026-04-28,REMOVED,155,3
LST-004075,AGT-021,LOC-031,Apartment,0,RENT,450,45000,45000,0,2026-03-09,2026-03-26,2026-04-10,REMOVED,158,3
LST-004076,AGT-103,LOC-002,Penthouse,4,SALE,4625,14235000,13340000,1,2026-03-09,2026-04-16,2026-08-21,REMOVED,1790,47
LST-004077,AGT-019,LOC-019,Apartment,0,RENT,430,37000,37000,0,2026-03-09,2026-04-11,2026-04-27,REMOVED,388,6
LST-004078,AGT-109,LOC-003,Apartment,2,SALE,1360,3560000,3560000,0,2026-03-09,2026-03-18,2026-03-22,REMOVED,221,6
LST-004079,AGT-028,LOC-002,Apartment,3,RENT,1890,209000,209000,0,2026-03-09,2026-03-10,2026-03-13,REMOVED,86,2
LST-004080,AGT-054,LOC-009,Apartment,4,RENT,2795,213000,213000,0,2026-03-09,2026-03-20,2026-04-06,REMOVED,338,7
LST-004081,AGT-011,LOC-003,Apartment,1,SALE,680,2080000,1930000,1,2026-03-09,2026-04-08,2026-04-08,EXPIRED,238,6
LST-004082,AGT-015,LOC-016,Villa,7,RENT,11880,850000,850000,0,2026-03-09,2026-04-03,2026-04-03,REMOVED,210,5
LST-004083,AGT-086,LOC-009,Townhouse,4,RENT,3075,210000,210000,0,2026-03-09,2026-03-11,2026-03-19,REMOVED,93,3
LST-004084,AGT-014,LOC-004,Apartment,2,SALE,1090,3030000,3030000,0,2026-03-10,2026-04-24,2026-05-04,REMOVED,358,6
LST-004085,AGT-033,LOC-033,Apartment,1,SALE,705,975000,975000,0,2026-03-10,2026-04-29,2026-05-06,REMOVED,211,4
LST-004086,AGT-109,LOC-031,Apartment,1,RENT,855,64000,64000,0,2026-03-10,2026-04-03,2026-05-03,REMOVED,245,5
LST-004087,AGT-061,LOC-001,Apartment,0,SALE,445,1050000,1050000,0,2026-03-10,2026-08-06,,ACTIVE,1026,20
LST-004088,AGT-087,LOC-009,Apartment,0,RENT,360,45000,40000,2,2026-03-10,2026-07-09,2026-08-22,EXPIRED,499,9
LST-004089,AGT-004,LOC-017,Apartment,2,RENT,1125,96000,96000,0,2026-03-10,2026-04-28,2026-05-25,REMOVED,617,12
LST-004090,AGT-049,LOC-002,Apartment,2,RENT,1090,140000,140000,0,2026-03-10,2026-03-17,2026-03-19,EXPIRED,163,3
LST-004091,AGT-070,LOC-031,Apartment,1,RENT,875,64000,64000,0,2026-03-10,2026-04-18,2026-04-29,REMOVED,306,7
LST-004092,AGT-066,LOC-007,Apartment,1,SALE,905,1995000,1935000,1,2026-03-10,2026-04-05,2026-04-20,REMOVED,230,5
LST-004093,AGT-054,LOC-025,Villa,3,SALE,3240,4675000,4675000,0,2026-03-10,2026-04-03,2026-04-08,REMOVED,193,4
LST-004094,AGT-088,LOC-014,Apartment,2,RENT,1460,238000,230000,1,2026-03-10,2026-03-20,2026-04-17,REMOVED,125,3
LST-004095,AGT-033,LOC-004,Apartment,3,SALE,2045,5580000,4895000,2,2026-03-10,2026-05-15,,ACTIVE,1163,24
LST-004096,AGT-062,LOC-019,Apartment,1,SALE,945,1010000,970000,1,2026-03-10,2026-03-16,2026-05-09,REMOVED,304,6
LST-004097,AGT-116,LOC-011,Apartment,2,RENT,1005,103000,99000,1,2026-03-10,2026-04-19,2026-06-12,REMOVED,628,18
LST-004098,AGT-044,LOC-025,Townhouse,2,RENT,1665,131000,131000,0,2026-03-10,2026-03-11,2026-03-16,REMOVED,52,1
LST-004099,AGT-070,LOC-031,Apartment,3,SALE,1925,1930000,1845000,1,2026-03-11,2026-06-13,2026-06-16,EXPIRED,280,5
LST-004100,AGT-075,LOC-012,Apartment,3,RENT,2090,227000,227000,0,2026-03-11,2026-03-19,2026-03-30,REMOVED,145,2
LST-004101,AGT-005,LOC-033,Apartment,0,RENT,480,45000,45000,0,2026-03-11,2026-03-31,2026-05-22,REMOVED,580,8
LST-004102,AGT-102,LOC-002,Apartment,2,SALE,1235,2535000,2535000,0,2026-03-11,2026-03-15,2026-04-03,REMOVED,463,15
LST-004103,AGT-068,LOC-005,Apartment,0,SALE,505,2010000,2010000,0,2026-03-11,2026-07-09,,ACTIVE,1258,28
LST-004104,AGT-047,LOC-025,Townhouse,3,RENT,1900,154000,154000,0,2026-03-11,2026-03-27,2026-04-11,REMOVED,349,10
LST-004105,AGT-024,LOC-024,Apartment,2,RENT,1205,101000,101000,0,2026-03-11,2026-03-14,2026-03-20,REMOVED,101,3
LST-004106,AGT-093,LOC-015,Villa,3,RENT,3160,325000,325000,0,2026-03-11,2026-03-18,2026-04-09,REMOVED,288,8
LST-004107,AGT-011,LOC-005,Apartment,2,SALE,1425,4540000,4540000,0,2026-03-11,2026-03-16,2026-04-22,REMOVED,626,14
LST-004108,AGT-053,LOC-025,Townhouse,3,RENT,2700,226000,226000,0,2026-03-12,2026-03-19,2026-03-21,REMOVED,113,3
LST-004109,AGT-017,LOC-005,Apartment,1,SALE,865,3150000,3150000,0,2026-03-12,2026-03-24,2026-03-28,EXPIRED,244,5
LST-004110,AGT-102,LOC-016,Villa,3,RENT,2740,217000,217000,0,2026-03-12,2026-04-02,2026-04-13,EXPIRED,328,6
LST-004111,AGT-040,LOC-019,Apartment,2,SALE,1360,1270000,1270000,0,2026-03-12,2026-05-23,2026-06-21,EXPIRED,661,20
LST-004112,AGT-011,LOC-013,Townhouse,4,SALE,3365,6475000,6475000,0,2026-03-12,2026-08-09,,ACTIVE,821,21
LST-004113,AGT-054,LOC-015,Villa,4,RENT,4480,430000,430000,0,2026-03-12,2026-03-15,2026-03-28,REMOVED,153,4
LST-004114,AGT-109,LOC-026,Apartment,0,SALE,335,630000,630000,0,2026-03-12,2026-03-18,2026-04-23,REMOVED,243,6
LST-004115,AGT-020,LOC-027,Apartment,3,RENT,1655,260000,252000,1,2026-03-12,2026-03-29,2026-04-17,REMOVED,393,12
LST-004116,AGT-045,LOC-010,Apartment,1,SALE,840,915000,915000,0,2026-03-12,2026-04-07,2026-04-09,REMOVED,249,7
LST-004117,AGT-073,LOC-014,Apartment,1,SALE,630,1610000,1610000,0,2026-03-13,2026-04-14,2026-06-23,REMOVED,468,6
LST-004118,AGT-005,LOC-003,Apartment,2,RENT,1320,196000,196000,0,2026-03-13,2026-04-24,2026-08-27,REMOVED,2545,81
LST-004119,AGT-067,LOC-009,Townhouse,3,RENT,2005,153000,153000,0,2026-03-13,2026-03-20,2026-03-28,REMOVED,104,3
LST-004120,AGT-073,LOC-010,Apartment,2,SALE,985,1050000,1050000,0,2026-03-13,2026-04-20,2026-05-18,REMOVED,345,8
LST-004121,AGT-112,LOC-018,Apartment,4,RENT,2645,152000,152000,0,2026-03-13,2026-03-18,2026-04-04,REMOVED,377,12
LST-004122,AGT-090,LOC-010,Townhouse,4,SALE,3340,4095000,4095000,0,2026-03-13,2026-08-27,,ACTIVE,514,8
LST-004123,AGT-103,LOC-002,Apartment,1,SALE,890,2115000,2115000,0,2026-03-13,2026-03-18,2026-03-30,REMOVED,178,4
LST-004124,AGT-075,LOC-033,Apartment,2,SALE,1220,1605000,1605000,0,2026-03-13,2026-05-17,2026-07-11,REMOVED,402,8
LST-004125,AGT-119,LOC-022,Apartment,1,RENT,920,93000,93000,0,2026-03-14,2026-05-15,2026-06-17,REMOVED,466,10
LST-004126,AGT-030,LOC-025,Villa,4,RENT,3805,387000,387000,0,2026-03-14,2026-04-20,2026-08-12,REMOVED,492,10
LST-004127,AGT-070,LOC-005,Apartment,1,RENT,690,126000,126000,0,2026-03-14,2026-03-17,2026-03-24,REMOVED,308,8
LST-004128,AGT-025,LOC-008,Apartment,1,SALE,930,1745000,1745000,0,2026-03-14,2026-04-06,2026-04-09,EXPIRED,116,3
LST-004129,AGT-067,LOC-010,Apartment,2,SALE,1205,1270000,1270000,0,2026-03-14,2026-04-10,2026-04-19,REMOVED,179,4
LST-004130,AGT-097,LOC-002,Apartment,1,RENT,720,104000,104000,0,2026-03-14,2026-04-03,2026-04-08,REMOVED,452,9
LST-004131,AGT-069,LOC-001,Apartment,1,RENT,900,108000,108000,0,2026-03-14,2026-03-18,2026-03-27,REMOVED,166,5
LST-004132,AGT-055,LOC-009,Townhouse,3,RENT,2270,202000,202000,0,2026-03-14,2026-03-26,2026-04-28,REMOVED,267,4
LST-004133,AGT-078,LOC-022,Townhouse,4,RENT,3130,215000,215000,0,2026-03-15,2026-04-04,2026-05-08,EXPIRED,506,13
LST-004134,AGT-054,LOC-022,Apartment,2,SALE,1345,1660000,1660000,0,2026-03-15,2026-03-20,2026-05-11,REMOVED,334,9
LST-004135,AGT-026,LOC-024,Apartment,1,RENT,810,72000,72000,0,2026-03-15,2026-03-21,2026-03-21,REMOVED,115,4
LST-004136,AGT-055,LOC-028,Townhouse,4,SALE,2985,2300000,2300000,0,2026-03-15,2026-03-21,2026-03-22,REMOVED,102,4
LST-004137,AGT-064,LOC-004,Apartment,1,RENT,685,141000,125000,3,2026-03-15,2026-05-14,2026-06-01,EXPIRED,468,7
LST-004138,AGT-030,LOC-026,Apartment,1,SALE,760,1170000,1170000,0,2026-03-15,2026-03-15,2026-03-26,REMOVED,117,3
LST-004139,AGT-079,LOC-029,Villa,5,SALE,6705,4150000,4025000,1,2026-03-15,2026-03-16,2026-04-29,REMOVED,184,4
LST-004140,AGT-034,LOC-030,Villa,5,RENT,6085,271000,271000,0,2026-03-16,2026-03-28,2026-05-01,REMOVED,247,5
LST-004141,AGT-057,LOC-022,Villa,4,RENT,4705,445000,401000,2,2026-03-16,2026-07-08,2026-08-26,EXPIRED,681,11
LST-004142,AGT-057,LOC-028,Villa,3,RENT,3035,254000,254000,0,2026-03-16,2026-05-24,2026-06-17,REMOVED,542,10
LST-004143,AGT-004,LOC-008,Apartment,2,SALE,1460,2885000,2820000,1,2026-03-16,2026-05-09,,ACTIVE,804,15
LST-004144,AGT-054,LOC-022,Apartment,1,RENT,705,68000,68000,0,2026-03-16,2026-03-23,2026-04-27,REMOVED,256,6
LST-004145,AGT-019,LOC-024,Apartment,0,RENT,470,43000,43000,0,2026-03-16,2026-03-24,2026-03-30,REMOVED,302,10
LST-004146,AGT-102,LOC-030,Villa,4,SALE,4445,2550000,2550000,0,2026-03-16,2026-04-30,2026-04-30,REMOVED,209,6
LST-004147,AGT-075,LOC-011,Apartment,2,SALE,1470,2350000,2240000,1,2026-03-16,2026-07-09,2026-07-12,EXPIRED,606,12
LST-004148,AGT-112,LOC-020,Apartment,0,RENT,355,37000,37000,0,2026-03-17,2026-03-27,2026-03-30,EXPIRED,161,4
LST-004149,AGT-114,LOC-021,Apartment,1,SALE,665,730000,730000,0,2026-03-17,2026-03-31,2026-04-02,REMOVED,104,2
LST-004150,AGT-071,LOC-027,Villa,4,RENT,4390,653000,653000,0,2026-03-17,2026-03-21,2026-04-20,REMOVED,345,6
LST-004151,AGT-011,LOC-006,Villa,4,RENT,4300,1145000,1145000,0,2026-03-17,2026-06-08,2026-06-28,REMOVED,729,16
LST-004152,AGT-066,LOC-009,Apartment,1,RENT,660,76000,76000,0,2026-03-17,2026-04-02,2026-04-02,REMOVED,93,1
LST-004153,AGT-070,LOC-003,Apartment,0,RENT,335,58000,58000,0,2026-03-17,2026-04-05,2026-05-10,REMOVED,670,16
LST-004154,AGT-088,LOC-027,Villa,5,SALE,5175,16690000,14675000,2,2026-03-17,2026-04-16,,ACTIVE,897,15
LST-004155,AGT-102,LOC-016,Villa,5,RENT,5900,534000,501000,1,2026-03-17,2026-04-06,2026-06-02,REMOVED,408,7
LST-004156,AGT-014,LOC-009,Apartment,3,RENT,2055,182000,182000,0,2026-03-17,2026-03-28,2026-04-01,REMOVED,116,3
LST-004157,AGT-054,LOC-021,Apartment,2,SALE,1440,1520000,1520000,0,2026-03-17,2026-03-24,2026-04-19,REMOVED,144,3
LST-004158,AGT-055,LOC-013,Townhouse,4,SALE,2970,7905000,7350000,1,2026-03-17,2026-04-08,,ACTIVE,267,4
LST-004159,AGT-070,LOC-012,Apartment,2,SALE,1265,1920000,1860000,1,2026-03-17,2026-03-26,2026-04-27,REMOVED,249,4
LST-004160,AGT-052,LOC-027,Villa,5,RENT,5420,895000,895000,0,2026-03-17,2026-04-18,2026-07-22,REMOVED,1417,19
LST-004161,AGT-075,LOC-033,Apartment,1,RENT,915,63000,63000,0,2026-03-17,2026-03-18,2026-03-26,REMOVED,107,2
LST-004162,AGT-070,LOC-006,Villa,4,SALE,4010,20995000,20995000,0,2026-03-18,2026-04-23,2026-05-13,EXPIRED,531,8
LST-004163,AGT-059,LOC-016,Villa,3,SALE,3435,5375000,5375000,0,2026-03-18,2026-03-30,2026-08-27,REMOVED,1419,28
LST-004164,AGT-053,LOC-017,Apartment,1,RENT,765,72000,72000,0,2026-03-18,2026-03-28,2026-05-09,REMOVED,393,7
LST-004165,AGT-104,LOC-009,Apartment,0,SALE,505,670000,670000,0,2026-03-18,2026-04-08,2026-04-11,REMOVED,98,2
LST-004166,AGT-115,LOC-010,Apartment,2,SALE,1210,1280000,1280000,0,2026-03-18,2026-03-25,2026-04-30,REMOVED,237,7
LST-004167,AGT-020,LOC-028,Villa,4,RENT,4015,329000,329000,0,2026-03-18,2026-03-20,2026-03-27,REMOVED,47,1
LST-004168,AGT-113,LOC-009,Apartment,2,SALE,1020,1110000,1110000,0,2026-03-18,2026-03-30,2026-04-03,REMOVED,162,5
LST-004169,AGT-116,LOC-017,Townhouse,4,RENT,3210,274000,274000,0,2026-03-18,2026-03-30,2026-04-12,EXPIRED,172,3
LST-004170,AGT-045,LOC-027,Villa,4,RENT,4875,824000,824000,0,2026-03-18,2026-04-01,2026-04-08,REMOVED,91,2
LST-004171,AGT-115,LOC-020,Apartment,2,RENT,1010,110000,110000,0,2026-03-18,2026-04-05,2026-04-28,REMOVED,258,6
LST-004172,AGT-020,LOC-033,Apartment,2,SALE,1405,1895000,1895000,0,2026-03-18,2026-05-06,2026-05-07,REMOVED,193,3
LST-004173,AGT-084,LOC-010,Apartment,1,RENT,835,80000,80000,0,2026-03-18,2026-03-22,2026-05-18,REMOVED,444,9
LST-004174,AGT-025,LOC-031,Apartment,3,SALE,1735,1590000,1495000,1,2026-03-19,2026-08-13,,ACTIVE,858,14
LST-004175,AGT-101,LOC-007,Apartment,1,RENT,860,128000,128000,0,2026-03-19,2026-03-27,2026-04-05,EXPIRED,267,6
LST-004176,AGT-024,LOC-009,Apartment,2,RENT,1025,95000,95000,0,2026-03-19,2026-03-19,2026-04-02,REMOVED,51,1
LST-004177,AGT-080,LOC-005,Apartment,1,SALE,740,2815000,2415000,3,2026-03-19,2026-04-16,2026-07-15,REMOVED,551,10
LST-004178,AGT-007,LOC-008,Penthouse,5,RENT,6945,1026000,1026000,0,2026-03-19,2026-03-20,2026-03-22,EXPIRED,63,1
LST-004179,AGT-038,LOC-007,Apartment,3,SALE,1595,3210000,3015000,1,2026-03-19,2026-04-03,2026-04-20,REMOVED,249,5
LST-004180,AGT-107,LOC-010,Apartment,2,RENT,1370,159000,148000,2,2026-03-19,2026-03-23,2026-05-17,REMOVED,233,2
LST-004181,AGT-105,LOC-015,Villa,6,SALE,7370,10110000,10110000,0,2026-03-19,2026-04-08,2026-05-10,REMOVED,403,12
LST-004182,AGT-076,LOC-018,Apartment,2,SALE,1130,1250000,1205000,1,2026-03-20,2026-05-22,2026-06-08,REMOVED,320,5
LST-004183,AGT-046,LOC-014,Apartment,2,SALE,1240,3045000,3045000,0,2026-03-20,2026-07-17,2026-07-19,REMOVED,629,10
LST-004184,AGT-012,LOC-005,Apartment,1,SALE,900,3675000,3415000,1,2026-03-20,2026-07-22,,ACTIVE,606,9
LST-004185,AGT-101,LOC-007,Penthouse,4,SALE,4845,15450000,14515000,1,2026-03-20,2026-04-08,2026-07-09,REMOVED,373,6
LST-004186,AGT-096,LOC-029,Apartment,2,RENT,1075,49000,49000,0,2026-03-20,2026-03-29,2026-03-29,REMOVED,91,3
LST-004187,AGT-062,LOC-004,Apartment,2,RENT,1005,202000,202000,0,2026-03-20,2026-06-24,,ACTIVE,681,9
LST-004188,AGT-001,LOC-024,Apartment,1,SALE,885,1410000,1260000,3,2026-03-20,2026-06-20,,ACTIVE,758,14
LST-004189,AGT-061,LOC-023,Apartment,1,RENT,790,87000,87000,0,2026-03-20,2026-03-22,2026-03-25,REMOVED,42,1
LST-004190,AGT-075,LOC-008,Apartment,1,RENT,925,119000,119000,0,2026-03-20,2026-03-24,2026-03-26,REMOVED,62,1
LST-004191,AGT-088,LOC-003,Apartment,2,SALE,1080,3190000,3025000,1,2026-03-20,2026-04-04,2026-05-12,REMOVED,688,12
LST-004192,AGT-074,LOC-005,Penthouse,3,RENT,3195,810000,810000,0,2026-03-21,2026-04-14,2026-04-17,EXPIRED,382,10
LST-004193,AGT-115,LOC-020,Townhouse,3,RENT,2210,205000,205000,0,2026-03-21,2026-04-23,2026-05-07,REMOVED,218,5
LST-004194,AGT-101,LOC-001,Apartment,2,RENT,1130,119000,119000,0,2026-03-21,2026-03-31,2026-04-09,EXPIRED,169,4
LST-004195,AGT-096,LOC-022,Villa,6,RENT,7810,662000,662000,0,2026-03-21,2026-03-28,2026-04-05,REMOVED,97,2
LST-004196,AGT-017,LOC-007,Apartment,1,SALE,635,1435000,1435000,0,2026-03-22,2026-06-03,,ACTIVE,1151,22
LST-004197,AGT-120,LOC-001,Penthouse,3,RENT,3290,516000,516000,0,2026-03-22,2026-03-30,2026-04-02,EXPIRED,112,3
LST-004198,AGT-038,LOC-024,Apartment,2,SALE,980,1475000,1475000,0,2026-03-22,2026-06-20,2026-08-28,EXPIRED,763,14
LST-004199,AGT-071,LOC-022,Apartment,3,SALE,2015,2630000,2460000,1,2026-03-22,2026-03-29,2026-06-14,EXPIRED,552,11
LST-004200,AGT-018,LOC-020,Apartment,0,RENT,460,69000,69000,0,2026-03-23,2026-05-13,2026-06-25,EXPIRED,495,6
LST-004201,AGT-050,LOC-024,Apartment,2,RENT,1135,102000,99000,1,2026-03-23,2026-05-24,2026-05-27,REMOVED,421,11
LST-004202,AGT-102,LOC-023,Apartment,1,SALE,735,1090000,1090000,0,2026-03-23,2026-04-17,2026-05-01,REMOVED,229,6
LST-004203,AGT-087,LOC-031,Apartment,2,SALE,1365,1405000,1310000,1,2026-03-23,2026-08-03,,ACTIVE,352,8
LST-004204,AGT-115,LOC-006,Villa,3,RENT,2980,845000,845000,0,2026-03-23,2026-07-22,,ACTIVE,1127,22
LST-004205,AGT-088,LOC-029,Villa,3,RENT,3110,140000,140000,0,2026-03-23,2026-03-27,2026-03-28,REMOVED,51,1
LST-004206,AGT-005,LOC-013,Villa,3,RENT,3435,491000,491000,0,2026-03-23,2026-04-01,2026-05-11,EXPIRED,374,6
LST-004207,AGT-076,LOC-016,Villa,5,RENT,6950,523000,447000,3,2026-03-23,2026-04-29,2026-05-28,REMOVED,313,4
LST-004208,AGT-055,LOC-006,Villa,5,RENT,5775,1335000,1335000,0,2026-03-23,2026-04-07,2026-04-08,REMOVED,194,4
LST-004209,AGT-044,LOC-001,Apartment,1,SALE,875,2150000,2150000,0,2026-03-23,2026-04-18,2026-04-23,EXPIRED,360,8
LST-004210,AGT-029,LOC-007,Apartment,0,SALE,390,1020000,1020000,0,2026-03-23,2026-04-04,2026-04-19,REMOVED,117,2
LST-004211,AGT-046,LOC-024,Apartment,4,SALE,2820,3440000,3440000,0,2026-03-23,2026-05-14,,ACTIVE,775,18
LST-004212,AGT-050,LOC-020,Townhouse,3,RENT,2610,221000,221000,0,2026-03-23,2026-03-25,2026-04-23,REMOVED,364,9
LST-004213,AGT-023,LOC-031,Apartment,1,RENT,940,69000,69000,0,2026-03-24,2026-03-28,2026-04-03,EXPIRED,153,4
LST-004214,AGT-068,LOC-005,Apartment,1,RENT,735,164000,164000,0,2026-03-24,2026-03-24,2026-04-05,REMOVED,267,7
LST-004215,AGT-107,LOC-023,Apartment,2,SALE,965,1585000,1495000,1,2026-03-24,2026-05-29,2026-06-01,REMOVED,211,3
LST-004216,AGT-061,LOC-003,Apartment,3,RENT,1515,225000,225000,0,2026-03-24,2026-03-31,2026-04-02,REMOVED,168,4
LST-004217,AGT-035,LOC-019,Apartment,1,SALE,775,735000,735000,0,2026-03-24,2026-07-30,,ACTIVE,448,9
LST-004218,AGT-059,LOC-024,Apartment,1,RENT,930,88000,88000,0,2026-03-24,2026-04-04,2026-06-02,REMOVED,485,12
LST-004219,AGT-009,LOC-020,Apartment,1,SALE,625,830000,830000,0,2026-03-24,2026-06-02,2026-08-03,REMOVED,518,10
LST-004220,AGT-061,LOC-011,Apartment,2,SALE,955,1520000,1485000,1,2026-03-24,2026-05-02,2026-06-16,REMOVED,274,5
LST-004221,AGT-018,LOC-009,Apartment,1,RENT,865,80000,80000,0,2026-03-24,2026-04-15,2026-04-18,REMOVED,193,4
LST-004222,AGT-028,LOC-016,Villa,3,RENT,2885,268000,268000,0,2026-03-24,2026-03-28,2026-08-16,EXPIRED,520,9
LST-004223,AGT-001,LOC-001,Penthouse,3,RENT,3685,648000,627000,1,2026-03-24,2026-04-22,2026-04-26,REMOVED,331,6
LST-004224,AGT-017,LOC-024,Apartment,1,RENT,845,87000,87000,0,2026-03-24,2026-03-27,2026-04-03,REMOVED,133,2
LST-004225,AGT-068,LOC-027,Apartment,1,RENT,685,130000,130000,0,2026-03-25,2026-04-17,2026-05-08,REMOVED,499,14
LST-004226,AGT-059,LOC-024,Apartment,0,SALE,430,605000,605000,0,2026-03-25,2026-04-14,2026-05-05,REMOVED,742,16
LST-004227,AGT-066,LOC-032,Apartment,1,SALE,730,670000,670000,0,2026-03-25,2026-04-12,2026-06-07,REMOVED,302,9
LST-004228,AGT-074,LOC-009,Apartment,2,RENT,1235,112000,112000,0,2026-03-25,2026-04-01,2026-04-07,REMOVED,100,3
LST-004229,AGT-075,LOC-032,Apartment,1,RENT,615,57000,55000,1,2026-03-25,2026-04-04,2026-04-18,REMOVED,82,1
LST-004230,AGT-062,LOC-003,Apartment,2,RENT,960,179000,179000,0,2026-03-25,2026-03-27,2026-05-04,REMOVED,181,2
LST-004231,AGT-105,LOC-014,Apartment,1,RENT,620,94000,94000,0,2026-03-25,2026-04-22,2026-04-23,REMOVED,257,6
LST-004232,AGT-028,LOC-002,Apartment,1,SALE,905,2225000,2225000,0,2026-03-25,2026-04-05,2026-06-06,REMOVED,927,17
LST-004233,AGT-096,LOC-029,Villa,4,SALE,3605,2555000,2425000,1,2026-03-25,2026-04-15,2026-05-03,REMOVED,167,3
LST-004234,AGT-044,LOC-007,Apartment,2,SALE,1170,2125000,2045000,1,2026-03-26,2026-04-19,2026-07-09,REMOVED,863,25
LST-004235,AGT-118,LOC-016,Villa,4,SALE,3745,5080000,5080000,0,2026-03-26,2026-04-27,2026-06-08,REMOVED,711,21
LST-004236,AGT-057,LOC-028,Villa,5,SALE,5950,6255000,6255000,0,2026-03-26,2026-03-28,2026-03-30,REMOVED,19,0
LST-004237,AGT-098,LOC-025,Townhouse,3,SALE,2475,3765000,3565000,1,2026-03-26,2026-08-05,,ACTIVE,930,14
LST-004238,AGT-013,LOC-001,Penthouse,2,RENT,1805,382000,367000,1,2026-03-26,2026-07-03,2026-08-06,REMOVED,440,5
LST-004239,AGT-100,LOC-024,Apartment,2,RENT,1085,84000,84000,0,2026-03-26,2026-04-17,2026-04-18,EXPIRED,256,6
LST-004240,AGT-071,LOC-001,Apartment,2,RENT,1360,165000,154000,1,2026-03-26,2026-04-23,2026-04-23,REMOVED,272,6
LST-004241,AGT-013,LOC-027,Apartment,1,SALE,855,2230000,2230000,0,2026-03-26,2026-04-09,2026-05-02,REMOVED,542,18
LST-004242,AGT-047,LOC-020,Apartment,1,SALE,905,1405000,1340000,1,2026-03-26,2026-04-21,2026-06-23,EXPIRED,247,4
LST-004243,AGT-092,LOC-009,Townhouse,2,SALE,1465,1900000,1840000,1,2026-03-26,2026-03-27,2026-04-27,REMOVED,154,3
LST-004244,AGT-059,LOC-022,Apartment,1,SALE,645,835000,835000,0,2026-03-26,2026-04-01,2026-05-04,REMOVED,291,7
LST-004245,AGT-077,LOC-009,Apartment,2,RENT,1300,111000,111000,0,2026-03-26,2026-03-31,2026-04-06,EXPIRED,141,5
LST-004246,AGT-063,LOC-014,Apartment,2,SALE,1160,3015000,3015000,0,2026-03-26,2026-04-04,2026-04-07,EXPIRED,71,1
LST-004247,AGT-070,LOC-031,Apartment,4,RENT,2510,164000,164000,0,2026-03-26,2026-03-26,2026-04-16,REMOVED,204,7
LST-004248,AGT-067,LOC-010,Townhouse,4,RENT,2825,206000,206000,0,2026-03-26,2026-04-24,2026-05-07,EXPIRED,195,3
LST-004249,AGT-031,LOC-025,Townhouse,3,RENT,2350,149000,149000,0,2026-03-26,2026-04-13,2026-04-17,REMOVED,271,10
LST-004250,AGT-083,LOC-001,Apartment,1,SALE,825,1830000,1830000,0,2026-03-26,2026-07-31,,ACTIVE,1129,28
LST-004251,AGT-118,LOC-006,Villa,3,RENT,3295,839000,839000,0,2026-03-26,2026-04-16,2026-04-18,EXPIRED,200,4
LST-004252,AGT-107,LOC-002,Apartment,3,RENT,1605,200000,185000,1,2026-03-26,2026-04-10,2026-04-24,REMOVED,326,5
LST-004253,AGT-037,LOC-018,Apartment,1,RENT,780,58000,58000,0,2026-03-27,2026-03-31,2026-04-02,EXPIRED,93,3
LST-004254,AGT-033,LOC-017,Villa,5,SALE,6945,7040000,7040000,0,2026-03-27,2026-04-20,2026-07-15,REMOVED,784,23
LST-004255,AGT-067,LOC-010,Apartment,1,SALE,790,885000,885000,0,2026-03-27,2026-04-20,2026-05-29,REMOVED,632,13
LST-004256,AGT-080,LOC-011,Apartment,0,RENT,375,48000,48000,0,2026-03-27,2026-04-14,2026-04-20,EXPIRED,129,3
LST-004257,AGT-076,LOC-014,Apartment,3,RENT,1780,226000,226000,0,2026-03-27,2026-04-11,2026-04-22,REMOVED,230,4
LST-004258,AGT-066,LOC-007,Apartment,1,RENT,660,106000,106000,0,2026-03-27,2026-03-27,2026-04-07,REMOVED,80,1
LST-004259,AGT-070,LOC-006,Villa,4,SALE,3545,21230000,20610000,1,2026-03-27,2026-04-24,,ACTIVE,473,7
LST-004260,AGT-105,LOC-005,Penthouse,3,SALE,3725,15565000,15565000,0,2026-03-27,2026-06-14,2026-08-01,REMOVED,1421,33
LST-004261,AGT-003,LOC-012,Apartment,1,SALE,930,1490000,1285000,2,2026-03-27,2026-05-29,,ACTIVE,758,15
LST-004262,AGT-029,LOC-033,Apartment,3,RENT,1955,153000,153000,0,2026-03-27,2026-03-28,2026-04-11,REMOVED,179,4
LST-004263,AGT-077,LOC-019,Apartment,2,SALE,1030,1010000,940000,1,2026-03-27,2026-04-08,2026-05-05,REMOVED,244,6
LST-004264,AGT-017,LOC-001,Apartment,1,SALE,790,1680000,1680000,0,2026-03-27,2026-05-05,2026-05-07,REMOVED,630,19
LST-004265,AGT-045,LOC-010,Apartment,0,RENT,380,40000,38000,2,2026-03-28,2026-04-16,2026-06-14,EXPIRED,234,3
LST-004266,AGT-017,LOC-022,Villa,3,SALE,2910,3630000,3630000,0,2026-03-28,2026-04-16,2026-04-20,EXPIRED,258,9
LST-004267,AGT-068,LOC-001,Apartment,1,SALE,720,1730000,1450000,3,2026-03-28,2026-06-27,2026-07-19,REMOVED,912,16
LST-004268,AGT-064,LOC-007,Apartment,2,SALE,1030,2655000,2655000,0,2026-03-28,2026-06-21,,ACTIVE,392,5
LST-004269,AGT-023,LOC-002,Apartment,2,RENT,1330,179000,179000,0,2026-03-28,2026-04-12,2026-04-13,REMOVED,97,3
LST-004270,AGT-116,LOC-017,Apartment,2,RENT,1480,144000,144000,0,2026-03-28,2026-03-31,2026-04-28,EXPIRED,242,5
LST-004271,AGT-059,LOC-029,Apartment,2,SALE,1355,1010000,1010000,0,2026-03-28,2026-04-15,2026-04-17,EXPIRED,48,1
LST-004272,AGT-092,LOC-007,Apartment,1,RENT,815,104000,104000,0,2026-03-29,2026-04-10,2026-07-07,REMOVED,1487,55
LST-004273,AGT-015,LOC-001,Apartment,2,SALE,1000,2190000,2015000,1,2026-03-29,2026-04-25,2026-06-30,REMOVED,384,6
LST-004274,AGT-070,LOC-016,Villa,4,RENT,4820,450000,450000,0,2026-03-29,2026-04-28,2026-05-19,REMOVED,383,7
LST-004275,AGT-096,LOC-003,Apartment,2,RENT,1280,226000,226000,0,2026-03-29,2026-04-04,2026-04-10,REMOVED,231,6
LST-004276,AGT-038,LOC-017,Villa,5,SALE,6440,8535000,8535000,0,2026-03-29,2026-04-11,2026-04-30,REMOVED,86,1
LST-004277,AGT-096,LOC-031,Apartment,1,RENT,840,83000,77000,1,2026-03-30,2026-05-15,2026-06-26,REMOVED,386,6
LST-004278,AGT-026,LOC-014,Apartment,1,RENT,645,114000,114000,0,2026-03-30,2026-04-07,2026-04-27,EXPIRED,121,2
LST-004279,AGT-062,LOC-003,Apartment,2,RENT,955,151000,151000,0,2026-03-30,2026-03-31,2026-04-08,REMOVED,104,2
LST-004280,AGT-053,LOC-018,Apartment,3,SALE,1910,1850000,1850000,0,2026-03-30,2026-05-25,,ACTIVE,549,9
LST-004281,AGT-005,LOC-022,Villa,5,RENT,5155,447000,433000,1,2026-03-30,2026-05-03,2026-05-05,REMOVED,220,3
LST-004282,AGT-017,LOC-001,Apartment,1,RENT,685,91000,89000,1,2026-03-30,2026-04-11,2026-04-25,REMOVED,245,3
LST-004283,AGT-095,LOC-030,Apartment,2,SALE,1065,670000,670000,0,2026-03-30,2026-05-14,2026-05-25,REMOVED,333,7
LST-004284,AGT-007,LOC-028,Villa,4,RENT,4420,365000,328000,3,2026-03-30,2026-04-28,2026-06-30,EXPIRED,541,12
LST-004285,AGT-067,LOC-015,Villa,5,SALE,5615,8970000,8970000,0,2026-03-30,2026-04-27,2026-06-06,REMOVED,301,6
LST-004286,AGT-069,LOC-025,Townhouse,4,SALE,3400,4665000,4665000,0,2026-03-30,2026-04-05,2026-04-11,REMOVED,68,2
LST-004287,AGT-003,LOC-012,Apartment,3,SALE,1560,2215000,2215000,0,2026-03-30,2026-03-31,2026-04-08,REMOVED,57,1
LST-004288,AGT-096,LOC-021,Apartment,2,RENT,1370,121000,121000,0,2026-03-30,2026-04-19,2026-05-02,REMOVED,194,5
LST-004289,AGT-001,LOC-009,Apartment,1,SALE,790,1120000,1120000,0,2026-03-30,2026-06-03,,ACTIVE,677,13
LST-004290,AGT-046,LOC-014,Apartment,3,SALE,1655,3110000,3110000,0,2026-03-30,2026-04-11,2026-05-13,REMOVED,389,9
LST-004291,AGT-069,LOC-029,Apartment,2,SALE,1135,700000,700000,0,2026-03-30,2026-04-01,2026-06-07,REMOVED,496,15
LST-004292,AGT-077,LOC-026,Apartment,1,SALE,750,1420000,1420000,0,2026-03-31,2026-04-08,2026-04-08,EXPIRED,65,1
LST-004293,AGT-033,LOC-002,Apartment,0,RENT,360,53000,53000,0,2026-03-31,2026-05-18,2026-05-19,EXPIRED,378,8
LST-004294,AGT-060,LOC-005,Apartment,2,RENT,960,178000,178000,0,2026-03-31,2026-04-04,2026-04-08,EXPIRED,142,4
LST-004295,AGT-096,LOC-020,Townhouse,3,SALE,2110,2435000,2435000,0,2026-03-31,2026-04-17,2026-04-18,REMOVED,248,6
LST-004296,AGT-011,LOC-031,Apartment,2,RENT,1415,96000,96000,0,2026-03-31,2026-04-07,2026-04-28,EXPIRED,279,11
LST-004297,AGT-070,LOC-001,Apartment,2,SALE,975,2160000,2160000,0,2026-03-31,2026-04-28,2026-05-18,REMOVED,408,7
LST-004298,AGT-103,LOC-010,Apartment,1,RENT,860,102000,98000,1,2026-03-31,2026-04-08,2026-04-30,REMOVED,106,2
LST-004299,AGT-059,LOC-012,Apartment,2,RENT,1395,179000,165000,1,2026-03-31,2026-04-06,2026-04-27,REMOVED,107,1
LST-004300,AGT-115,LOC-020,Townhouse,3,RENT,2245,194000,194000,0,2026-03-31,2026-04-11,2026-04-15,EXPIRED,91,2
LST-004301,AGT-040,LOC-013,Villa,4,SALE,3575,7350000,7350000,0,2026-03-31,2026-08-08,,ACTIVE,932,25
LST-004302,AGT-066,LOC-023,Apartment,1,SALE,945,1535000,1535000,0,2026-03-31,2026-06-10,2026-06-28,REMOVED,362,8
LST-004303,AGT-069,LOC-014,Apartment,1,RENT,730,89000,89000,0,2026-03-31,2026-04-04,2026-04-05,EXPIRED,103,2
LST-004304,AGT-023,LOC-026,Apartment,2,RENT,1465,180000,165000,2,2026-03-31,2026-04-04,2026-06-04,REMOVED,329,5
LST-004305,AGT-030,LOC-017,Villa,6,SALE,8725,9785000,9785000,0,2026-03-31,2026-04-20,,ACTIVE,642,15
LST-004306,AGT-045,LOC-020,Apartment,3,SALE,2150,2555000,2555000,0,2026-04-01,2026-05-30,2026-07-30,REMOVED,928,17
LST-004307,AGT-014,LOC-009,Apartment,1,RENT,765,76000,76000,0,2026-04-01,2026-04-27,2026-05-04,REMOVED,281,8
LST-004308,AGT-083,LOC-002,Apartment,2,SALE,1430,3740000,3530000,2,2026-04-01,2026-07-15,,ACTIVE,1329,28
LST-004309,AGT-054,LOC-024,Apartment,2,SALE,1150,1880000,1880000,0,2026-04-01,2026-04-19,2026-04-21,EXPIRED,86,1
LST-004310,AGT-061,LOC-021,Apartment,2,SALE,1265,1315000,1285000,1,2026-04-01,2026-06-08,,ACTIVE,743,17
LST-004311,AGT-072,LOC-032,Apartment,1,SALE,760,655000,655000,0,2026-04-01,2026-05-29,2026-08-13,REMOVED,676,19
LST-004312,AGT-026,LOC-033,Apartment,2,RENT,1010,88000,83000,1,2026-04-01,2026-05-11,2026-08-05,REMOVED,856,17
LST-004313,AGT-070,LOC-018,Apartment,3,RENT,1700,116000,116000,0,2026-04-01,2026-04-22,2026-05-02,REMOVED,184,4
LST-004314,AGT-038,LOC-005,Apartment,3,SALE,1575,4375000,4375000,0,2026-04-01,2026-04-15,2026-04-21,EXPIRED,256,7
LST-004315,AGT-020,LOC-028,Villa,5,RENT,6565,480000,480000,0,2026-04-01,2026-04-23,2026-05-04,REMOVED,111,3
LST-004316,AGT-035,LOC-009,Apartment,0,RENT,520,67000,67000,0,2026-04-02,2026-04-06,2026-05-22,REMOVED,218,3
LST-004317,AGT-061,LOC-010,Apartment,2,SALE,1235,1525000,1470000,1,2026-04-02,2026-05-28,2026-06-06,REMOVED,225,5
LST-004318,AGT-107,LOC-029,Apartment,2,SALE,1485,845000,845000,0,2026-04-02,2026-05-19,2026-06-04,REMOVED,630,19
LST-004319,AGT-063,LOC-015,Villa,3,SALE,3035,4465000,4465000,0,2026-04-02,2026-04-09,2026-06-16,REMOVED,511,16
LST-004320,AGT-090,LOC-024,Apartment,0,RENT,510,51000,51000,0,2026-04-02,2026-04-04,2026-04-11,REMOVED,109,2
LST-004321,AGT-107,LOC-002,Apartment,0,SALE,400,1010000,1010000,0,2026-04-02,2026-04-07,2026-04-25,REMOVED,241,7
LST-004322,AGT-070,LOC-016,Townhouse,3,RENT,2355,174000,174000,0,2026-04-02,2026-04-07,2026-04-08,REMOVED,68,2
LST-004323,AGT-087,LOC-028,Villa,7,SALE,12875,13805000,13295000,1,2026-04-02,2026-04-26,2026-04-26,EXPIRED,75,1
LST-004324,AGT-017,LOC-025,Villa,5,SALE,6085,6670000,6670000,0,2026-04-02,2026-04-17,2026-05-06,REMOVED,266,9
LST-004325,AGT-005,LOC-010,Apartment,2,RENT,1120,90000,90000,0,2026-04-02,2026-04-15,2026-05-05,REMOVED,383,10
LST-004326,AGT-064,LOC-028,Villa,5,SALE,6105,7125000,7125000,0,2026-04-03,2026-04-17,,ACTIVE,485,9
LST-004327,AGT-087,LOC-005,Apartment,2,SALE,1335,5145000,5145000,0,2026-04-03,2026-04-08,2026-04-20,REMOVED,185,3
LST-004328,AGT-017,LOC-033,Apartment,2,SALE,1035,1415000,1415000,0,2026-04-03,2026-04-11,2026-04-15,REMOVED,34,1
LST-004329,AGT-051,LOC-004,Apartment,2,SALE,1230,3655000,3655000,0,2026-04-03,2026-05-18,2026-06-28,EXPIRED,850,12
LST-004330,AGT-090,LOC-027,Villa,4,RENT,3675,533000,533000,0,2026-04-03,2026-04-11,2026-04-29,EXPIRED,364,10
LST-004331,AGT-069,LOC-009,Apartment,3,SALE,2185,2325000,2325000,0,2026-04-03,2026-04-27,2026-04-29,REMOVED,92,2
LST-004332,AGT-060,LOC-003,Penthouse,4,RENT,5905,1229000,1229000,0,2026-04-04,2026-04-10,2026-04-22,REMOVED,160,4
LST-004333,AGT-096,LOC-032,Apartment,2,RENT,1215,91000,91000,0,2026-04-04,2026-04-08,2026-04-15,REMOVED,75,2
LST-004334,AGT-001,LOC-030,Villa,4,SALE,4050,2150000,2150000,0,2026-04-04,2026-07-09,2026-07-27,REMOVED,1122,37
LST-004335,AGT-029,LOC-004,Penthouse,4,RENT,4375,824000,775000,1,2026-04-04,2026-04-06,2026-04-28,REMOVED,743,15
LST-004336,AGT-101,LOC-014,Apartment,3,RENT,1595,207000,207000,0,2026-04-04,2026-05-12,2026-07-22,REMOVED,918,27
LST-004337,AGT-015,LOC-024,Apartment,0,SALE,485,740000,740000,0,2026-04-04,2026-05-02,2026-06-14,REMOVED,547,13
LST-004338,AGT-120,LOC-001,Apartment,3,SALE,1690,3700000,3500000,1,2026-04-04,2026-04-26,2026-07-27,REMOVED,751,9
LST-004339,AGT-100,LOC-023,Apartment,2,SALE,960,1355000,1355000,0,2026-04-05,2026-04-27,2026-06-05,REMOVED,197,4
LST-004340,AGT-040,LOC-018,Apartment,1,RENT,610,44000,44000,0,2026-04-05,2026-04-09,2026-04-14,REMOVED,119,3
LST-004341,AGT-013,LOC-002,Apartment,1,SALE,820,2070000,1925000,1,2026-04-05,2026-08-22,,ACTIVE,1051,17
LST-004342,AGT-118,LOC-025,Apartment,2,SALE,1305,1655000,1655000,0,2026-04-05,2026-06-05,2026-06-14,EXPIRED,413,10
LST-004343,AGT-055,LOC-021,Apartment,2,SALE,1470,1745000,1745000,0,2026-04-05,2026-04-15,,ACTIVE,772,13
LST-004344,AGT-071,LOC-018,Apartment,4,SALE,2955,2435000,2435000,0,2026-04-05,2026-06-15,2026-07-20,EXPIRED,1049,23
LST-004345,AGT-027,LOC-004,Apartment,1,SALE,815,2440000,2440000,0,2026-04-05,2026-06-09,,ACTIVE,1272,21
LST-004346,AGT-052,LOC-025,Villa,6,RENT,9325,768000,768000,0,2026-04-05,2026-04-19,2026-04-22,REMOVED,127,3
LST-004347,AGT-101,LOC-003,Apartment,1,RENT,645,110000,110000,0,2026-04-05,2026-05-08,2026-06-02,EXPIRED,777,19
LST-004348,AGT-057,LOC-030,Villa,7,RENT,10215,442000,442000,0,2026-04-05,2026-04-19,2026-04-22,REMOVED,53,1
LST-004349,AGT-062,LOC-003,Apartment,1,RENT,865,150000,150000,0,2026-04-05,2026-05-04,2026-05-18,REMOVED,634,13
LST-004350,AGT-102,LOC-029,Apartment,3,RENT,1575,75000,75000,0,2026-04-05,2026-07-29,2026-07-31,REMOVED,494,9
LST-004351,AGT-025,LOC-002,Apartment,3,RENT,2145,277000,277000,0,2026-04-05,2026-04-17,2026-04-21,EXPIRED,146,2
LST-004352,AGT-053,LOC-010,Apartment,2,SALE,990,1215000,1155000,1,2026-04-06,2026-06-19,,ACTIVE,762,18
LST-004353,AGT-018,LOC-003,Apartment,2,SALE,1380,4030000,4030000,0,2026-04-06,2026-04-25,,ACTIVE,1844,53
LST-004354,AGT-096,LOC-029,Apartment,3,RENT,1855,111000,111000,0,2026-04-06,2026-04-10,2026-06-12,EXPIRED,134,2
LST-004355,AGT-062,LOC-022,Apartment,1,RENT,910,80000,80000,0,2026-04-06,2026-04-17,2026-04-30,REMOVED,326,8
LST-004356,AGT-027,LOC-011,Apartment,2,SALE,1000,1280000,1280000,0,2026-04-06,2026-04-12,2026-05-11,REMOVED,178,7
LST-004357,AGT-069,LOC-025,Apartment,1,SALE,850,1225000,1225000,0,2026-04-06,2026-06-07,,ACTIVE,750,14
LST-004358,AGT-012,LOC-026,Apartment,2,SALE,1145,1980000,1980000,0,2026-04-06,2026-08-22,,ACTIVE,1687,36
LST-004359,AGT-080,LOC-026,Apartment,2,SALE,1495,2275000,2275000,0,2026-04-06,2026-04-08,2026-05-03,REMOVED,322,8
LST-004360,AGT-117,LOC-010,Apartment,3,SALE,1530,1645000,1325000,3,2026-04-06,2026-06-10,2026-07-08,EXPIRED,699,12
LST-004361,AGT-075,LOC-005,Apartment,0,SALE,515,2100000,2100000,0,2026-04-06,2026-04-09,2026-05-07,REMOVED,353,7
LST-004362,AGT-021,LOC-002,Apartment,4,SALE,2380,5425000,5425000,0,2026-04-06,2026-05-04,2026-05-17,REMOVED,382,8
LST-004363,AGT-045,LOC-014,Apartment,1,RENT,910,157000,157000,0,2026-04-06,2026-05-05,2026-05-31,REMOVED,306,4
LST-004364,AGT-005,LOC-017,Villa,6,SALE,7035,8310000,8310000,0,2026-04-07,2026-05-18,2026-07-06,REMOVED,267,5
LST-004365,AGT-019,LOC-014,Apartment,1,RENT,890,150000,150000,0,2026-04-07,2026-04-19,2026-06-04,EXPIRED,351,9
LST-004366,AGT-090,LOC-008,Apartment,2,RENT,1135,167000,143000,3,2026-04-07,2026-06-25,2026-08-17,EXPIRED,587,12
LST-004367,AGT-028,LOC-023,Apartment,2,SALE,1250,1920000,1920000,0,2026-04-07,2026-05-25,2026-07-09,REMOVED,411,6
LST-004368,AGT-027,LOC-005,Apartment,3,SALE,1835,7485000,7280000,1,2026-04-07,2026-04-17,2026-05-10,REMOVED,129,2
LST-004369,AGT-004,LOC-003,Apartment,0,RENT,345,64000,60000,1,2026-04-07,2026-04-20,2026-05-06,REMOVED,479,9
LST-004370,AGT-019,LOC-020,Townhouse,3,SALE,2500,3195000,3195000,0,2026-04-07,2026-04-17,2026-06-30,REMOVED,301,6
LST-004371,AGT-076,LOC-026,Apartment,2,SALE,1335,2385000,2385000,0,2026-04-07,2026-04-11,2026-05-19,REMOVED,288,5
LST-004372,AGT-070,LOC-031,Apartment,0,SALE,410,455000,435000,1,2026-04-07,2026-08-06,,ACTIVE,1251,32
LST-004373,AGT-063,LOC-016,Villa,4,RENT,3905,321000,321000,0,2026-04-07,2026-04-19,2026-05-09,REMOVED,350,6
LST-004374,AGT-022,LOC-028,Townhouse,3,SALE,1970,1790000,1790000,0,2026-04-07,2026-06-09,2026-06-15,REMOVED,373,12
LST-004375,AGT-006,LOC-023,Apartment,1,RENT,740,65000,65000,0,2026-04-07,2026-04-30,2026-05-05,REMOVED,349,12
LST-004376,AGT-059,LOC-001,Apartment,2,SALE,1085,2315000,2230000,1,2026-04-07,2026-05-28,2026-06-20,REMOVED,737,21
LST-004377,AGT-102,LOC-003,Apartment,1,RENT,675,130000,130000,0,2026-04-07,2026-07-01,2026-08-31,REMOVED,1290,18
LST-004378,AGT-029,LOC-015,Townhouse,3,RENT,2160,204000,204000,0,2026-04-07,2026-04-09,2026-04-15,REMOVED,89,3
LST-004379,AGT-101,LOC-014,Apartment,1,SALE,815,1905000,1905000,0,2026-04-07,2026-05-10,2026-06-04,REMOVED,184,3
LST-004380,AGT-067,LOC-031,Apartment,2,RENT,1400,105000,105000,0,2026-04-07,2026-04-25,2026-06-12,REMOVED,418,11
LST-004381,AGT-034,LOC-019,Apartment,3,RENT,1580,118000,109000,1,2026-04-08,2026-04-22,2026-04-29,REMOVED,97,2
LST-004382,AGT-024,LOC-015,Villa,4,SALE,4750,7570000,7570000,0,2026-04-08,2026-04-26,2026-06-26,EXPIRED,511,13
LST-004383,AGT-091,LOC-015,Townhouse,3,SALE,2660,3720000,3720000,0,2026-04-08,2026-04-12,2026-05-15,REMOVED,447,14
LST-004384,AGT-069,LOC-009,Apartment,1,RENT,865,94000,94000,0,2026-04-08,2026-05-08,2026-07-02,REMOVED,504,8
LST-004385,AGT-024,LOC-014,Apartment,1,RENT,640,87000,87000,0,2026-04-08,2026-04-09,2026-04-12,REMOVED,41,1
LST-004386,AGT-068,LOC-016,Townhouse,3,SALE,2375,3570000,3570000,0,2026-04-08,2026-05-11,2026-06-17,EXPIRED,370,11
LST-004387,AGT-004,LOC-003,Apartment,2,SALE,1240,3605000,3605000,0,2026-04-08,2026-05-04,2026-07-11,REMOVED,939,18
LST-004388,AGT-017,LOC-015,Villa,3,SALE,2885,4640000,4380000,1,2026-04-08,2026-04-11,2026-04-30,EXPIRED,122,2
LST-004389,AGT-052,LOC-009,Apartment,1,SALE,695,980000,940000,1,2026-04-08,2026-04-16,2026-06-07,EXPIRED,209,3
LST-004390,AGT-015,LOC-014,Penthouse,4,SALE,5495,15630000,13350000,3,2026-04-08,2026-06-27,2026-06-30,REMOVED,545,12
LST-004391,AGT-100,LOC-004,Apartment,2,RENT,1235,217000,217000,0,2026-04-08,2026-05-27,2026-07-10,EXPIRED,675,16
LST-004392,AGT-029,LOC-008,Apartment,3,SALE,1995,4300000,4160000,1,2026-04-09,2026-06-29,2026-06-30,EXPIRED,267,4
LST-004393,AGT-116,LOC-031,Apartment,2,RENT,1135,75000,75000,0,2026-04-09,2026-04-11,2026-04-14,REMOVED,47,2
LST-004394,AGT-063,LOC-001,Apartment,1,SALE,675,1375000,1375000,0,2026-04-09,2026-04-14,2026-05-24,REMOVED,452,12
LST-004395,AGT-075,LOC-011,Apartment,2,SALE,1050,1665000,1600000,1,2026-04-09,2026-05-11,2026-05-15,REMOVED,167,4
LST-004396,AGT-040,LOC-022,Villa,5,RENT,5155,391000,391000,0,2026-04-09,2026-04-19,2026-04-27,REMOVED,123,2
LST-004397,AGT-059,LOC-002,Apartment,1,RENT,740,89000,89000,0,2026-04-09,2026-04-17,2026-04-29,EXPIRED,179,6
LST-004398,AGT-096,LOC-014,Apartment,1,RENT,695,103000,103000,0,2026-04-09,2026-04-14,2026-04-16,EXPIRED,81,2
LST-004399,AGT-112,LOC-010,Apartment,1,SALE,610,805000,770000,2,2026-04-09,2026-07-13,,ACTIVE,766,10
LST-004400,AGT-030,LOC-009,Apartment,0,RENT,455,43000,43000,0,2026-04-10,2026-04-10,2026-05-20,REMOVED,417,11
LST-004401,AGT-037,LOC-014,Apartment,1,SALE,795,1795000,1795000,0,2026-04-10,2026-04-29,2026-05-26,EXPIRED,460,9
LST-004402,AGT-004,LOC-014,Apartment,2,SALE,1470,3495000,2980000,2,2026-04-10,2026-05-31,,ACTIVE,977,20
LST-004403,AGT-107,LOC-003,Apartment,3,SALE,2015,5960000,5960000,0,2026-04-10,2026-04-30,2026-04-30,REMOVED,196,3
LST-004404,AGT-080,LOC-001,Apartment,1,SALE,600,1190000,1190000,0,2026-04-10,2026-05-05,2026-05-17,REMOVED,410,11
LST-004405,AGT-057,LOC-033,Apartment,0,SALE,470,615000,615000,0,2026-04-10,2026-05-04,2026-06-05,REMOVED,513,15
LST-004406,AGT-045,LOC-016,Townhouse,2,SALE,1695,2705000,2395000,3,2026-04-10,2026-06-07,2026-07-15,REMOVED,596,14
LST-004407,AGT-017,LOC-005,Apartment,1,SALE,885,3210000,3210000,0,2026-04-10,2026-04-23,,ACTIVE,666,18
LST-004408,AGT-036,LOC-020,Apartment,2,RENT,1450,157000,157000,0,2026-04-10,2026-04-11,2026-04-18,REMOVED,22,1
LST-004409,AGT-033,LOC-002,Apartment,2,RENT,1030,130000,130000,0,2026-04-10,2026-04-16,2026-04-18,REMOVED,159,3
LST-004410,AGT-071,LOC-022,Apartment,2,SALE,1495,1955000,1955000,0,2026-04-10,2026-05-14,2026-08-02,EXPIRED,618,17
LST-004411,AGT-017,LOC-011,Apartment,2,RENT,1090,125000,116000,1,2026-04-10,2026-07-28,2026-08-15,REMOVED,501,8
LST-004412,AGT-064,LOC-010,Townhouse,4,SALE,2805,3205000,3205000,0,2026-04-10,2026-08-04,,ACTIVE,687,11
LST-004413,AGT-063,LOC-011,Apartment,1,SALE,725,985000,985000,0,2026-04-11,2026-05-03,2026-05-08,REMOVED,436,12
LST-004414,AGT-013,LOC-002,Apartment,3,RENT,1545,197000,197000,0,2026-04-11,2026-04-13,2026-05-01,EXPIRED,302,5
LST-004415,AGT-012,LOC-001,Penthouse,3,SALE,3510,9395000,9395000,0,2026-04-11,2026-04-26,2026-05-10,REMOVED,299,8
LST-004416,AGT-108,LOC-016,Villa,3,RENT,2630,205000,205000,0,2026-04-11,2026-04-15,2026-04-17,REMOVED,56,1
LST-004417,AGT-077,LOC-019,Apartment,0,RENT,480,45000,45000,0,2026-04-11,2026-05-20,2026-05-22,EXPIRED,259,5
LST-004418,AGT-050,LOC-002,Apartment,1,SALE,640,1695000,1655000,1,2026-04-11,2026-05-31,,ACTIVE,1293,33
LST-004419,AGT-030,LOC-013,Townhouse,4,SALE,3470,7635000,7635000,0,2026-04-11,2026-06-02,,ACTIVE,722,9
LST-004420,AGT-050,LOC-003,Apartment,2,SALE,975,2975000,2975000,0,2026-04-11,2026-05-08,2026-05-08,REMOVED,255,4
LST-004421,AGT-107,LOC-009,Apartment,3,SALE,1940,2205000,2205000,0,2026-04-11,2026-04-14,2026-05-15,EXPIRED,191,6
LST-004422,AGT-057,LOC-031,Apartment,2,SALE,1130,1060000,1025000,1,2026-04-12,2026-06-16,,ACTIVE,515,10
LST-004423,AGT-037,LOC-009,Townhouse,4,SALE,3190,3815000,3815000,0,2026-04-12,2026-06-02,2026-07-14,REMOVED,356,7
LST-004424,AGT-064,LOC-022,Villa,3,RENT,3270,224000,224000,0,2026-04-12,2026-04-13,2026-05-29,REMOVED,457,16
LST-004425,AGT-117,LOC-010,Townhouse,4,RENT,2995,232000,232000,0,2026-04-12,2026-05-25,2026-05-28,EXPIRED,344,8
LST-004426,AGT-036,LOC-031,Apartment,2,SALE,1260,1155000,1155000,0,2026-04-12,2026-04-23,2026-04-24,EXPIRED,60,1
LST-004427,AGT-004,LOC-007,Apartment,0,SALE,360,685000,685000,0,2026-04-12,2026-05-29,2026-06-03,REMOVED,426,18
LST-004428,AGT-088,LOC-010,Apartment,0,RENT,425,40000,40000,0,2026-04-12,2026-05-01,2026-05-07,REMOVED,224,8
LST-004429,AGT-052,LOC-014,Apartment,2,RENT,1205,202000,186000,1,2026-04-12,2026-04-20,2026-05-07,REMOVED,245,4
LST-004430,AGT-002,LOC-007,Apartment,2,SALE,1340,2710000,2710000,0,2026-04-12,2026-05-22,2026-05-30,REMOVED,192,5
LST-004431,AGT-104,LOC-020,Apartment,1,SALE,600,795000,795000,0,2026-04-12,2026-06-16,2026-08-17,REMOVED,800,22
LST-004432,AGT-090,LOC-001,Apartment,4,SALE,2200,4015000,4015000,0,2026-04-12,2026-04-22,2026-05-13,REMOVED,280,5
LST-004433,AGT-009,LOC-003,Apartment,1,RENT,945,146000,146000,0,2026-04-13,2026-05-06,2026-05-29,REMOVED,908,27
LST-004434,AGT-019,LOC-018,Apartment,1,SALE,700,780000,660000,3,2026-04-13,2026-08-24,,ACTIVE,318,5
LST-004435,AGT-070,LOC-015,Villa,4,SALE,4510,7295000,7295000,0,2026-04-13,2026-04-20,2026-04-30,REMOVED,89,2
LST-004436,AGT-073,LOC-999,Townhouse,3,RENT,2250,201000,201000,0,2026-04-13,2026-04-13,2026-06-06,REMOVED,181,2
LST-004437,AGT-038,LOC-010,Townhouse,4,SALE,2985,3495000,3495000,0,2026-04-13,2026-05-19,2026-05-28,EXPIRED,270,5
LST-004438,AGT-107,LOC-009,Apartment,2,RENT,1200,113000,113000,0,2026-04-13,2026-05-17,2026-06-08,REMOVED,222,5
LST-004439,AGT-015,LOC-027,Apartment,1,RENT,860,130000,130000,0,2026-04-13,2026-04-26,2026-05-04,REMOVED,331,10
LST-004440,AGT-084,LOC-018,Apartment,0,SALE,515,575000,575000,0,2026-04-13,2026-05-30,,ACTIVE,678,18
LST-004441,AGT-107,LOC-010,Apartment,0,SALE,390,520000,520000,0,2026-04-13,2026-04-29,2026-05-04,REMOVED,116,2
LST-004442,AGT-072,LOC-001,Apartment,1,RENT,775,98000,98000,0,2026-04-13,2026-04-17,2026-04-24,REMOVED,152,3
LST-004443,AGT-051,LOC-014,Apartment,1,SALE,925,2105000,2105000,0,2026-04-14,2026-07-27,,ACTIVE,986,20
LST-004444,AGT-075,LOC-011,Apartment,2,SALE,955,1490000,1490000,0,2026-04-14,2026-05-04,2026-05-04,EXPIRED,160,4
LST-004445,AGT-013,LOC-033,Apartment,2,RENT,1490,110000,106000,1,2026-04-14,2026-04-20,2026-08-01,REMOVED,846,19
LST-004446,AGT-003,LOC-023,Apartment,1,RENT,775,84000,82000,1,2026-04-14,2026-04-20,2026-05-18,REMOVED,223,5
LST-004447,AGT-087,LOC-024,Apartment,3,RENT,2145,170000,170000,0,2026-04-14,2026-05-05,2026-06-19,REMOVED,729,21
LST-004448,AGT-107,LOC-001,Penthouse,3,RENT,3050,513000,513000,0,2026-04-14,2026-05-08,2026-08-11,REMOVED,893,22
LST-004449,AGT-069,LOC-013,Townhouse,4,SALE,3190,5895000,5895000,0,2026-04-14,2026-05-04,2026-05-04,EXPIRED,242,7
LST-004450,AGT-011,LOC-031,Apartment,4,RENT,2740,203000,195000,1,2026-04-14,2026-04-21,2026-05-07,EXPIRED,133,2
LST-004451,AGT-087,LOC-014,Apartment,4,RENT,3135,371000,371000,0,2026-04-14,2026-04-16,2026-05-03,REMOVED,205,7
LST-004452,AGT-119,LOC-033,Apartment,1,RENT,600,50000,50000,0,2026-04-14,2026-04-28,2026-05-29,REMOVED,486,15
LST-004453,AGT-056,LOC-009,Apartment,2,SALE,1080,1525000,1470000,1,2026-04-14,2026-04-25,2026-06-15,REMOVED,126,2
LST-004454,AGT-017,LOC-016,Villa,5,RENT,5790,469000,408000,2,2026-04-15,2026-05-15,2026-06-15,REMOVED,404,9
LST-004455,AGT-107,LOC-009,Apartment,2,SALE,1190,1550000,1550000,0,2026-04-15,2026-06-18,2026-06-30,REMOVED,186,3
LST-004456,AGT-084,LOC-007,Apartment,2,RENT,1025,137000,137000,0,2026-04-15,2026-04-24,2026-05-19,REMOVED,229,4
LST-004457,AGT-072,LOC-017,Villa,4,RENT,4330,377000,377000,0,2026-04-15,2026-04-17,2026-05-02,REMOVED,51,1
LST-004458,AGT-024,LOC-001,Apartment,1,RENT,780,77000,77000,0,2026-04-15,2026-04-27,2026-04-29,REMOVED,301,8
LST-004459,AGT-118,LOC-003,Apartment,0,SALE,355,1220000,1220000,0,2026-04-15,2026-06-16,2026-06-27,REMOVED,839,20
LST-004460,AGT-028,LOC-018,Apartment,2,SALE,1050,1210000,1160000,1,2026-04-15,2026-06-10,2026-06-13,REMOVED,81,1
LST-004461,AGT-033,LOC-019,Apartment,2,RENT,1265,97000,94000,1,2026-04-15,2026-05-08,2026-05-10,REMOVED,150,3
LST-004462,AGT-017,LOC-008,Apartment,4,RENT,2285,259000,259000,0,2026-04-15,2026-04-16,2026-05-04,EXPIRED,211,4
LST-004463,AGT-092,LOC-015,Villa,4,RENT,3660,415000,397000,1,2026-04-15,2026-06-06,2026-06-29,REMOVED,402,7
LST-004464,AGT-003,LOC-011,Apartment,3,RENT,1575,155000,155000,0,2026-04-15,2026-04-17,2026-04-29,REMOVED,152,2
LST-004465,AGT-063,LOC-031,Apartment,1,RENT,715,53000,53000,0,2026-04-15,2026-06-03,2026-07-27,REMOVED,681,15
LST-004466,AGT-102,LOC-023,Apartment,2,SALE,1455,2290000,2225000,1,2026-04-15,2026-05-03,,ACTIVE,615,10
LST-004467,AGT-062,LOC-027,Villa,5,RENT,5080,714000,714000,0,2026-04-15,2026-04-26,2026-04-26,REMOVED,91,3
LST-004468,AGT-101,LOC-007,Apartment,3,RENT,1595,191000,191000,0,2026-04-16,2026-04-25,2026-04-30,EXPIRED,134,4
LST-004469,AGT-011,LOC-012,Apartment,0,RENT,485,55000,55000,0,2026-04-16,2026-05-05,2026-05-10,EXPIRED,388,10
LST-004470,AGT-052,LOC-008,Apartment,2,RENT,1500,183000,183000,0,2026-04-16,2026-04-20,2026-05-01,EXPIRED,260,7
LST-004471,AGT-078,LOC-017,Villa,5,SALE,6365,6785000,6785000,0,2026-04-16,2026-05-06,2026-06-13,EXPIRED,285,6
LST-004472,AGT-046,LOC-013,Townhouse,2,SALE,1855,3880000,3880000,0,2026-04-16,2026-05-12,2026-05-18,REMOVED,270,8
LST-004473,AGT-012,LOC-028,Villa,7,SALE,9210,10975000,10050000,2,2026-04-16,2026-05-23,2026-06-09,REMOVED,168,2
LST-004474,AGT-064,LOC-008,Apartment,2,RENT,1240,173000,173000,0,2026-04-16,2026-05-02,2026-05-09,EXPIRED,183,3
LST-004475,AGT-118,LOC-025,Townhouse,3,RENT,2405,202000,202000,0,2026-04-16,2026-04-18,2026-05-02,REMOVED,103,2
LST-004476,AGT-023,LOC-001,Apartment,1,RENT,640,80000,80000,0,2026-04-16,2026-04-18,2026-05-05,REMOVED,213,3
LST-004477,AGT-025,LOC-022,Townhouse,3,SALE,1975,2540000,2540000,0,2026-04-16,2026-08-02,,ACTIVE,683,17
LST-004478,AGT-025,LOC-012,Apartment,1,RENT,675,84000,81000,1,2026-04-16,2026-04-18,2026-05-24,EXPIRED,141,2
LST-004479,AGT-038,LOC-027,Apartment,0,SALE,440,1935000,1805000,2,2026-04-16,2026-07-30,,ACTIVE,422,5
LST-004480,AGT-075,LOC-004,Apartment,0,SALE,495,1930000,1930000,0,2026-04-16,2026-08-01,,ACTIVE,598,7
LST-004481,AGT-003,LOC-012,Apartment,2,SALE,990,1450000,1420000,1,2026-04-17,2026-05-22,,ACTIVE,615,12
LST-004482,AGT-042,LOC-009,Apartment,1,SALE,750,815000,815000,0,2026-04-17,2026-05-02,2026-05-16,REMOVED,316,11
LST-004483,AGT-015,LOC-028,Villa,3,SALE,2695,3545000,3375000,1,2026-04-17,2026-04-27,,ACTIVE,238,3
LST-004484,AGT-021,LOC-017,Villa,5,SALE,5440,6215000,6215000,0,2026-04-17,2026-05-03,2026-05-10,REMOVED,154,3
LST-004485,AGT-050,LOC-032,Apartment,3,RENT,1560,127000,127000,0,2026-04-17,2026-04-22,2026-04-30,REMOVED,111,2
LST-004486,AGT-037,LOC-014,Apartment,1,SALE,755,1835000,1695000,1,2026-04-17,2026-04-18,,ACTIVE,799,14
LST-004487,AGT-077,LOC-025,Townhouse,4,RENT,2725,221000,221000,0,2026-04-17,2026-07-04,2026-07-10,EXPIRED,893,29
LST-004488,AGT-075,LOC-003,Apartment,2,RENT,1105,162000,162000,0,2026-04-17,2026-08-26,,ACTIVE,729,20
LST-004489,AGT-023,LOC-004,Apartment,1,RENT,790,119000,119000,0,2026-04-17,2026-05-24,2026-05-30,REMOVED,632,13
LST-004490,AGT-074,LOC-001,Penthouse,4,RENT,5280,864000,832000,1,2026-04-17,2026-04-28,2026-05-20,EXPIRED,352,5
LST-004491,AGT-059,LOC-010,Apartment,0,SALE,400,555000,525000,1,2026-04-17,2026-05-08,2026-07-11,REMOVED,348,9
LST-004492,AGT-096,LOC-006,Villa,7,RENT,9830,2186000,2186000,0,2026-04-17,2026-04-23,2026-06-11,REMOVED,763,13
LST-004493,AGT-074,LOC-019,Apartment,0,RENT,435,34000,34000,0,2026-04-17,2026-05-08,2026-05-08,REMOVED,184,3
LST-004494,AGT-102,LOC-024,Apartment,0,SALE,490,625000,625000,0,2026-04-17,2026-05-28,2026-06-26,REMOVED,707,21
LST-004495,AGT-019,LOC-007,Apartment,2,SALE,1415,2825000,2825000,0,2026-04-17,2026-04-22,2026-05-28,REMOVED,249,5
LST-004496,AGT-075,LOC-007,Apartment,1,RENT,795,118000,118000,0,2026-04-17,2026-04-18,2026-04-23,EXPIRED,96,2
LST-004497,AGT-087,LOC-011,Apartment,4,SALE,3170,4540000,4305000,2,2026-04-17,2026-05-03,,ACTIVE,931,20
LST-004498,AGT-092,LOC-033,Apartment,2,RENT,1365,115000,115000,0,2026-04-18,2026-05-04,2026-06-07,EXPIRED,280,5
LST-004499,AGT-020,LOC-012,Apartment,0,SALE,510,745000,745000,0,2026-04-18,2026-05-26,2026-06-12,REMOVED,503,13
LST-004500,AGT-023,LOC-013,Villa,3,SALE,3375,8160000,8160000,0,2026-04-18,2026-07-26,,ACTIVE,525,11
LST-004501,AGT-022,LOC-023,Apartment,2,SALE,1115,1595000,1595000,0,2026-04-18,2026-05-16,2026-07-05,REMOVED,435,8
LST-004502,AGT-090,LOC-032,Apartment,0,SALE,495,480000,480000,0,2026-04-18,2026-04-22,2026-04-23,REMOVED,51,2
LST-004503,AGT-012,LOC-009,Apartment,2,SALE,995,1130000,1130000,0,2026-04-18,2026-05-28,2026-07-17,REMOVED,362,7
LST-004504,AGT-107,LOC-007,Apartment,1,SALE,915,1800000,1800000,0,2026-04-18,2026-05-05,2026-05-31,EXPIRED,564,19
LST-004505,AGT-070,LOC-025,Villa,4,SALE,4260,5820000,5820000,0,2026-04-18,2026-05-15,2026-06-27,EXPIRED,307,9
LST-004506,AGT-083,LOC-019,Apartment,2,RENT,1435,133000,130000,1,2026-04-18,2026-05-22,2026-06-05,REMOVED,255,5
LST-004507,AGT-028,LOC-018,Apartment,3,SALE,1735,1730000,1730000,0,2026-04-18,2026-04-23,2026-05-08,REMOVED,79,2
LST-004508,AGT-038,LOC-022,Villa,3,SALE,3220,4610000,4610000,0,2026-04-18,2026-08-29,,ACTIVE,651,15
LST-004509,AGT-052,LOC-020,Apartment,1,SALE,820,1130000,1130000,0,2026-04-18,2026-04-29,2026-05-28,REMOVED,235,6
LST-004510,AGT-050,LOC-020,Apartment,1,SALE,610,765000,765000,0,2026-04-19,2026-05-27,,ACTIVE,739,18
LST-004511,AGT-092,LOC-010,Apartment,1,RENT,810,86000,81000,1,2026-04-19,2026-05-02,2026-05-27,REMOVED,269,6
LST-004512,AGT-114,LOC-008,Apartment,1,SALE,930,1755000,1755000,0,2026-04-19,2026-05-30,2026-07-05,REMOVED,676,17
LST-004513,AGT-075,LOC-018,Apartment,2,SALE,1445,1445000,1445000,0,2026-04-20,2026-04-28,2026-07-21,EXPIRED,477,12
LST-004514,AGT-011,LOC-023,Apartment,2,SALE,1130,1465000,1465000,0,2026-04-20,2026-05-05,2026-05-16,REMOVED,252,8
LST-004515,AGT-006,LOC-018,Apartment,3,SALE,1930,1775000,1775000,0,2026-04-20,2026-06-28,2026-08-19,EXPIRED,375,9
LST-004516,AGT-064,LOC-004,Apartment,3,SALE,1835,5390000,5390000,0,2026-04-20,2026-05-29,2026-06-25,REMOVED,473,7
LST-004517,AGT-028,LOC-027,Apartment,2,RENT,1265,191000,191000,0,2026-04-20,2026-05-18,2026-05-27,REMOVED,355,13
LST-004518,AGT-087,LOC-002,Apartment,2,SALE,1270,2505000,2505000,0,2026-04-20,2026-04-25,2026-05-16,REMOVED,617,30
LST-004519,AGT-075,LOC-019,Apartment,1,SALE,695,690000,690000,0,2026-04-20,2026-05-10,2026-05-22,EXPIRED,157,5
LST-004520,AGT-020,LOC-001,Apartment,2,RENT,1275,151000,151000,0,2026-04-20,2026-04-27,2026-05-21,REMOVED,283,5
LST-004521,AGT-052,LOC-009,Apartment,2,RENT,1220,132000,128000,1,2026-04-20,2026-05-28,2026-05-29,REMOVED,174,2
LST-004522,AGT-070,LOC-019,Apartment,2,SALE,1370,1210000,1105000,2,2026-04-20,2026-06-13,2026-06-24,REMOVED,360,11
LST-004523,AGT-020,LOC-014,Penthouse,3,RENT,2845,634000,584000,1,2026-04-20,2026-05-13,2026-05-14,REMOVED,110,2
LST-004524,AGT-092,LOC-026,Apartment,1,SALE,935,1525000,1525000,0,2026-04-20,2026-05-21,2026-07-11,REMOVED,608,18
LST-004525,AGT-006,LOC-020,Apartment,2,RENT,1030,108000,108000,0,2026-04-20,2026-05-23,2026-06-02,REMOVED,422,10
LST-004526,AGT-080,LOC-022,Townhouse,3,RENT,2065,172000,172000,0,2026-04-20,2026-04-21,2026-05-10,REMOVED,138,3
LST-004527,AGT-004,LOC-029,Apartment,2,SALE,1280,800000,800000,0,2026-04-20,2026-07-16,,ACTIVE,789,14
LST-004528,AGT-024,LOC-011,Apartment,1,SALE,655,1160000,1020000,3,2026-04-20,2026-06-03,,ACTIVE,727,11
LST-004529,AGT-069,LOC-020,Apartment,2,RENT,1065,136000,136000,0,2026-04-20,2026-06-14,,ACTIVE,431,8
LST-004530,AGT-017,LOC-023,Apartment,0,RENT,400,35000,35000,0,2026-04-21,2026-04-21,2026-04-29,EXPIRED,160,5
LST-004531,AGT-038,LOC-013,Townhouse,4,SALE,2805,6180000,5060000,3,2026-04-21,2026-05-21,,ACTIVE,301,4
LST-004532,AGT-057,LOC-028,Villa,5,SALE,6620,7345000,7345000,0,2026-04-21,2026-05-07,2026-05-14,EXPIRED,88,2
LST-004533,AGT-067,LOC-024,Apartment,2,RENT,1010,100000,100000,0,2026-04-21,2026-05-23,2026-07-05,REMOVED,592,13
LST-004534,AGT-103,LOC-009,Townhouse,4,RENT,3400,282000,258000,2,2026-04-21,2026-05-22,2026-06-18,REMOVED,297,6
LST-004535,AGT-066,LOC-007,Apartment,2,RENT,1380,237000,237000,0,2026-04-21,2026-04-23,2026-05-17,REMOVED,155,2
LST-004536,AGT-103,LOC-033,Apartment,0,RENT,380,36000,36000,0,2026-04-21,2026-04-24,2026-04-29,REMOVED,68,2
LST-004537,AGT-024,LOC-033,Apartment,3,SALE,2100,2555000,2555000,0,2026-04-21,2026-04-26,2026-07-23,REMOVED,407,10
LST-004538,AGT-015,LOC-016,Villa,5,SALE,5015,7490000,6905000,2,2026-04-21,2026-08-29,,ACTIVE,710,18
LST-004539,AGT-015,LOC-013,Townhouse,4,RENT,2955,341000,341000,0,2026-04-21,2026-04-25,2026-05-09,REMOVED,155,3
LST-004540,AGT-085,LOC-028,Villa,4,SALE,4215,4035000,4035000,0,2026-04-21,2026-05-19,2026-08-15,EXPIRED,492,10
LST-004541,AGT-017,LOC-020,Apartment,2,RENT,1340,134000,134000,0,2026-04-21,2026-04-25,2026-05-03,EXPIRED,93,2
LST-004542,AGT-103,LOC-002,Apartment,2,RENT,1100,153000,153000,0,2026-04-21,2026-06-18,,ACTIVE,762,16
LST-004543,AGT-110,LOC-018,Apartment,1,SALE,630,655000,655000,0,2026-04-21,2026-06-21,,ACTIVE,665,11
LST-004544,AGT-049,LOC-027,Apartment,2,SALE,1165,3775000,3775000,0,2026-04-22,2026-06-19,2026-08-07,REMOVED,620,12
LST-004545,AGT-092,LOC-010,Apartment,3,SALE,1770,2425000,2240000,1,2026-04-22,2026-05-15,,ACTIVE,424,5
LST-004546,AGT-096,LOC-031,Apartment,2,RENT,1480,96000,96000,0,2026-04-22,2026-05-03,2026-05-22,REMOVED,470,16
LST-004547,AGT-038,LOC-012,Apartment,1,RENT,925,113000,113000,0,2026-04-22,2026-04-24,2026-05-10,REMOVED,70,1
LST-004548,AGT-102,LOC-009,Apartment,0,SALE,480,645000,645000,0,2026-04-22,2026-06-09,,ACTIVE,680,12
LST-004549,AGT-030,LOC-029,Villa,7,SALE,10715,5985000,5985000,0,2026-04-22,2026-04-23,,ACTIVE,841,15
LST-004550,AGT-003,LOC-006,Villa,4,SALE,3535,16650000,16650000,0,2026-04-22,2026-06-03,2026-06-04,REMOVED,671,20
LST-004551,AGT-070,LOC-005,Apartment,1,RENT,900,200000,200000,0,2026-04-22,2026-04-26,2026-05-03,EXPIRED,117,2
LST-004552,AGT-075,LOC-011,Apartment,0,RENT,375,42000,42000,0,2026-04-22,2026-04-23,2026-05-09,EXPIRED,161,3
LST-004553,AGT-063,LOC-013,Townhouse,2,SALE,1515,3560000,3560000,0,2026-04-22,2026-06-29,2026-07-31,REMOVED,342,4
LST-004554,AGT-052,LOC-007,Penthouse,3,SALE,3770,10675000,8945000,3,2026-04-23,2026-05-16,,ACTIVE,650,11
LST-004555,AGT-068,LOC-009,Apartment,3,RENT,1605,154000,154000,0,2026-04-23,2026-04-24,2026-05-23,REMOVED,101,2
LST-004556,AGT-050,LOC-009,Apartment,1,RENT,805,92000,87000,1,2026-04-23,2026-05-04,2026-05-22,EXPIRED,189,4
LST-004557,AGT-004,LOC-018,Apartment,1,RENT,755,54000,54000,0,2026-04-23,2026-05-05,2026-05-06,REMOVED,95,2
LST-004558,AGT-016,LOC-028,Villa,5,SALE,6740,7235000,7235000,0,2026-04-23,2026-05-30,2026-06-13,EXPIRED,589,8
LST-004559,AGT-071,LOC-009,Apartment,2,SALE,1040,1520000,1365000,2,2026-04-23,2026-08-15,,ACTIVE,441,6
LST-004560,AGT-021,LOC-005,Apartment,3,RENT,1565,251000,251000,0,2026-04-23,2026-05-08,2026-05-16,REMOVED,394,16
LST-004561,AGT-090,LOC-010,Apartment,3,SALE,1805,2485000,2330000,1,2026-04-23,2026-08-27,,ACTIVE,300,3
LST-004562,AGT-063,LOC-011,Apartment,2,SALE,1100,1705000,1705000,0,2026-04-23,2026-04-28,2026-05-09,REMOVED,87,2
LST-004563,AGT-064,LOC-015,Villa,5,RENT,6600,568000,568000,0,2026-04-23,2026-04-28,2026-05-09,REMOVED,282,11
LST-004564,AGT-046,LOC-005,Apartment,2,RENT,1115,189000,189000,0,2026-04-23,2026-05-05,2026-05-09,REMOVED,258,7
LST-004565,AGT-117,LOC-009,Townhouse,4,RENT,3050,256000,256000,0,2026-04-23,2026-05-19,2026-05-23,REMOVED,120,3
LST-004566,AGT-064,LOC-003,Apartment,2,RENT,1260,222000,222000,0,2026-04-24,2026-04-27,2026-04-29,REMOVED,74,2
LST-004567,AGT-064,LOC-026,Apartment,3,RENT,2175,270000,270000,0,2026-04-24,2026-05-13,2026-05-18,REMOVED,96,1
LST-004568,AGT-017,LOC-007,Apartment,1,RENT,940,145000,145000,0,2026-04-24,2026-05-04,2026-05-11,REMOVED,199,5
LST-004569,AGT-044,LOC-007,Apartment,1,SALE,870,2105000,1950000,2,2026-04-24,2026-07-23,2026-07-30,EXPIRED,449,9
LST-004570,AGT-011,LOC-032,Apartment,2,SALE,1070,905000,905000,0,2026-04-24,2026-05-26,2026-05-27,REMOVED,142,3
LST-004571,AGT-012,LOC-021,Apartment,2,RENT,1280,97000,97000,0,2026-04-24,2026-04-28,2026-04-28,REMOVED,68,2
LST-004572,AGT-051,LOC-003,Apartment,2,RENT,1015,188000,188000,0,2026-04-24,2026-04-25,2026-05-01,EXPIRED,108,1
LST-004573,AGT-019,LOC-014,Penthouse,4,SALE,5385,14960000,14960000,0,2026-04-24,2026-05-10,2026-08-08,REMOVED,680,20
LST-004574,AGT-017,LOC-010,Apartment,3,SALE,1945,2335000,2335000,0,2026-04-24,2026-06-15,2026-07-08,REMOVED,255,4
LST-004575,AGT-064,LOC-003,Apartment,1,RENT,840,121000,121000,0,2026-04-24,2026-05-16,2026-05-29,REMOVED,597,20
LST-004576,AGT-024,LOC-011,Apartment,1,RENT,660,70000,70000,0,2026-04-24,2026-05-15,2026-05-27,EXPIRED,284,7
LST-004577,AGT-004,LOC-028,Townhouse,3,SALE,2260,2960000,2795000,2,2026-04-24,2026-06-13,2026-07-05,REMOVED,194,3
LST-004578,AGT-066,LOC-018,Apartment,1,RENT,855,72000,61000,3,2026-04-24,2026-06-23,2026-08-16,EXPIRED,621,13
LST-004579,AGT-059,LOC-025,Townhouse,4,RENT,3350,257000,257000,0,2026-04-24,2026-05-13,2026-05-13,REMOVED,249,7
LST-004580,AGT-073,LOC-014,Apartment,1,SALE,850,2240000,2240000,0,2026-04-24,2026-05-16,,ACTIVE,311,5
LST-004581,AGT-105,LOC-001,Apartment,1,RENT,830,98000,98000,0,2026-04-24,2026-05-27,2026-07-30,REMOVED,1252,35
LST-004582,AGT-092,LOC-003,Apartment,1,RENT,755,132000,132000,0,2026-04-24,2026-05-18,2026-05-30,EXPIRED,340,9
LST-004583,AGT-116,LOC-017,Villa,5,SALE,5265,6895000,6895000,0,2026-04-24,2026-06-20,2026-07-07,REMOVED,358,5
LST-004584,AGT-054,LOC-023,Apartment,3,SALE,2135,2955000,2955000,0,2026-04-24,2026-07-23,2026-08-05,EXPIRED,709,18
LST-004585,AGT-059,LOC-019,Apartment,2,SALE,1035,885000,885000,0,2026-04-24,2026-06-10,2026-06-19,REMOVED,532,18
LST-004586,AGT-038,LOC-012,Apartment,3,SALE,1545,2655000,2470000,1,2026-04-24,2026-07-21,,ACTIVE,555,6
LST-004587,AGT-100,LOC-012,Apartment,0,SALE,465,880000,880000,0,2026-04-24,2026-08-18,,ACTIVE,372,5
LST-004588,AGT-012,LOC-033,Apartment,2,SALE,1115,1250000,1250000,0,2026-04-25,2026-07-14,,ACTIVE,657,19
LST-004589,AGT-098,LOC-016,Townhouse,2,SALE,1405,2250000,2250000,0,2026-04-25,2026-07-03,2026-07-10,REMOVED,519,8
LST-004590,AGT-014,LOC-013,Villa,4,SALE,3575,6870000,6870000,0,2026-04-25,2026-04-29,2026-06-12,EXPIRED,408,11
LST-004591,AGT-001,LOC-004,Penthouse,3,SALE,3215,14185000,14185000,0,2026-04-25,2026-07-26,,ACTIVE,1024,15
LST-004592,AGT-014,LOC-016,Villa,4,SALE,3640,5940000,5560000,1,2026-04-25,2026-05-12,2026-05-28,REMOVED,222,4
LST-004593,AGT-005,LOC-002,Penthouse,4,RENT,4340,868000,829000,1,2026-04-25,2026-05-11,2026-05-31,REMOVED,285,7
LST-004594,AGT-027,LOC-005,Apartment,3,SALE,1790,6120000,6120000,0,2026-04-25,2026-04-27,,ACTIVE,750,19
LST-004595,AGT-087,LOC-022,Apartment,1,SALE,660,900000,900000,0,2026-04-26,2026-05-14,2026-05-28,EXPIRED,211,5
LST-004596,AGT-011,LOC-003,Penthouse,4,RENT,5955,1303000,1183000,2,2026-04-26,2026-06-10,2026-06-16,REMOVED,426,7
LST-004597,AGT-005,LOC-019,Apartment,2,RENT,1110,79000,79000,0,2026-04-26,2026-04-29,2026-05-06,REMOVED,78,1
LST-004598,AGT-001,LOC-001,Penthouse,2,RENT,1980,302000,302000,0,2026-04-26,2026-04-26,2026-05-20,REMOVED,312,8
LST-004599,AGT-048,LOC-031,Apartment,0,RENT,500,37000,37000,0,2026-04-26,2026-04-26,2026-06-06,REMOVED,363,13
LST-004600,AGT-102,LOC-012,Apartment,2,RENT,1050,140000,140000,0,2026-04-26,2026-04-27,2026-05-20,REMOVED,120,2
LST-004601,AGT-024,LOC-009,Townhouse,3,RENT,2560,258000,258000,0,2026-04-26,2026-05-04,2026-05-23,EXPIRED,103,1
LST-004602,AGT-068,LOC-001,Apartment,1,SALE,895,1685000,1685000,0,2026-04-26,2026-05-09,2026-05-11,REMOVED,136,5
LST-004603,AGT-117,LOC-020,Apartment,1,RENT,665,79000,79000,0,2026-04-26,2026-05-30,2026-06-02,EXPIRED,287,5
LST-004604,AGT-101,LOC-014,Apartment,1,RENT,845,143000,143000,0,2026-04-27,2026-05-10,2026-07-02,EXPIRED,363,6
LST-004605,AGT-024,LOC-033,Apartment,1,RENT,625,44000,44000,0,2026-04-27,2026-05-31,2026-06-06,REMOVED,262,6
LST-004606,AGT-056,LOC-028,Villa,5,RENT,6165,450000,450000,0,2026-04-27,2026-06-24,2026-07-05,REMOVED,380,6
LST-004607,AGT-092,LOC-025,Villa,5,SALE,5025,7640000,7640000,0,2026-04-27,2026-06-04,2026-06-06,EXPIRED,161,4
LST-004608,AGT-018,LOC-003,Apartment,1,RENT,625,125000,125000,0,2026-04-27,2026-05-16,2026-06-02,REMOVED,324,4
LST-004609,AGT-004,LOC-027,Villa,5,SALE,5290,14235000,14235000,0,2026-04-27,2026-08-02,2026-08-28,REMOVED,1307,38
LST-004610,AGT-074,LOC-010,Apartment,1,SALE,760,860000,860000,0,2026-04-27,2026-05-20,2026-06-04,EXPIRED,347,7
LST-004611,AGT-025,LOC-017,Villa,3,RENT,2810,219000,219000,0,2026-04-27,2026-05-08,2026-05-08,REMOVED,210,6
LST-004612,AGT-096,LOC-031,Apartment,2,SALE,1400,1135000,1135000,0,2026-04-27,2026-05-02,2026-05-14,REMOVED,143,6
LST-004613,AGT-019,LOC-026,Apartment,1,RENT,855,106000,106000,0,2026-04-27,2026-05-09,2026-05-14,EXPIRED,85,1
LST-004614,AGT-014,LOC-031,Apartment,1,SALE,875,825000,825000,0,2026-04-27,2026-04-30,2026-05-12,REMOVED,67,2
LST-004615,AGT-061,LOC-014,Apartment,1,RENT,825,127000,127000,0,2026-04-27,2026-05-02,2026-05-23,REMOVED,171,3
LST-004616,AGT-017,LOC-007,Apartment,2,SALE,1185,2675000,2545000,1,2026-04-27,2026-05-06,2026-05-21,REMOVED,90,2
LST-004617,AGT-019,LOC-014,Apartment,2,RENT,995,147000,147000,0,2026-04-27,2026-05-07,2026-06-25,REMOVED,463,9
LST-004618,AGT-057,LOC-031,Apartment,0,RENT,355,27000,27000,0,2026-04-27,2026-06-03,2026-06-22,REMOVED,430,10
LST-004619,AGT-019,LOC-024,Apartment,1,RENT,790,71000,71000,0,2026-04-27,2026-04-29,2026-05-17,REMOVED,115,3
LST-004620,AGT-038,LOC-018,Apartment,2,RENT,1005,78000,78000,0,2026-04-27,2026-04-27,2026-05-23,REMOVED,200,3
LST-004621,AGT-118,LOC-017,Villa,3,RENT,3140,268000,250000,1,2026-04-27,2026-05-29,2026-06-19,REMOVED,326,7
LST-004622,AGT-011,LOC-022,Villa,4,RENT,4880,384000,384000,0,2026-04-27,2026-05-17,2026-05-29,EXPIRED,695,18
LST-004623,AGT-106,LOC-001,Apartment,3,SALE,1925,4145000,4145000,0,2026-04-27,2026-05-22,2026-06-03,REMOVED,414,6
LST-004624,AGT-118,LOC-018,Apartment,3,RENT,1945,137000,128000,1,2026-04-27,2026-05-06,2026-05-27,REMOVED,184,4
LST-004625,AGT-038,LOC-017,Villa,7,SALE,11935,14350000,13305000,1,2026-04-28,2026-05-02,2026-08-31,REMOVED,600,9
LST-004626,AGT-060,LOC-025,Townhouse,2,SALE,1785,3075000,2790000,2,2026-04-28,2026-06-24,2026-07-03,EXPIRED,289,5
LST-004627,AGT-018,LOC-004,Apartment,2,SALE,1060,2685000,2685000,0,2026-04-28,2026-05-04,2026-05-12,REMOVED,298,9
LST-004628,AGT-038,LOC-001,Apartment,4,RENT,2505,218000,218000,0,2026-04-28,2026-05-16,2026-06-05,EXPIRED,903,33
LST-004629,AGT-024,LOC-031,Apartment,1,RENT,610,48000,48000,0,2026-04-28,2026-05-02,2026-05-20,EXPIRED,179,5
LST-004630,AGT-075,LOC-021,Apartment,1,SALE,775,825000,825000,0,2026-04-28,2026-05-16,2026-07-29,REMOVED,567,15
LST-004631,AGT-005,LOC-023,Apartment,0,RENT,505,60000,60000,0,2026-04-28,2026-05-03,2026-05-03,REMOVED,44,1
LST-004632,AGT-107,LOC-011,Apartment,1,SALE,845,1365000,1365000,0,2026-04-28,2026-04-29,2026-05-19,EXPIRED,139,3
LST-004633,AGT-062,LOC-024,Apartment,0,SALE,365,565000,565000,0,2026-04-28,2026-04-30,2026-05-19,REMOVED,141,3
LST-004634,AGT-075,LOC-018,Apartment,3,SALE,1675,1950000,1950000,0,2026-04-28,2026-06-23,,ACTIVE,213,3
LST-004635,AGT-017,LOC-001,Penthouse,5,SALE,6020,14230000,14230000,0,2026-04-28,2026-05-01,2026-05-07,REMOVED,114,4
LST-004636,AGT-033,LOC-009,Apartment,1,RENT,855,85000,85000,0,2026-04-28,2026-06-04,2026-07-30,REMOVED,610,13
LST-004637,AGT-035,LOC-018,Apartment,3,SALE,1700,1725000,1630000,1,2026-04-28,2026-05-14,,ACTIVE,580,8
LST-004638,AGT-096,LOC-024,Apartment,2,RENT,1190,112000,112000,0,2026-04-28,2026-04-29,2026-05-02,REMOVED,41,1
LST-004639,AGT-004,LOC-028,Villa,6,RENT,7440,567000,567000,0,2026-04-28,2026-05-01,2026-05-19,EXPIRED,155,3
LST-004640,AGT-069,LOC-032,Apartment,1,SALE,775,580000,580000,0,2026-04-28,2026-05-09,2026-06-10,REMOVED,407,18
LST-004641,AGT-072,LOC-029,Apartment,1,SALE,930,490000,490000,0,2026-04-29,2026-06-01,2026-08-23,REMOVED,1140,38
LST-004642,AGT-064,LOC-020,Apartment,2,SALE,1400,1950000,1950000,0,2026-04-29,2026-05-11,2026-05-16,REMOVED,146,2
LST-004643,AGT-052,LOC-017,Villa,6,SALE,8160,9835000,9835000,0,2026-04-29,2026-05-01,2026-05-07,REMOVED,32,1
LST-004644,AGT-031,LOC-003,Apartment,1,SALE,710,1910000,1910000,0,2026-04-29,2026-05-12,2026-05-26,REMOVED,385,11
LST-004645,AGT-119,LOC-028,Villa,3,SALE,2970,3395000,3245000,1,2026-04-29,2026-06-01,2026-07-04,EXPIRED,193,4
LST-004646,AGT-082,LOC-032,Apartment,2,RENT,1355,87000,87000,0,2026-04-29,2026-05-18,2026-06-06,REMOVED,202,3
LST-004647,AGT-112,LOC-020,Apartment,2,SALE,1065,1445000,1445000,0,2026-04-29,2026-05-12,2026-07-16,EXPIRED,527,10
LST-004648,AGT-062,LOC-001,Apartment,1,RENT,765,88000,88000,0,2026-04-29,2026-04-29,2026-05-08,REMOVED,154,5
LST-004649,AGT-012,LOC-028,Townhouse,4,SALE,3285,3410000,3205000,1,2026-04-29,2026-05-29,2026-06-06,REMOVED,232,6
LST-004650,AGT-089,LOC-002,Apartment,2,RENT,975,119000,119000,0,2026-04-29,2026-05-09,2026-05-13,REMOVED,161,3
LST-004651,AGT-082,LOC-015,Villa,5,RENT,6125,697000,663000,1,2026-04-29,2026-07-10,2026-07-15,EXPIRED,315,5
LST-004652,AGT-108,LOC-009,Apartment,1,RENT,755,80000,80000,0,2026-04-29,2026-05-29,2026-06-16,EXPIRED,396,7
LST-004653,AGT-003,LOC-012,Apartment,1,RENT,860,98000,98000,0,2026-04-30,2026-06-29,,ACTIVE,641,14
LST-004654,AGT-042,LOC-025,Villa,4,RENT,3680,332000,332000,0,2026-04-30,2026-05-03,2026-06-12,REMOVED,261,7
LST-004655,AGT-070,LOC-014,Apartment,3,RENT,1925,299000,299000,0,2026-04-30,2026-05-18,2026-08-26,REMOVED,1198,16
LST-004656,AGT-070,LOC-005,Apartment,0,RENT,460,98000,98000,0,2026-04-30,2026-05-10,2026-06-01,REMOVED,529,10
LST-004657,AGT-054,LOC-007,Apartment,2,RENT,1280,189000,189000,0,2026-04-30,2026-05-13,2026-05-20,REMOVED,116,2
LST-004658,AGT-107,LOC-031,Apartment,4,RENT,2805,147000,147000,0,2026-04-30,2026-05-06,2026-05-09,EXPIRED,116,5
LST-004659,AGT-083,LOC-011,Apartment,2,SALE,1135,1545000,1545000,0,2026-04-30,2026-08-17,2026-08-18,REMOVED,1320,44
LST-004660,AGT-049,LOC-020,Apartment,0,SALE,385,505000,505000,0,2026-04-30,2026-05-05,2026-05-12,REMOVED,130,3
LST-004661,AGT-104,LOC-006,Villa,5,RENT,5245,1467000,1467000,0,2026-04-30,2026-04-30,2026-05-11,REMOVED,197,4
LST-004662,AGT-002,LOC-007,Apartment,0,RENT,350,64000,61000,1,2026-04-30,2026-05-21,,ACTIVE,546,8
LST-004663,AGT-019,LOC-013,Townhouse,3,SALE,2240,4655000,4200000,2,2026-04-30,2026-08-04,,ACTIVE,639,18
LST-004664,AGT-107,LOC-022,Apartment,0,SALE,380,645000,600000,1,2026-04-30,2026-05-28,2026-06-21,EXPIRED,252,5
LST-004665,AGT-083,LOC-019,Apartment,1,RENT,610,51000,51000,0,2026-04-30,2026-05-11,2026-05-25,REMOVED,191,5
LST-004666,AGT-017,LOC-017,Villa,5,SALE,5875,6960000,6960000,0,2026-04-30,2026-08-16,,ACTIVE,566,12
LST-004667,AGT-071,LOC-022,Apartment,1,RENT,705,76000,76000,0,2026-04-30,2026-06-26,2026-07-11,EXPIRED,581,9
LST-004668,AGT-033,LOC-004,Apartment,1,RENT,630,104000,104000,0,2026-04-30,2026-05-02,2026-05-27,REMOVED,319,5
LST-004669,AGT-028,LOC-018,Apartment,0,RENT,400,33000,33000,0,2026-04-30,2026-05-07,2026-05-16,REMOVED,105,2
LST-004670,AGT-064,LOC-032,Apartment,2,SALE,1270,1180000,1180000,0,2026-04-30,2026-05-23,2026-06-16,REMOVED,224,4
LST-004671,AGT-016,LOC-002,Apartment,1,SALE,750,2050000,2050000,0,2026-04-30,2026-05-23,2026-06-20,REMOVED,193,5
LST-004672,AGT-112,LOC-020,Townhouse,3,RENT,2400,223000,223000,0,2026-04-30,2026-05-15,2026-06-02,REMOVED,385,9
LST-004673,AGT-080,LOC-019,Apartment,2,RENT,1035,77000,77000,0,2026-04-30,2026-05-21,2026-07-28,REMOVED,746,23
LST-004674,AGT-033,LOC-013,Villa,5,SALE,6415,15810000,14580000,3,2026-04-30,2026-07-27,2026-08-05,REMOVED,220,3
LST-004675,AGT-019,LOC-013,Townhouse,2,SALE,1765,3240000,3240000,0,2026-04-30,2026-05-11,2026-05-12,REMOVED,160,6
LST-004676,AGT-062,LOC-001,Apartment,3,SALE,2015,3835000,3835000,0,2026-05-01,2026-07-22,2026-08-05,REMOVED,778,23
LST-004677,AGT-101,LOC-008,Apartment,2,SALE,970,1715000,1715000,0,2026-05-01,2026-06-23,2026-08-15,REMOVED,421,9
LST-004678,AGT-038,LOC-007,Apartment,2,RENT,1030,127000,127000,0,2026-05-01,2026-05-04,2026-05-08,REMOVED,87,2
LST-004679,AGT-014,LOC-031,Apartment,2,RENT,1435,99000,99000,0,2026-05-01,2026-05-07,2026-05-20,EXPIRED,147,5
LST-004680,AGT-064,LOC-019,Apartment,2,SALE,1430,1355000,1355000,0,2026-05-01,2026-05-05,2026-05-13,REMOVED,66,2
LST-004681,AGT-022,LOC-021,Apartment,3,SALE,2090,1915000,1915000,0,2026-05-01,2026-05-27,2026-06-06,REMOVED,274,9
LST-004682,AGT-054,LOC-005,Apartment,1,SALE,715,2665000,2570000,1,2026-05-01,2026-05-26,2026-06-02,REMOVED,187,3
LST-004683,AGT-088,LOC-001,Apartment,1,SALE,845,1780000,1780000,0,2026-05-01,2026-05-10,2026-06-02,REMOVED,283,7
LST-004684,AGT-107,LOC-033,Apartment,2,SALE,0,1245000,1245000,0,2026-05-01,2026-05-22,2026-06-09,REMOVED,193,4
LST-004685,AGT-047,LOC-003,Apartment,4,RENT,2615,395000,395000,0,2026-05-01,2026-05-01,2026-05-18,EXPIRED,182,4
LST-004686,AGT-052,LOC-033,Apartment,1,RENT,945,86000,80000,1,2026-05-01,2026-08-05,,ACTIVE,727,11
LST-004687,AGT-011,LOC-008,Apartment,1,RENT,695,91000,91000,0,2026-05-01,2026-05-07,2026-05-22,REMOVED,196,5
LST-004688,AGT-014,LOC-009,Apartment,1,SALE,800,915000,915000,0,2026-05-01,2026-05-20,2026-05-27,REMOVED,226,5
LST-004689,AGT-020,LOC-001,Apartment,2,SALE,1315,2620000,2620000,0,2026-05-01,2026-08-21,,ACTIVE,633,17
LST-004690,AGT-019,LOC-014,Apartment,3,SALE,1600,3010000,3010000,0,2026-05-02,2026-07-12,2026-07-26,REMOVED,1009,31
LST-004691,AGT-038,LOC-012,Apartment,1,RENT,725,71000,71000,0,2026-05-02,2026-05-02,2026-05-16,REMOVED,144,5
LST-004692,AGT-096,LOC-005,Apartment,1,RENT,880,188000,174000,1,2026-05-02,2026-05-07,2026-06-29,REMOVED,876,20
LST-004693,AGT-030,LOC-019,Apartment,2,SALE,1210,1020000,990000,1,2026-05-02,2026-08-25,,ACTIVE,682,26
LST-004694,AGT-025,LOC-001,Apartment,1,RENT,640,69000,69000,0,2026-05-02,2026-06-15,2026-08-11,REMOVED,1108,38
LST-004695,AGT-070,LOC-016,Villa,4,SALE,3745,5530000,5530000,0,2026-05-02,2026-05-26,2026-08-10,REMOVED,874,16
LST-004696,AGT-074,LOC-025,Townhouse,4,SALE,3250,5035000,5035000,0,2026-05-02,2026-05-17,,ACTIVE,584,12
LST-004697,AGT-028,LOC-018,Apartment,1,SALE,900,880000,880000,0,2026-05-03,2026-05-04,2026-06-01,EXPIRED,206,5
LST-004698,AGT-045,LOC-011,Apartment,0,RENT,435,50000,50000,0,2026-05-03,2026-05-06,2026-06-08,REMOVED,164,3
LST-004699,AGT-064,LOC-023,Apartment,0,SALE,440,675000,675000,0,2026-05-03,2026-06-07,2026-06-13,REMOVED,195,4
LST-004700,AGT-047,LOC-032,Apartment,2,RENT,1015,70000,70000,0,2026-05-03,2026-05-09,2026-05-20,EXPIRED,72,1
LST-004701,AGT-107,LOC-009,Apartment,1,RENT,655,75000,75000,0,2026-05-03,2026-05-19,2026-05-22,REMOVED,101,2
LST-004702,AGT-105,LOC-010,Townhouse,2,RENT,1560,115000,115000,0,2026-05-03,2026-05-26,2026-06-12,REMOVED,295,10
LST-004703,AGT-075,LOC-012,Apartment,2,SALE,1110,1525000,1525000,0,2026-05-03,2026-06-02,2026-07-20,REMOVED,536,17
LST-004704,AGT-038,LOC-014,Penthouse,3,SALE,2845,8545000,8545000,0,2026-05-03,2026-05-03,2026-07-06,REMOVED,427,10
LST-004705,AGT-107,LOC-002,Apartment,1,RENT,780,83000,83000,0,2026-05-04,2026-06-04,2026-06-23,REMOVED,638,27
LST-004706,AGT-116,LOC-003,Apartment,3,RENT,2160,324000,300000,1,2026-05-04,2026-06-19,2026-06-22,REMOVED,735,18
LST-004707,AGT-019,LOC-005,Apartment,1,SALE,725,2985000,2985000,0,2026-05-04,2026-06-15,2026-07-05,REMOVED,443,9
LST-004708,AGT-023,LOC-031,Apartment,1,SALE,865,840000,840000,0,2026-05-04,2026-05-15,,ACTIVE,862,16
LST-004709,AGT-096,LOC-028,Townhouse,3,SALE,2520,3090000,3090000,0,2026-05-04,2026-07-04,,ACTIVE,303,4
LST-004710,AGT-054,LOC-031,Apartment,2,SALE,960,880000,880000,0,2026-05-04,2026-05-05,2026-05-26,REMOVED,146,4
LST-004711,AGT-116,LOC-018,Apartment,1,SALE,905,1145000,1080000,1,2026-05-04,2026-05-11,2026-06-06,REMOVED,51,1
LST-004712,AGT-055,LOC-027,Apartment,1,RENT,900,146000,146000,0,2026-05-04,2026-05-05,2026-05-10,REMOVED,123,3
LST-004713,AGT-047,LOC-013,Villa,6,RENT,8920,1027000,1027000,0,2026-05-04,2026-05-16,2026-05-25,EXPIRED,270,8
LST-004714,AGT-026,LOC-014,Apartment,2,RENT,1320,208000,208000,0,2026-05-04,2026-05-09,2026-06-18,REMOVED,184,3
LST-004715,AGT-038,LOC-017,Apartment,1,RENT,740,85000,79000,1,2026-05-04,2026-06-26,,ACTIVE,502,9
LST-004716,AGT-073,LOC-025,Apartment,3,SALE,1760,2720000,2625000,1,2026-05-05,2026-06-07,2026-07-10,REMOVED,215,4
LST-004717,AGT-026,LOC-026,Apartment,0,SALE,445,795000,795000,0,2026-05-05,2026-06-20,2026-07-04,EXPIRED,550,12
LST-004718,AGT-111,LOC-022,Apartment,4,SALE,3120,4690000,4480000,1,2026-05-05,2026-06-12,2026-06-16,REMOVED,191,2
LST-004719,AGT-071,LOC-032,Apartment,1,RENT,810,58000,58000,0,2026-05-05,2026-06-06,2026-06-14,EXPIRED,409,10
LST-004720,AGT-026,LOC-006,Villa,4,SALE,4905,22305000,22305000,0,2026-05-05,2026-07-11,,ACTIVE,1302,31
LST-004721,AGT-035,LOC-018,Apartment,2,SALE,1495,1740000,1705000,1,2026-05-05,2026-05-20,,ACTIVE,339,6
LST-004722,AGT-013,LOC-031,Apartment,2,SALE,1235,1325000,1220000,2,2026-05-05,2026-06-20,,ACTIVE,663,13
LST-004723,AGT-107,LOC-010,Apartment,1,RENT,885,77000,77000,0,2026-05-05,2026-05-09,2026-05-10,REMOVED,45,2
LST-004724,AGT-116,LOC-023,Apartment,0,SALE,355,540000,540000,0,2026-05-05,2026-05-15,2026-06-01,EXPIRED,183,4
LST-004725,AGT-033,LOC-005,Apartment,2,SALE,1405,6235000,5640000,2,2026-05-05,2026-07-08,,ACTIVE,360,5
LST-004726,AGT-028,LOC-019,Apartment,2,SALE,1135,1070000,1070000,0,2026-05-06,2026-05-15,2026-06-27,REMOVED,268,7
LST-004727,AGT-064,LOC-014,Apartment,1,SALE,750,1910000,1910000,0,2026-05-06,2026-06-06,2026-06-21,REMOVED,367,5
LST-004728,AGT-102,LOC-023,Apartment,1,RENT,750,96000,96000,0,2026-05-06,2026-05-06,2026-05-14,REMOVED,72,1
LST-004729,AGT-080,LOC-023,Apartment,1,SALE,625,900000,900000,0,2026-05-06,2026-08-16,,ACTIVE,712,14
LST-004730,AGT-032,LOC-010,Apartment,3,RENT,2195,247000,240000,1,2026-05-06,2026-05-22,2026-06-12,EXPIRED,84,1
LST-004731,AGT-024,LOC-011,Apartment,1,SALE,680,895000,895000,0,2026-05-06,2026-05-31,2026-06-28,REMOVED,399,18
LST-004732,AGT-089,LOC-001,Apartment,2,SALE,1375,3025000,3025000,0,2026-05-06,2026-07-26,2026-07-29,EXPIRED,903,22
LST-004733,AGT-072,LOC-004,Apartment,1,SALE,675,2110000,2110000,0,2026-05-06,2026-07-12,2026-07-17,REMOVED,398,10
LST-004734,AGT-107,LOC-023,Apartment,3,RENT,1905,156000,156000,0,2026-05-06,2026-05-21,2026-05-26,EXPIRED,366,14
LST-004735,AGT-082,LOC-020,Townhouse,4,RENT,3180,281000,281000,0,2026-05-06,2026-05-15,2026-05-20,REMOVED,95,2
LST-004736,AGT-018,LOC-002,Apartment,1,SALE,615,1430000,1430000,0,2026-05-06,2026-05-12,2026-05-17,EXPIRED,138,3
LST-004737,AGT-102,LOC-020,Apartment,2,SALE,1245,1525000,1525000,0,2026-05-06,2026-05-29,2026-07-12,REMOVED,306,6
LST-004738,AGT-005,LOC-027,Villa,4,RENT,4710,665000,665000,0,2026-05-06,2026-05-13,2026-06-18,EXPIRED,583,17
LST-004739,AGT-001,LOC-008,Apartment,1,SALE,895,1415000,1415000,0,2026-05-06,2026-06-20,2026-07-09,EXPIRED,639,28
LST-004740,AGT-101,LOC-018,Apartment,3,RENT,2195,147000,147000,0,2026-05-06,2026-05-08,,ACTIVE,573,14
LST-004741,AGT-067,LOC-020,Apartment,1,SALE,655,1070000,995000,1,2026-05-06,2026-08-22,,ACTIVE,387,5
LST-004742,AGT-063,LOC-033,Apartment,2,SALE,1030,1015000,1015000,0,2026-05-06,2026-05-07,2026-05-15,REMOVED,108,5
LST-004743,AGT-118,LOC-027,Apartment,0,SALE,375,1460000,1460000,0,2026-05-06,2026-06-10,,ACTIVE,900,17
LST-004744,AGT-091,LOC-011,Apartment,0,SALE,330,565000,565000,0,2026-05-06,2026-06-12,,ACTIVE,465,12
LST-004745,AGT-035,LOC-024,Apartment,0,SALE,440,725000,675000,1,2026-05-06,2026-07-21,,ACTIVE,481,9
LST-004746,AGT-032,LOC-019,Apartment,0,RENT,380,31000,31000,0,2026-05-06,2026-05-06,2026-05-12,EXPIRED,27,0
LST-004747,AGT-028,LOC-001,Penthouse,3,RENT,2960,467000,467000,0,2026-05-07,2026-05-23,2026-05-26,REMOVED,302,7
LST-004748,AGT-049,LOC-001,Apartment,2,SALE,1335,2940000,2940000,0,2026-05-07,2026-07-19,2026-08-19,REMOVED,669,14
LST-004749,AGT-009,LOC-027,Apartment,2,RENT,1430,269000,251000,1,2026-05-07,2026-06-04,2026-06-17,REMOVED,401,8
LST-004750,AGT-094,LOC-003,Penthouse,3,SALE,3860,16500000,15115000,2,2026-05-07,2026-05-26,,ACTIVE,1596,30
LST-004751,AGT-011,LOC-002,Apartment,1,SALE,730,1910000,1850000,1,2026-05-07,2026-06-17,,ACTIVE,1168,27
LST-004752,AGT-074,LOC-001,Apartment,2,SALE,1400,3605000,3385000,1,2026-05-07,2026-06-19,2026-07-04,REMOVED,319,4
LST-004753,AGT-019,LOC-005,Apartment,1,RENT,690,144000,144000,0,2026-05-07,2026-05-25,2026-06-08,REMOVED,261,6
LST-004754,AGT-063,LOC-032,Apartment,0,SALE,420,440000,440000,0,2026-05-07,2026-05-26,2026-06-02,REMOVED,200,5
LST-004755,AGT-024,LOC-005,Apartment,1,SALE,815,3225000,3225000,0,2026-05-07,2026-06-14,,ACTIVE,795,11
LST-004756,AGT-075,LOC-008,Apartment,2,RENT,950,108000,108000,0,2026-05-08,2026-05-11,2026-05-24,EXPIRED,201,4
LST-004757,AGT-116,LOC-028,Townhouse,3,SALE,1930,2135000,1970000,2,2026-05-08,2026-07-13,,ACTIVE,284,4
LST-004758,AGT-087,LOC-011,Apartment,2,RENT,1380,142000,142000,0,2026-05-08,2026-05-26,2026-05-28,EXPIRED,192,5
LST-004759,AGT-094,LOC-018,Apartment,2,RENT,1495,97000,97000,0,2026-05-08,2026-05-15,2026-05-17,REMOVED,87,3
LST-004760,AGT-110,LOC-027,Apartment,1,RENT,650,120000,120000,0,2026-05-08,2026-07-07,2026-07-23,REMOVED,1612,35
LST-004761,AGT-106,LOC-025,Townhouse,2,RENT,1850,155000,155000,0,2026-05-08,2026-05-21,2026-06-01,EXPIRED,206,4
LST-004762,AGT-018,LOC-014,Apartment,1,RENT,610,110000,110000,0,2026-05-08,2026-06-15,,ACTIVE,649,13
LST-004763,AGT-109,LOC-015,Townhouse,3,RENT,2225,200000,200000,0,2026-05-08,2026-05-13,2026-06-09,REMOVED,350,10
LST-004764,AGT-044,LOC-007,Apartment,1,SALE,945,1755000,1755000,0,2026-05-08,2026-06-06,2026-06-13,REMOVED,333,8
LST-004765,AGT-118,LOC-007,Apartment,1,RENT,890,164000,164000,0,2026-05-08,2026-05-08,2026-05-18,REMOVED,68,1
LST-004766,AGT-102,LOC-013,Villa,4,RENT,4435,528000,528000,0,2026-05-08,2026-05-08,2026-05-20,REMOVED,247,9
LST-004767,AGT-044,LOC-032,Apartment,2,RENT,1420,95000,85000,2,2026-05-08,2026-05-12,2026-06-20,REMOVED,222,4
LST-004768,AGT-059,LOC-033,Apartment,2,SALE,960,1185000,1075000,2,2026-05-08,2026-08-09,,ACTIVE,989,21
LST-004769,AGT-015,LOC-028,Villa,5,SALE,5450,5250000,5250000,0,2026-05-09,2026-05-31,2026-07-15,REMOVED,248,8
LST-004770,AGT-102,LOC-011,Apartment,0,SALE,345,590000,590000,0,2026-05-09,2026-08-03,,ACTIVE,763,22
LST-004771,AGT-097,LOC-010,Townhouse,3,RENT,2175,164000,164000,0,2026-05-09,2026-06-18,2026-06-25,REMOVED,277,9
LST-004772,AGT-019,LOC-009,Apartment,1,RENT,835,87000,87000,0,2026-05-09,2026-05-16,2026-05-19,REMOVED,58,2
LST-004773,AGT-071,LOC-032,Apartment,1,SALE,910,780000,780000,0,2026-05-09,2026-07-05,2026-07-07,EXPIRED,306,6
LST-004774,AGT-101,LOC-018,Apartment,0,SALE,510,675000,560000,3,2026-05-09,2026-07-26,,ACTIVE,550,7
LST-004775,AGT-064,LOC-023,Apartment,1,SALE,760,1070000,1070000,0,2026-05-10,2026-06-25,2026-07-24,REMOVED,591,18
LST-004776,AGT-075,LOC-011,Apartment,1,RENT,825,75000,75000,0,2026-05-10,2026-05-10,2026-05-17,REMOVED,80,3
LST-004777,AGT-048,LOC-024,Apartment,3,RENT,1515,137000,137000,0,2026-05-10,2026-06-06,2026-08-13,EXPIRED,810,18
LST-004778,AGT-017,LOC-024,Apartment,1,SALE,715,1095000,1095000,0,2026-05-10,2026-08-16,,ACTIVE,305,7
LST-004779,AGT-087,LOC-002,Apartment,2,RENT,1140,153000,153000,0,2026-05-10,2026-05-22,2026-05-24,REMOVED,158,2
LST-004780,AGT-005,LOC-018,Apartment,2,SALE,1160,975000,975000,0,2026-05-10,2026-07-26,2026-08-21,REMOVED,821,25
LST-004781,AGT-026,LOC-004,Apartment,2,RENT,1255,215000,199000,1,2026-05-10,2026-06-03,2026-06-18,REMOVED,371,9
LST-004782,AGT-059,LOC-012,Apartment,0,RENT,355,43000,43000,0,2026-05-10,2026-05-23,2026-06-02,REMOVED,238,4
LST-004783,AGT-050,LOC-014,Apartment,2,RENT,965,136000,136000,0,2026-05-10,2026-05-10,2026-05-20,EXPIRED,117,3
LST-004784,AGT-068,LOC-001,Apartment,1,SALE,640,1550000,1550000,0,2026-05-10,2026-05-10,2026-05-23,REMOVED,129,3
LST-004785,AGT-052,LOC-028,Townhouse,4,SALE,3090,3500000,3500000,0,2026-05-11,2026-06-18,,ACTIVE,305,5
LST-004786,AGT-088,LOC-026,Apartment,3,SALE,1640,2425000,2425000,0,2026-05-11,2026-05-11,2026-06-11,REMOVED,373,10
LST-004787,AGT-120,LOC-032,Apartment,3,SALE,1640,1255000,1255000,0,2026-05-11,2026-06-10,2026-08-29,EXPIRED,1033,36
LST-004788,AGT-035,LOC-011,Apartment,2,SALE,1405,2100000,2100000,0,2026-05-11,2026-07-04,2026-07-16,EXPIRED,380,8
LST-004789,AGT-059,LOC-009,Apartment,1,RENT,795,76000,76000,0,2026-05-11,2026-06-09,2026-07-01,REMOVED,373,13
LST-004790,AGT-020,LOC-019,Apartment,1,SALE,775,770000,770000,0,2026-05-11,2026-05-29,2026-07-18,REMOVED,356,8
LST-004791,AGT-098,LOC-018,Apartment,3,SALE,1625,1435000,1435000,0,2026-05-11,2026-07-28,2026-08-01,EXPIRED,597,21
LST-004792,AGT-077,LOC-026,Apartment,1,SALE,710,1485000,1450000,1,2026-05-11,2026-08-14,,ACTIVE,449,8
LST-004793,AGT-006,LOC-006,Villa,3,SALE,2850,14170000,14170000,0,2026-05-11,2026-07-08,2026-08-03,EXPIRED,1511,44
LST-004794,AGT-052,LOC-009,Apartment,2,SALE,950,1160000,1160000,0,2026-05-11,2026-06-11,2026-06-21,REMOVED,273,7
LST-004795,AGT-012,LOC-009,Apartment,2,SALE,1295,1525000,1525000,0,2026-05-11,2026-06-21,2026-06-28,REMOVED,571,13
LST-004796,AGT-017,LOC-023,Apartment,1,SALE,785,1075000,1075000,0,2026-05-11,2026-06-06,2026-07-05,REMOVED,367,10
LST-004797,AGT-095,LOC-026,Apartment,0,SALE,445,810000,810000,0,2026-05-11,2026-05-20,2026-06-15,REMOVED,290,8
LST-004798,AGT-071,LOC-030,Apartment,0,RENT,415,22000,22000,0,2026-05-11,2026-05-14,2026-05-21,REMOVED,121,4
LST-004799,AGT-045,LOC-010,Apartment,2,SALE,1485,1735000,1675000,1,2026-05-11,2026-06-15,2026-07-14,REMOVED,417,8
LST-004800,AGT-062,LOC-004,Apartment,2,SALE,950,3025000,2615000,2,2026-05-12,2026-07-16,2026-08-23,REMOVED,670,10
LST-004801,AGT-045,LOC-001,Apartment,2,SALE,980,2135000,2135000,0,2026-05-12,2026-05-18,2026-07-04,REMOVED,387,8
LST-004802,AGT-069,LOC-001,Apartment,1,SALE,615,1435000,1435000,0,2026-05-12,2026-06-09,,ACTIVE,870,19
LST-004803,AGT-077,LOC-033,Apartment,2,RENT,1165,83000,76000,2,2026-05-12,2026-07-21,2026-08-19,REMOVED,1751,35
LST-004804,AGT-045,LOC-001,Apartment,3,SALE,1685,3060000,3060000,0,2026-05-12,2026-06-06,2026-06-12,REMOVED,222,6
LST-004805,AGT-029,LOC-004,Apartment,2,SALE,1245,3175000,3175000,0,2026-05-12,2026-06-07,2026-08-08,REMOVED,1022,32
LST-004806,AGT-092,LOC-003,Apartment,1,RENT,940,180000,180000,0,2026-05-12,2026-06-22,2026-08-16,EXPIRED,1094,16
LST-004807,AGT-050,LOC-025,Villa,4,SALE,3760,5530000,5530000,0,2026-05-12,2026-05-20,2026-05-26,REMOVED,105,2
LST-004808,AGT-062,LOC-003,Apartment,2,RENT,1390,240000,240000,0,2026-05-12,2026-05-20,2026-05-28,REMOVED,207,4
LST-004809,AGT-003,LOC-011,Apartment,2,SALE,1040,1460000,1460000,0,2026-05-12,2026-06-04,2026-06-25,REMOVED,488,16
LST-004810,AGT-116,LOC-007,Apartment,2,RENT,1400,184000,184000,0,2026-05-12,2026-05-21,2026-05-21,REMOVED,128,4
LST-004811,AGT-072,LOC-025,Apartment,3,SALE,1505,1990000,1990000,0,2026-05-12,2026-07-07,2026-07-09,REMOVED,474,11
LST-004812,AGT-068,LOC-005,Penthouse,4,SALE,4310,21075000,21075000,0,2026-05-12,2026-05-21,2026-06-08,REMOVED,264,6
LST-004813,AGT-026,LOC-001,Apartment,2,SALE,1265,2825000,2690000,1,2026-05-12,2026-05-30,,ACTIVE,778,16
LST-004814,AGT-070,LOC-024,Apartment,0,RENT,450,50000,50000,0,2026-05-12,2026-08-12,2026-08-17,REMOVED,597,12
LST-004815,AGT-005,LOC-018,Apartment,1,SALE,945,915000,915000,0,2026-05-12,2026-08-28,,ACTIVE,818,23
LST-004816,AGT-055,LOC-021,Apartment,1,SALE,935,1030000,1030000,0,2026-05-12,2026-06-13,2026-07-02,REMOVED,391,10
LST-004817,AGT-115,LOC-011,Apartment,2,RENT,1225,135000,135000,0,2026-05-13,2026-08-03,,ACTIVE,466,9
LST-004818,AGT-005,LOC-018,Apartment,3,SALE,1640,2195000,2140000,1,2026-05-13,2026-08-30,,ACTIVE,134,2
LST-004819,AGT-086,LOC-019,Apartment,2,SALE,995,995000,995000,0,2026-05-13,2026-07-01,2026-07-29,REMOVED,353,5
LST-004820,AGT-088,LOC-007,Apartment,2,SALE,1240,2425000,2425000,0,2026-05-13,2026-07-28,,ACTIVE,676,20
LST-004821,AGT-076,LOC-006,Villa,4,SALE,3525,15710000,15710000,0,2026-05-13,2026-06-28,2026-07-03,REMOVED,469,18
LST-004822,AGT-022,LOC-022,Villa,5,RENT,5760,411000,411000,0,2026-05-13,2026-05-17,2026-06-21,EXPIRED,396,9
LST-004823,AGT-092,LOC-015,Villa,4,RENT,4040,351000,351000,0,2026-05-13,2026-06-13,2026-06-14,REMOVED,415,10
LST-004824,AGT-091,LOC-004,Apartment,2,SALE,1135,3130000,3130000,0,2026-05-13,2026-07-31,,ACTIVE,726,18
LST-004825,AGT-107,LOC-009,Townhouse,4,SALE,3015,3830000,3830000,0,2026-05-13,2026-05-14,2026-05-26,REMOVED,71,2
LST-004826,AGT-061,LOC-013,Villa,4,RENT,4325,627000,598000,1,2026-05-14,2026-06-02,2026-07-01,REMOVED,228,3
LST-004827,AGT-102,LOC-020,Apartment,0,SALE,360,530000,530000,0,2026-05-14,2026-05-20,2026-07-23,REMOVED,199,5
LST-004828,AGT-094,LOC-004,Penthouse,4,RENT,5175,1122000,1043000,1,2026-05-14,2026-05-20,,ACTIVE,833,12
LST-004829,AGT-062,LOC-008,Apartment,0,RENT,390,57000,57000,0,2026-05-14,2026-06-13,2026-06-13,REMOVED,216,5
LST-004830,AGT-018,LOC-001,Apartment,2,SALE,1185,2705000,2635000,1,2026-05-14,2026-05-22,2026-08-14,EXPIRED,670,10
LST-004831,AGT-109,LOC-004,Apartment,3,SALE,2045,4530000,4530000,0,2026-05-14,2026-05-29,2026-06-24,EXPIRED,645,25
LST-004832,AGT-033,LOC-013,Townhouse,2,RENT,1510,174000,174000,0,2026-05-14,2026-05-18,2026-06-28,REMOVED,729,17
LST-004833,AGT-019,LOC-019,Apartment,3,RENT,1585,116000,116000,0,2026-05-14,2026-05-21,2026-06-01,REMOVED,103,3
LST-004834,AGT-047,LOC-004,Apartment,2,SALE,965,2535000,2535000,0,2026-05-14,2026-06-25,2026-07-25,REMOVED,1843,49
LST-004835,AGT-064,LOC-013,Villa,3,SALE,3240,6265000,6265000,0,2026-05-14,2026-06-25,2026-08-04,EXPIRED,508,19
LST-004836,AGT-024,LOC-018,Apartment,1,SALE,780,865000,865000,0,2026-05-14,2026-05-15,2026-07-30,REMOVED,199,4
LST-004837,AGT-107,LOC-001,Apartment,1,RENT,695,89000,89000,0,2026-05-14,2026-06-02,2026-07-15,EXPIRED,280,6
LST-004838,AGT-040,LOC-022,Villa,6,SALE,8425,12020000,11695000,1,2026-05-14,2026-07-08,,ACTIVE,349,5
LST-004839,AGT-075,LOC-001,Apartment,1,SALE,725,1415000,1415000,0,2026-05-14,2026-06-03,,ACTIVE,1847,50
LST-004840,AGT-026,LOC-031,Apartment,4,SALE,2950,2290000,2290000,0,2026-05-14,2026-06-12,2026-07-01,REMOVED,470,11
LST-004841,AGT-102,LOC-022,Townhouse,4,RENT,2945,208000,208000,0,2026-05-15,2026-05-22,2026-07-21,REMOVED,657,18
LST-004842,AGT-069,LOC-026,Apartment,0,SALE,405,670000,670000,0,2026-05-15,2026-06-06,2026-06-27,REMOVED,438,11
LST-004843,AGT-005,LOC-007,Apartment,0,RENT,345,55000,55000,0,2026-05-15,2026-06-15,2026-07-16,REMOVED,769,20
LST-004844,AGT-095,LOC-005,Apartment,1,SALE,875,3515000,3515000,0,2026-05-15,2026-06-10,2026-06-30,REMOVED,273,4
LST-004845,AGT-028,LOC-027,Villa,5,RENT,5250,796000,796000,0,2026-05-15,2026-05-30,2026-06-08,REMOVED,203,5
LST-004846,AGT-068,LOC-002,Apartment,0,SALE,470,1345000,1345000,0,2026-05-15,2026-06-01,2026-06-25,EXPIRED,419,8
LST-004847,AGT-117,LOC-023,Apartment,2,RENT,1280,143000,132000,1,2026-05-15,2026-06-05,2026-06-15,REMOVED,96,1
LST-004848,AGT-042,LOC-006,Villa,3,SALE,2555,12805000,12805000,0,2026-05-15,2026-07-11,,ACTIVE,1171,27
LST-004849,AGT-101,LOC-014,Penthouse,3,SALE,3960,11315000,11315000,0,2026-05-15,2026-05-31,2026-07-06,EXPIRED,395,9
LST-004850,AGT-087,LOC-002,Apartment,3,SALE,1805,5180000,4825000,1,2026-05-15,2026-06-12,,ACTIVE,556,8
LST-004851,AGT-054,LOC-012,Apartment,3,RENT,1530,122000,122000,0,2026-05-15,2026-05-16,2026-05-19,REMOVED,83,2
LST-004852,AGT-075,LOC-012,Apartment,1,RENT,875,114000,114000,0,2026-05-15,2026-06-09,,ACTIVE,1004,17
LST-004853,AGT-099,LOC-022,Townhouse,3,SALE,2295,3375000,3225000,1,2026-05-15,2026-05-24,2026-07-01,REMOVED,352,7
LST-004854,AGT-035,LOC-019,Apartment,3,RENT,1615,125000,115000,1,2026-05-15,2026-07-03,2026-07-13,REMOVED,268,4
LST-004855,AGT-096,LOC-011,Apartment,3,SALE,1880,2880000,2880000,0,2026-05-15,2026-08-03,,ACTIVE,574,11
LST-004856,AGT-001,LOC-016,Villa,6,SALE,7915,11520000,11520000,0,2026-05-16,2026-08-05,,ACTIVE,563,10
LST-004857,AGT-085,LOC-003,Apartment,2,RENT,1220,190000,190000,0,2026-05-16,2026-05-25,2026-07-14,REMOVED,395,7
LST-004858,AGT-020,LOC-019,Apartment,1,RENT,685,59000,59000,0,2026-05-16,2026-05-18,2026-05-23,REMOVED,69,1
LST-004859,AGT-082,LOC-015,Villa,4,RENT,4025,394000,394000,0,2026-05-16,2026-05-17,2026-05-22,REMOVED,99,2
LST-004860,AGT-068,LOC-025,Villa,3,SALE,2745,4410000,4410000,0,2026-05-16,2026-05-24,,ACTIVE,413,8
LST-004861,AGT-033,LOC-003,Apartment,1,SALE,810,2565000,2565000,0,2026-05-16,2026-06-14,,ACTIVE,971,19
LST-004862,AGT-070,LOC-004,Apartment,1,RENT,610,95000,95000,0,2026-05-16,2026-05-24,2026-06-04,EXPIRED,318,8
LST-004863,AGT-052,LOC-025,Townhouse,3,RENT,2085,164000,164000,0,2026-05-16,2026-05-30,2026-06-01,REMOVED,148,3
LST-004864,AGT-006,LOC-020,Apartment,2,RENT,1440,157000,157000,0,2026-05-17,2026-05-21,2026-06-06,EXPIRED,205,5
LST-004865,AGT-019,LOC-001,Apartment,1,SALE,655,1265000,1265000,0,2026-05-17,2026-06-03,2026-06-10,EXPIRED,435,10
LST-004866,AGT-068,LOC-022,Townhouse,4,RENT,3325,262000,248000,1,2026-05-17,2026-05-20,2026-06-11,REMOVED,136,4
LST-004867,AGT-089,LOC-002,Apartment,1,RENT,660,89000,89000,0,2026-05-17,2026-05-17,2026-08-14,EXPIRED,1173,42
LST-004868,AGT-025,LOC-002,Apartment,3,RENT,2155,285000,285000,0,2026-05-17,2026-06-07,2026-07-06,REMOVED,540,14
LST-004869,AGT-019,LOC-033,Apartment,3,SALE,2100,2800000,2720000,1,2026-05-17,2026-06-14,2026-06-21,REMOVED,173,3
LST-004870,AGT-096,LOC-004,Apartment,2,SALE,1165,3270000,3270000,0,2026-05-17,2026-05-19,2026-06-07,EXPIRED,367,9
LST-004871,AGT-037,LOC-032,Apartment,3,SALE,1635,1485000,1485000,0,2026-05-17,2026-08-27,,ACTIVE,319,7
LST-004872,AGT-021,LOC-032,Apartment,1,SALE,910,985000,950000,1,2026-05-17,2026-06-25,2026-07-28,REMOVED,136,2
LST-004873,AGT-049,LOC-013,Villa,5,SALE,5745,11955000,11420000,1,2026-05-17,2026-06-15,2026-06-21,REMOVED,256,5
LST-004874,AGT-115,LOC-027,Villa,5,SALE,6115,17930000,17930000,0,2026-05-18,2026-07-29,,ACTIVE,727,16
LST-004875,AGT-047,LOC-002,Apartment,1,RENT,700,91000,85000,2,2026-05-18,2026-07-08,2026-07-18,REMOVED,807,23
LST-004876,AGT-071,LOC-014,Apartment,0,SALE,430,1060000,1060000,0,2026-05-18,2026-07-15,2026-08-05,EXPIRED,644,16
LST-004877,AGT-036,LOC-004,Penthouse,4,SALE,5875,22310000,21480000,1,2026-05-18,2026-05-26,2026-06-09,REMOVED,229,4
LST-004878,AGT-055,LOC-005,Apartment,2,RENT,980,167000,167000,0,2026-05-18,2026-05-30,2026-05-31,EXPIRED,391,16
LST-004879,AGT-067,LOC-018,Apartment,1,RENT,625,50000,50000,0,2026-05-18,2026-06-07,2026-06-11,EXPIRED,136,4
LST-004880,AGT-075,LOC-011,Apartment,2,SALE,1320,2060000,2060000,0,2026-05-18,2026-08-13,,ACTIVE,852,13
LST-004881,AGT-005,LOC-002,Apartment,2,SALE,1495,3620000,3345000,1,2026-05-18,2026-06-18,2026-07-15,REMOVED,592,15
LST-004882,AGT-012,LOC-009,Apartment,2,RENT,1445,162000,162000,0,2026-05-18,2026-06-07,,ACTIVE,337,5
LST-004883,AGT-067,LOC-028,Villa,6,SALE,7930,6835000,6835000,0,2026-05-18,2026-05-24,2026-07-25,REMOVED,540,18
LST-004884,AGT-070,LOC-006,Villa,3,RENT,2665,701000,701000,0,2026-05-18,2026-05-27,2026-05-29,REMOVED,146,4
LST-004885,AGT-018,LOC-009,Apartment,2,SALE,970,1030000,1030000,0,2026-05-18,2026-06-08,2026-06-08,REMOVED,210,6
LST-004886,AGT-077,LOC-026,Apartment,2,SALE,1035,1785000,1695000,1,2026-05-18,2026-06-29,2026-07-17,REMOVED,239,6
LST-004887,AGT-064,LOC-003,Penthouse,3,SALE,4075,17295000,17295000,0,2026-05-18,2026-08-12,,ACTIVE,692,16
LST-004888,AGT-012,LOC-010,Apartment,1,SALE,935,1040000,1040000,0,2026-05-18,2026-05-20,2026-06-19,REMOVED,161,6
LST-004889,AGT-038,LOC-024,Apartment,2,SALE,1075,1800000,1725000,1,2026-05-18,2026-07-23,2026-08-20,REMOVED,248,4
LST-004890,AGT-100,LOC-023,Apartment,0,SALE,395,680000,680000,0,2026-05-18,2026-06-01,2026-06-12,REMOVED,147,3
LST-004891,AGT-108,LOC-014,Apartment,3,RENT,1540,214000,214000,0,2026-05-18,2026-06-13,2026-06-17,EXPIRED,263,4
LST-004892,AGT-061,LOC-013,Villa,3,SALE,3085,7640000,7640000,0,2026-05-18,2026-05-21,,ACTIVE,318,6
LST-004893,AGT-070,LOC-033,Apartment,1,RENT,770,54000,54000,0,2026-05-18,2026-05-20,2026-05-29,EXPIRED,244,7
LST-004894,AGT-050,LOC-026,Apartment,2,RENT,1045,118000,118000,0,2026-05-18,2026-06-07,2026-06-17,REMOVED,339,10
LST-004895,AGT-017,LOC-017,Apartment,2,RENT,1135,107000,107000,0,2026-05-18,2026-05-20,2026-05-30,REMOVED,94,2
LST-004896,AGT-009,LOC-033,Apartment,1,SALE,795,920000,920000,0,2026-05-19,2026-07-19,2026-08-10,EXPIRED,418,12
LST-004897,AGT-019,LOC-029,Villa,3,SALE,2785,1815000,1720000,1,2026-05-19,2026-06-10,2026-06-13,REMOVED,93,2
LST-004898,AGT-011,LOC-030,Villa,4,SALE,3980,2040000,2040000,0,2026-05-19,2026-08-03,,ACTIVE,938,32
LST-004899,AGT-051,LOC-002,Apartment,1,RENT,945,102000,102000,0,2026-05-19,2026-06-04,2026-06-11,REMOVED,523,22
LST-004900,AGT-102,LOC-030,Villa,5,SALE,6365,3305000,3305000,0,2026-05-19,2026-07-29,2026-08-29,REMOVED,479,16
LST-004901,AGT-042,LOC-011,Apartment,1,RENT,855,82000,82000,0,2026-05-19,2026-05-30,2026-06-22,EXPIRED,373,9
LST-004902,AGT-106,LOC-007,Apartment,1,RENT,635,97000,92000,1,2026-05-19,2026-06-09,2026-06-16,REMOVED,225,6
LST-004903,AGT-088,LOC-024,Apartment,1,RENT,940,100000,100000,0,2026-05-19,2026-05-27,2026-06-01,REMOVED,83,1
LST-004904,AGT-030,LOC-022,Villa,3,RENT,2835,201000,201000,0,2026-05-20,2026-06-01,2026-06-20,EXPIRED,327,10
LST-004905,AGT-061,LOC-014,Apartment,3,SALE,2020,3480000,3480000,0,2026-05-20,2026-05-30,,ACTIVE,971,35
LST-004906,AGT-076,LOC-021,Apartment,2,SALE,1115,1150000,1080000,1,2026-05-20,2026-05-24,2026-07-24,REMOVED,409,13
LST-004907,AGT-076,LOC-021,Apartment,0,SALE,450,535000,535000,0,2026-05-20,2026-07-03,2026-07-05,REMOVED,223,5
LST-004908,AGT-025,LOC-002,Penthouse,2,SALE,2190,8360000,8360000,0,2026-05-20,2026-06-09,2026-07-09,REMOVED,328,4
LST-004909,AGT-012,LOC-002,Apartment,1,RENT,905,144000,134000,2,2026-05-20,2026-07-13,2026-07-14,REMOVED,641,11
LST-004910,AGT-116,LOC-014,Apartment,2,SALE,1180,3015000,2865000,1,2026-05-20,2026-08-29,,ACTIVE,309,5
LST-004911,AGT-118,LOC-011,Apartment,2,RENT,1500,177000,177000,0,2026-05-20,2026-06-29,2026-07-15,REMOVED,495,12
LST-004912,AGT-051,LOC-029,Apartment,2,SALE,1120,585000,585000,0,2026-05-20,2026-05-28,2026-05-30,REMOVED,125,4
LST-004913,AGT-089,LOC-002,Apartment,1,SALE,695,1780000,1780000,0,2026-05-20,2026-06-09,2026-07-11,REMOVED,354,7
LST-004914,AGT-035,LOC-025,Townhouse,3,SALE,1960,2730000,2285000,3,2026-05-21,2026-08-20,,ACTIVE,388,8
LST-004915,AGT-057,LOC-028,Villa,4,RENT,4540,340000,340000,0,2026-05-21,2026-06-24,2026-06-26,REMOVED,194,3
LST-004916,AGT-026,LOC-018,Apartment,2,RENT,1025,77000,77000,0,2026-05-21,2026-07-28,,ACTIVE,585,10
LST-004917,AGT-051,LOC-017,Apartment,3,SALE,1625,1685000,1685000,0,2026-05-21,2026-06-09,2026-07-05,EXPIRED,201,5
LST-004918,AGT-074,LOC-029,Apartment,2,SALE,1300,785000,785000,0,2026-05-21,2026-06-18,,ACTIVE,509,12
LST-004919,AGT-052,LOC-001,Apartment,0,SALE,340,840000,840000,0,2026-05-21,2026-05-31,2026-08-23,REMOVED,565,10
LST-004920,AGT-062,LOC-003,Apartment,1,RENT,905,142000,142000,0,2026-05-21,2026-05-24,2026-05-28,REMOVED,322,9
LST-004921,AGT-066,LOC-013,Villa,4,RENT,4430,614000,614000,0,2026-05-21,2026-06-23,2026-08-08,EXPIRED,554,8
LST-004922,AGT-083,LOC-033,Apartment,1,RENT,755,56000,56000,0,2026-05-21,2026-05-29,2026-05-30,EXPIRED,72,2
LST-004923,AGT-038,LOC-015,Villa,5,SALE,6865,10480000,10480000,0,2026-05-21,2026-08-10,,ACTIVE,625,16
LST-004924,AGT-026,LOC-029,Apartment,1,RENT,835,39000,39000,0,2026-05-21,2026-05-31,2026-06-08,EXPIRED,128,3
LST-004925,AGT-070,LOC-013,Villa,5,RENT,5485,735000,735000,0,2026-05-21,2026-06-26,2026-08-09,EXPIRED,403,7
LST-004926,AGT-085,LOC-010,Apartment,2,SALE,1215,1330000,1330000,0,2026-05-21,2026-05-29,2026-06-14,REMOVED,95,2
LST-004927,AGT-092,LOC-007,Apartment,0,SALE,355,815000,815000,0,2026-05-22,2026-08-03,,ACTIVE,544,12
LST-004928,AGT-005,LOC-018,Apartment,2,RENT,960,65000,65000,0,2026-05-22,2026-05-25,2026-05-26,EXPIRED,47,2
LST-004929,AGT-011,LOC-013,Villa,4,SALE,4905,9735000,9735000,0,2026-05-22,2026-06-01,2026-07-19,EXPIRED,611,15
LST-004930,AGT-087,LOC-014,Apartment,2,SALE,1325,3295000,3085000,2,2026-05-22,2026-06-03,,ACTIVE,406,6
LST-004931,AGT-107,LOC-003,Apartment,1,RENT,655,140000,135000,1,2026-05-22,2026-06-09,2026-06-13,REMOVED,355,6
LST-004932,AGT-024,LOC-010,Apartment,3,SALE,1720,2035000,2035000,0,2026-05-22,2026-07-13,2026-07-28,EXPIRED,210,4
LST-004933,AGT-100,LOC-023,Apartment,2,SALE,1165,1720000,1545000,2,2026-05-22,2026-07-01,2026-07-20,REMOVED,482,8
LST-004934,AGT-069,LOC-004,Apartment,1,RENT,770,126000,126000,0,2026-05-22,2026-07-17,2026-08-15,REMOVED,1037,34
LST-004935,AGT-005,LOC-012,Apartment,2,SALE,990,1360000,1360000,0,2026-05-22,2026-06-04,2026-08-18,REMOVED,660,17
LST-004936,AGT-107,LOC-009,Apartment,1,SALE,930,1265000,1265000,0,2026-05-22,2026-06-15,2026-06-24,REMOVED,212,4
LST-004937,AGT-119,LOC-031,Apartment,3,RENT,1505,111000,111000,0,2026-05-22,2026-06-14,2026-06-21,REMOVED,179,4
LST-004938,AGT-006,LOC-022,Apartment,1,SALE,625,845000,845000,0,2026-05-22,2026-05-28,,ACTIVE,607,16
LST-004939,AGT-035,LOC-032,Apartment,0,SALE,440,350000,350000,0,2026-05-22,2026-06-22,2026-07-23,EXPIRED,597,31
LST-004940,AGT-070,LOC-016,Villa,3,SALE,3225,5480000,5480000,0,2026-05-22,2026-07-09,,ACTIVE,433,6
LST-004941,AGT-059,LOC-017,Villa,4,SALE,4380,5355000,5355000,0,2026-05-22,2026-08-02,,ACTIVE,546,15
LST-004942,AGT-118,LOC-010,Townhouse,4,SALE,2780,3325000,2910000,3,2026-05-22,2026-06-21,2026-08-08,REMOVED,260,6
LST-004943,AGT-040,LOC-026,Apartment,2,RENT,995,118000,118000,0,2026-05-23,2026-06-08,2026-07-23,REMOVED,1070,34
LST-004944,AGT-101,LOC-001,Penthouse,2,RENT,2325,343000,343000,0,2026-05-23,2026-06-13,2026-06-16,REMOVED,357,10
LST-004945,AGT-034,LOC-018,Apartment,1,SALE,735,830000,830000,0,2026-05-23,2026-06-12,2026-06-23,REMOVED,93,2
LST-004946,AGT-057,LOC-009,Apartment,1,RENT,940,97000,92000,1,2026-05-23,2026-07-21,2026-08-08,REMOVED,285,8
LST-004947,AGT-026,LOC-007,Apartment,2,SALE,1485,3090000,3090000,0,2026-05-23,2026-05-28,2026-07-28,REMOVED,491,12
LST-004948,AGT-069,LOC-013,Townhouse,3,SALE,1950,4345000,4345000,0,2026-05-23,2026-06-27,2026-08-16,REMOVED,336,8
LST-004949,AGT-067,LOC-003,Apartment,0,SALE,455,1615000,1565000,1,2026-05-23,2026-05-28,2026-06-20,REMOVED,312,6
LST-004950,AGT-101,LOC-002,Apartment,2,SALE,1440,3130000,3130000,0,2026-05-24,2026-06-10,2026-06-21,REMOVED,491,14
LST-004951,AGT-115,LOC-023,Apartment,1,RENT,735,74000,74000,0,2026-05-24,2026-06-13,2026-07-17,EXPIRED,522,13
LST-004952,AGT-067,LOC-023,Apartment,4,SALE,2715,3650000,3650000,0,2026-05-24,2026-06-07,2026-08-18,EXPIRED,540,11
LST-004953,AGT-068,LOC-022,Villa,4,SALE,4205,5745000,5745000,0,2026-05-24,2026-05-25,2026-06-14,REMOVED,174,4
LST-004954,AGT-062,LOC-021,Apartment,3,RENT,2130,161000,154000,1,2026-05-24,2026-07-08,,ACTIVE,783,22
LST-004955,AGT-080,LOC-016,Villa,5,RENT,6665,518000,518000,0,2026-05-24,2026-07-07,2026-07-15,REMOVED,434,11
LST-004956,AGT-026,LOC-017,Apartment,2,RENT,1290,112000,112000,0,2026-05-25,2026-06-09,2026-06-12,REMOVED,116,3
LST-004957,AGT-050,LOC-017,Villa,3,SALE,3150,4240000,4090000,1,2026-05-25,2026-08-12,2026-08-13,REMOVED,354,5
LST-004958,AGT-113,LOC-027,Villa,4,RENT,4120,589000,589000,0,2026-05-25,2026-06-24,2026-07-24,REMOVED,879,19
LST-004959,AGT-033,LOC-001,Apartment,1,SALE,615,1300000,1300000,0,2026-05-25,2026-06-18,2026-07-06,EXPIRED,510,13
LST-004960,AGT-070,LOC-006,Villa,5,SALE,6000,34675000,34675000,0,2026-05-25,2026-06-13,2026-08-20,REMOVED,473,5
LST-004961,AGT-025,LOC-017,Apartment,1,RENT,825,86000,86000,0,2026-05-25,2026-06-03,2026-06-20,EXPIRED,147,2
LST-004962,AGT-087,LOC-014,Apartment,0,RENT,470,75000,75000,0,2026-05-25,2026-07-01,2026-07-29,EXPIRED,372,8
LST-004963,AGT-004,LOC-003,Apartment,0,SALE,420,1220000,1220000,0,2026-05-25,2026-06-09,2026-06-13,REMOVED,441,19
LST-004964,AGT-033,LOC-018,Apartment,2,RENT,1435,96000,96000,0,2026-05-25,2026-05-25,2026-06-01,REMOVED,64,2
LST-004965,AGT-064,LOC-002,Penthouse,5,SALE,8985,25375000,25375000,0,2026-05-25,2026-07-02,2026-07-22,EXPIRED,534,16
LST-004966,AGT-073,LOC-023,Apartment,0,SALE,370,590000,590000,0,2026-05-26,2026-08-17,,ACTIVE,542,10
LST-004967,AGT-054,LOC-012,Apartment,2,RENT,1220,140000,127000,2,2026-05-26,2026-07-04,2026-07-31,REMOVED,262,4
LST-004968,AGT-020,LOC-021,Apartment,1,RENT,945,93000,93000,0,2026-05-26,2026-05-28,2026-06-01,EXPIRED,42,1
LST-004969,AGT-090,LOC-002,Penthouse,3,SALE,3960,11475000,11475000,0,2026-05-26,2026-07-15,,ACTIVE,1853,56
LST-004970,AGT-075,LOC-018,Apartment,1,RENT,845,71000,71000,0,2026-05-26,2026-06-16,2026-06-16,REMOVED,134,3
LST-004971,AGT-109,LOC-031,Apartment,2,RENT,1190,110000,105000,1,2026-05-26,2026-06-11,2026-06-28,EXPIRED,97,1
LST-004972,AGT-070,LOC-005,Apartment,2,SALE,1105,3765000,3765000,0,2026-05-26,2026-08-03,,ACTIVE,1118,28
LST-004973,AGT-050,LOC-031,Apartment,1,SALE,755,815000,790000,1,2026-05-26,2026-06-21,2026-07-29,REMOVED,190,3
LST-004974,AGT-070,LOC-001,Apartment,2,SALE,1085,2395000,2205000,1,2026-05-26,2026-08-03,2026-08-30,EXPIRED,754,11
LST-004975,AGT-005,LOC-002,Apartment,2,RENT,1140,130000,130000,0,2026-05-27,2026-05-28,2026-06-10,EXPIRED,176,5
LST-004976,AGT-068,LOC-005,Apartment,1,SALE,870,3480000,3480000,0,2026-05-27,2026-05-27,2026-06-13,REMOVED,108,2
LST-004977,AGT-013,LOC-007,Apartment,3,RENT,1570,237000,237000,0,2026-05-27,2026-05-30,2026-05-30,REMOVED,32,0
LST-004978,AGT-102,LOC-017,Villa,6,RENT,8020,598000,551000,1,2026-05-27,2026-06-20,2026-07-07,REMOVED,305,7
LST-004979,AGT-096,LOC-027,Apartment,0,SALE,440,1370000,1370000,0,2026-05-27,2026-06-12,,ACTIVE,1024,34
LST-004980,AGT-028,LOC-027,Apartment,2,RENT,1445,221000,221000,0,2026-05-27,2026-06-08,,ACTIVE,834,17
LST-004981,AGT-004,LOC-033,Apartment,1,RENT,710,51000,51000,0,2026-05-27,2026-06-01,2026-06-16,REMOVED,267,7
LST-004982,AGT-035,LOC-017,Villa,5,SALE,6465,9195000,8535000,1,2026-05-27,2026-06-26,,ACTIVE,278,5
LST-004983,AGT-019,LOC-013,Villa,4,RENT,4390,473000,473000,0,2026-05-27,2026-05-28,2026-06-18,EXPIRED,477,18
LST-004984,AGT-092,LOC-001,Apartment,4,RENT,2250,232000,232000,0,2026-05-27,2026-06-18,2026-08-21,REMOVED,579,15
LST-004985,AGT-023,LOC-001,Apartment,2,SALE,1110,2300000,2165000,1,2026-05-27,2026-06-13,2026-06-28,REMOVED,192,6
LST-004986,AGT-035,LOC-032,Apartment,3,SALE,1530,1095000,1095000,0,2026-05-27,2026-06-27,2026-07-07,EXPIRED,382,12
LST-004987,AGT-068,LOC-030,Villa,3,RENT,3385,148000,148000,0,2026-05-27,2026-07-09,2026-07-18,EXPIRED,273,7
LST-004988,AGT-011,LOC-008,Apartment,0,RENT,340,44000,44000,0,2026-05-27,2026-06-09,2026-06-15,REMOVED,293,10
LST-004989,AGT-024,LOC-005,Apartment,1,RENT,790,224000,211000,1,2026-05-27,2026-06-11,,ACTIVE,612,5
LST-004990,AGT-044,LOC-003,Penthouse,3,SALE,3050,13335000,12375000,1,2026-05-28,2026-06-03,2026-06-20,REMOVED,201,3
LST-004991,AGT-050,LOC-020,Apartment,2,RENT,1035,137000,137000,0,2026-05-28,2026-06-02,2026-06-19,REMOVED,102,1
LST-004992,AGT-070,LOC-015,Villa,4,SALE,4870,7075000,7075000,0,2026-05-28,2026-06-05,2026-06-30,REMOVED,417,14
LST-004993,AGT-019,LOC-013,Townhouse,3,RENT,2675,336000,336000,0,2026-05-28,2026-08-15,,ACTIVE,722,12
LST-004994,AGT-057,LOC-025,Apartment,2,RENT,1350,114000,114000,0,2026-05-28,2026-06-01,2026-06-30,REMOVED,616,19
LST-004995,AGT-042,LOC-004,Apartment,2,SALE,1025,2505000,2505000,0,2026-05-28,2026-06-26,,ACTIVE,1442,55
LST-004996,AGT-017,LOC-007,Apartment,1,RENT,855,129000,129000,0,2026-05-28,2026-05-30,2026-06-07,REMOVED,90,2
LST-004997,AGT-038,LOC-023,Apartment,2,RENT,1325,135000,135000,0,2026-05-28,2026-05-29,2026-06-19,EXPIRED,263,7
LST-004998,AGT-045,LOC-009,Townhouse,3,SALE,2450,3595000,3155000,2,2026-05-28,2026-06-09,2026-07-29,REMOVED,283,4
LST-004999,AGT-044,LOC-024,Apartment,0,RENT,490,48000,48000,0,2026-05-28,2026-06-22,2026-07-10,REMOVED,244,6
LST-005000,AGT-069,LOC-029,Apartment,1,SALE,810,580000,500000,3,2026-05-28,2026-07-22,,ACTIVE,469,7
LST-005001,AGT-017,LOC-019,Apartment,1,SALE,730,765000,745000,1,2026-05-28,2026-06-07,,ACTIVE,464,8
LST-005002,AGT-035,LOC-022,Apartment,2,RENT,1425,117000,117000,0,2026-05-28,2026-07-20,,ACTIVE,1399,40
LST-005003,AGT-024,LOC-014,Apartment,0,RENT,355,59000,58000,1,2026-05-28,2026-06-17,2026-08-07,REMOVED,641,14
LST-005004,AGT-064,LOC-003,Apartment,0,RENT,490,91000,91000,0,2026-05-28,2026-06-16,2026-07-17,EXPIRED,329,5
LST-005005,AGT-022,LOC-028,Townhouse,3,SALE,2025,1885000,1885000,0,2026-05-28,2026-06-25,2026-07-24,REMOVED,525,17
LST-005006,AGT-056,LOC-009,Apartment,2,SALE,1250,1440000,1440000,0,2026-05-28,2026-07-17,2026-07-26,REMOVED,385,9
LST-005007,AGT-092,LOC-025,Townhouse,4,SALE,3000,3815000,3815000,0,2026-05-29,2026-05-31,2026-07-18,REMOVED,395,10
LST-005008,AGT-098,LOC-018,Apartment,3,SALE,1870,1915000,1915000,0,2026-05-29,2026-06-11,2026-06-11,REMOVED,65,1
LST-005009,AGT-059,LOC-023,Apartment,2,RENT,1030,118000,112000,1,2026-05-29,2026-08-15,2026-08-23,REMOVED,526,6
LST-005010,AGT-069,LOC-008,Apartment,2,SALE,1165,2100000,2100000,0,2026-05-29,2026-07-18,,ACTIVE,489,14
LST-005011,AGT-077,LOC-002,Penthouse,2,SALE,1980,7020000,7020000,0,2026-05-29,2026-08-01,2026-08-08,EXPIRED,685,15
LST-005012,AGT-051,LOC-016,Villa,7,RENT,12795,994000,994000,0,2026-05-29,2026-06-07,2026-06-13,REMOVED,164,5
LST-005013,AGT-050,LOC-013,Townhouse,4,SALE,3320,7730000,7730000,0,2026-05-29,2026-06-11,2026-06-11,REMOVED,78,1
LST-005014,AGT-019,LOC-025,Villa,3,RENT,2825,257000,246000,1,2026-05-29,2026-06-16,2026-06-22,REMOVED,434,13
LST-005015,AGT-025,LOC-001,Apartment,2,RENT,1230,124000,124000,0,2026-05-29,2026-06-02,2026-07-12,REMOVED,518,15
LST-005016,AGT-117,LOC-019,Apartment,1,SALE,710,845000,695000,3,2026-05-29,2026-07-31,,ACTIVE,340,5
LST-005017,AGT-059,LOC-024,Apartment,2,SALE,1465,2040000,2040000,0,2026-05-29,2026-06-04,2026-06-06,EXPIRED,63,1
LST-005018,AGT-027,LOC-023,Apartment,0,SALE,345,595000,595000,0,2026-05-29,2026-08-12,,ACTIVE,593,11
LST-005019,AGT-024,LOC-010,Apartment,3,SALE,1545,1925000,1925000,0,2026-05-29,2026-06-19,2026-08-27,REMOVED,344,5
LST-005020,AGT-012,LOC-028,Townhouse,3,SALE,2070,2200000,2200000,0,2026-05-30,2026-06-06,,ACTIVE,324,5
LST-005021,AGT-005,LOC-012,Apartment,2,RENT,1480,154000,154000,0,2026-05-30,2026-06-01,2026-06-20,REMOVED,211,5
LST-005022,AGT-086,LOC-025,Villa,5,SALE,5565,8470000,7540000,2,2026-05-30,2026-07-07,,ACTIVE,418,9
LST-005023,AGT-002,LOC-007,Apartment,3,SALE,2040,4030000,4030000,0,2026-05-30,2026-06-03,2026-07-23,REMOVED,204,3
LST-005024,AGT-096,LOC-001,Apartment,2,RENT,1150,134000,134000,0,2026-05-30,2026-06-03,2026-07-16,REMOVED,518,9
LST-005025,AGT-022,LOC-002,Apartment,1,RENT,810,115000,115000,0,2026-05-31,2026-05-31,2026-06-11,REMOVED,207,4
LST-005026,AGT-035,LOC-024,Apartment,4,SALE,2980,3545000,3545000,0,2026-05-31,2026-06-12,2026-06-23,EXPIRED,154,4
LST-005027,AGT-062,LOC-003,Apartment,1,RENT,895,168000,168000,0,2026-05-31,2026-05-31,2026-06-07,REMOVED,172,3
LST-005028,AGT-020,LOC-019,Apartment,2,RENT,1285,103000,103000,0,2026-05-31,2026-06-12,2026-06-12,REMOVED,104,3
LST-005029,AGT-070,LOC-017,Apartment,2,RENT,1235,135000,135000,0,2026-06-01,2026-06-07,2026-06-11,EXPIRED,83,2
LST-005030,AGT-017,LOC-010,Apartment,2,RENT,1245,142000,135000,1,2026-06-01,2026-06-18,2026-06-26,REMOVED,93,2
LST-005031,AGT-023,LOC-031,Apartment,4,RENT,3020,200000,200000,0,2026-06-01,2026-06-06,2026-06-08,REMOVED,119,4
LST-005032,AGT-035,LOC-005,Penthouse,3,SALE,2895,12365000,12365000,0,2026-06-01,2026-07-16,,ACTIVE,691,24
LST-005033,AGT-104,LOC-014,Apartment,2,SALE,955,2200000,2200000,0,2026-06-01,2026-06-05,2026-06-07,EXPIRED,39,1
LST-005034,AGT-014,LOC-031,Apartment,1,SALE,755,790000,790000,0,2026-06-01,2026-06-01,2026-06-20,REMOVED,111,2
LST-005035,AGT-030,LOC-026,Apartment,2,SALE,1395,2355000,2280000,1,2026-06-01,2026-07-07,2026-07-10,REMOVED,287,6
LST-005036,AGT-035,LOC-005,Apartment,1,SALE,640,2385000,2205000,1,2026-06-01,2026-08-29,,ACTIVE,781,13
LST-005037,AGT-059,LOC-023,Apartment,1,RENT,610,79000,77000,1,2026-06-01,2026-07-31,,ACTIVE,729,15
LST-005038,AGT-104,LOC-015,Villa,3,SALE,2925,3795000,3795000,0,2026-06-02,2026-06-10,2026-06-13,REMOVED,224,7
LST-005039,AGT-057,LOC-028,Townhouse,3,RENT,2265,174000,174000,0,2026-06-02,2026-06-13,2026-06-22,REMOVED,192,5
LST-005040,AGT-001,LOC-009,Apartment,2,RENT,995,94000,94000,0,2026-06-02,2026-06-06,2026-06-07,EXPIRED,65,1
LST-005041,AGT-017,LOC-012,Apartment,0,SALE,440,835000,835000,0,2026-06-02,2026-08-20,,ACTIVE,560,10
LST-005042,AGT-021,LOC-003,Apartment,0,RENT,350,62000,56000,2,2026-06-02,2026-07-19,,ACTIVE,522,11
LST-005043,AGT-038,LOC-006,Villa,5,SALE,6345,27635000,27635000,0,2026-06-02,2026-06-03,2026-08-06,REMOVED,585,18
LST-005044,AGT-048,LOC-025,Townhouse,3,SALE,2610,3460000,3460000,0,2026-06-02,2026-06-20,2026-07-04,EXPIRED,202,6
LST-005045,AGT-045,LOC-022,Townhouse,2,SALE,1625,2680000,2520000,1,2026-06-03,2026-06-23,2026-07-10,EXPIRED,140,2
LST-005046,AGT-067,LOC-001,Apartment,2,RENT,1460,182000,165000,2,2026-06-03,2026-06-17,2026-08-12,EXPIRED,364,4
LST-005047,AGT-012,LOC-011,Apartment,2,RENT,1160,116000,116000,0,2026-06-03,2026-06-13,2026-06-17,REMOVED,166,3
LST-005048,AGT-016,LOC-001,Apartment,2,SALE,1215,2335000,2170000,1,2026-06-03,2026-07-07,,ACTIVE,1248,32
LST-005049,AGT-117,LOC-019,Apartment,2,RENT,1495,103000,103000,0,2026-06-03,2026-06-15,2026-07-16,REMOVED,780,21
LST-005050,AGT-010,LOC-009,Apartment,3,RENT,1640,139000,139000,0,2026-06-03,2026-08-14,2026-08-17,REMOVED,519,11
LST-005051,AGT-011,LOC-019,Apartment,2,SALE,1345,1395000,1305000,1,2026-06-03,2026-08-14,,ACTIVE,237,5
LST-005052,AGT-051,LOC-004,Apartment,2,SALE,1380,3505000,3505000,0,2026-06-03,2026-06-12,2026-07-04,EXPIRED,328,9
LST-005053,AGT-062,LOC-023,Apartment,0,SALE,400,685000,670000,1,2026-06-03,2026-06-18,2026-07-04,REMOVED,178,3
LST-005054,AGT-028,LOC-018,Apartment,1,SALE,910,1055000,1055000,0,2026-06-03,2026-07-06,2026-08-16,REMOVED,335,5
LST-005055,AGT-104,LOC-020,Apartment,2,SALE,1420,2000000,2000000,0,2026-06-03,2026-06-25,2026-08-18,REMOVED,373,5
LST-005056,AGT-008,LOC-022,Villa,5,SALE,5740,7835000,7835000,0,2026-06-04,2026-07-05,,ACTIVE,613,12
LST-005057,AGT-045,LOC-010,Apartment,1,SALE,860,1370000,1280000,1,2026-06-04,2026-07-15,,ACTIVE,135,1
LST-005058,AGT-017,LOC-023,Apartment,2,SALE,1335,2390000,2390000,0,2026-06-04,2026-07-28,,ACTIVE,215,3
LST-005059,AGT-015,LOC-014,Apartment,3,RENT,1505,193000,187000,1,2026-06-04,2026-06-11,2026-06-29,REMOVED,280,7
LST-005060,AGT-102,LOC-024,Apartment,1,SALE,940,1480000,1480000,0,2026-06-04,2026-08-30,,ACTIVE,325,5
LST-005061,AGT-020,LOC-019,Apartment,2,SALE,1395,1310000,1310000,0,2026-06-04,2026-07-03,2026-08-07,REMOVED,531,10
LST-005062,AGT-019,LOC-018,Apartment,2,SALE,1315,1540000,1450000,1,2026-06-04,2026-07-01,2026-07-13,REMOVED,85,1
LST-005063,AGT-119,LOC-022,Villa,4,SALE,4390,6590000,6395000,1,2026-06-04,2026-06-08,,ACTIVE,402,8
LST-005064,AGT-040,LOC-008,Apartment,1,RENT,875,141000,132000,1,2026-06-04,2026-06-25,2026-07-11,REMOVED,232,2
LST-005065,AGT-017,LOC-024,Apartment,0,RENT,395,35000,35000,0,2026-06-04,2026-07-10,,ACTIVE,1028,28
LST-005066,AGT-023,LOC-025,Villa,3,SALE,3185,4880000,4880000,0,2026-06-05,2026-08-12,,ACTIVE,288,7
LST-005067,AGT-019,LOC-014,Apartment,4,SALE,2915,6465000,6465000,0,2026-06-05,2026-06-10,,ACTIVE,496,9
LST-005068,AGT-004,LOC-031,Apartment,1,RENT,630,57000,57000,0,2026-06-05,2026-07-17,2026-07-18,EXPIRED,206,4
LST-005069,AGT-038,LOC-002,Apartment,1,SALE,640,1540000,1540000,0,2026-06-05,2026-08-17,,ACTIVE,939,21
LST-005070,AGT-055,LOC-003,Apartment,2,RENT,1185,219000,219000,0,2026-06-05,2026-07-17,2026-08-15,REMOVED,757,15
LST-005071,AGT-118,LOC-016,Villa,5,RENT,6855,563000,563000,0,2026-06-05,2026-06-25,2026-07-11,REMOVED,385,10
LST-005072,AGT-064,LOC-003,Apartment,3,SALE,1750,5515000,5260000,1,2026-06-05,2026-07-25,2026-07-29,EXPIRED,450,11
LST-005073,AGT-102,LOC-016,Villa,3,SALE,2710,4515000,4260000,1,2026-06-05,2026-07-03,2026-07-26,REMOVED,256,6
LST-005074,AGT-035,LOC-016,Villa,5,RENT,5970,522000,522000,0,2026-06-05,2026-07-14,,ACTIVE,598,11
LST-005075,AGT-119,LOC-002,Apartment,0,SALE,500,1630000,1630000,0,2026-06-06,2026-08-27,,ACTIVE,347,4
LST-005076,AGT-038,LOC-010,Townhouse,3,SALE,2050,2280000,2280000,0,2026-06-06,2026-07-02,2026-07-17,REMOVED,305,8
LST-005077,AGT-073,LOC-020,Apartment,1,RENT,865,101000,101000,0,2026-06-06,2026-06-08,2026-07-29,REMOVED,536,9
LST-005078,AGT-035,LOC-003,Apartment,2,SALE,1310,5565000,5565000,0,2026-06-06,2026-08-29,,ACTIVE,164,2
LST-005079,AGT-033,LOC-003,Apartment,1,SALE,740,2165000,2165000,0,2026-06-06,2026-06-20,2026-07-15,REMOVED,287,7
LST-005080,AGT-068,LOC-008,Penthouse,4,SALE,5230,12240000,12240000,0,2026-06-06,2026-06-27,2026-06-28,EXPIRED,138,4
LST-005081,AGT-037,LOC-029,Apartment,2,SALE,1450,765000,765000,0,2026-06-06,2026-06-06,2026-06-10,REMOVED,71,3
LST-005082,AGT-062,LOC-020,Apartment,1,SALE,635,760000,760000,0,2026-06-07,2026-06-14,2026-08-25,REMOVED,425,13
LST-005083,AGT-102,LOC-013,Villa,6,SALE,7560,14500000,14500000,0,2026-06-07,2026-06-12,2026-07-09,REMOVED,219,4
LST-005084,AGT-115,LOC-010,Apartment,2,SALE,1380,1585000,1585000,0,2026-06-07,2026-07-29,2026-08-13,REMOVED,263,5
LST-005085,AGT-052,LOC-020,Apartment,2,SALE,1095,1250000,1250000,0,2026-06-07,2026-07-22,2026-08-12,EXPIRED,493,14
LST-005086,AGT-092,LOC-016,Villa,3,SALE,2840,4170000,4170000,0,2026-06-07,2026-07-23,,ACTIVE,937,27
LST-005087,AGT-051,LOC-005,Apartment,1,RENT,835,138000,138000,0,2026-06-07,2026-06-18,2026-06-20,REMOVED,287,13
LST-005088,AGT-100,LOC-004,Apartment,3,SALE,1880,4835000,4835000,0,2026-06-07,2026-07-31,,ACTIVE,895,19
LST-005089,AGT-102,LOC-026,Apartment,2,SALE,1430,2405000,2080000,3,2026-06-08,2026-07-04,2026-08-18,REMOVED,667,11
LST-005090,AGT-091,LOC-014,Apartment,2,RENT,1100,156000,156000,0,2026-06-08,2026-06-24,2026-06-30,REMOVED,158,4
LST-005091,AGT-023,LOC-004,Apartment,2,RENT,1185,212000,212000,0,2026-06-08,2026-06-27,2026-06-28,REMOVED,109,1
LST-005092,AGT-093,LOC-019,Apartment,3,SALE,1880,1770000,1770000,0,2026-06-08,2026-06-08,2026-06-21,REMOVED,57,1
LST-005093,AGT-102,LOC-016,Villa,6,RENT,7405,562000,562000,0,2026-06-08,2026-06-26,,ACTIVE,722,18
LST-005094,AGT-061,LOC-014,Apartment,0,RENT,355,54000,54000,0,2026-06-08,2026-07-28,2026-08-29,REMOVED,577,15
LST-005095,AGT-018,LOC-003,Apartment,3,RENT,1905,242000,242000,0,2026-06-08,2026-07-15,,ACTIVE,1116,37
LST-005096,AGT-074,LOC-008,Penthouse,3,SALE,2820,7335000,7335000,0,2026-06-08,2026-08-23,2026-08-31,REMOVED,496,8
LST-005097,AGT-087,LOC-012,Apartment,2,RENT,1080,102000,102000,0,2026-06-08,2026-07-21,2026-08-12,EXPIRED,612,19
LST-005098,AGT-054,LOC-031,Apartment,3,SALE,1620,1580000,1580000,0,2026-06-08,2026-07-04,2026-08-14,REMOVED,368,8
LST-005099,AGT-117,LOC-019,Apartment,1,RENT,740,62000,62000,0,2026-06-09,2026-06-14,2026-06-28,REMOVED,124,3
LST-005100,AGT-064,LOC-014,Apartment,2,RENT,1305,249000,239000,1,2026-06-09,2026-08-25,,ACTIVE,269,3
LST-005101,AGT-107,LOC-009,Apartment,2,SALE,1215,1405000,1405000,0,2026-06-09,2026-08-02,2026-08-28,EXPIRED,732,14
LST-005102,AGT-096,LOC-015,Villa,7,RENT,9890,895000,895000,0,2026-06-09,2026-06-30,2026-07-16,EXPIRED,468,11
LST-005103,AGT-013,LOC-009,Townhouse,3,RENT,2080,178000,178000,0,2026-06-09,2026-06-19,2026-06-26,REMOVED,141,3
LST-005104,AGT-112,LOC-024,Apartment,2,RENT,1250,101000,101000,0,2026-06-09,2026-06-19,2026-06-28,REMOVED,272,7
LST-005105,AGT-083,LOC-033,Apartment,2,RENT,1285,93000,93000,0,2026-06-09,2026-06-18,,ACTIVE,833,26
LST-005106,AGT-003,LOC-005,Apartment,2,RENT,1065,227000,222000,1,2026-06-09,2026-06-24,2026-07-16,EXPIRED,335,5
LST-005107,AGT-087,LOC-007,Penthouse,2,RENT,2690,508000,508000,0,2026-06-09,2026-07-01,2026-07-09,REMOVED,395,17
LST-005108,AGT-065,LOC-026,Apartment,2,SALE,1360,2125000,2125000,0,2026-06-10,2026-07-24,2026-07-31,REMOVED,485,14
LST-005109,AGT-053,LOC-010,Apartment,2,SALE,1300,1375000,1375000,0,2026-06-10,2026-06-21,2026-06-26,REMOVED,183,4
LST-005110,AGT-030,LOC-023,Apartment,1,SALE,900,1295000,1295000,0,2026-06-10,2026-07-08,2026-08-06,EXPIRED,260,5
LST-005111,AGT-067,LOC-007,Apartment,1,SALE,855,1710000,1710000,0,2026-06-10,2026-08-13,,ACTIVE,425,13
LST-005112,AGT-118,LOC-008,Apartment,3,RENT,2015,219000,219000,0,2026-06-10,2026-06-21,2026-06-23,REMOVED,161,6
LST-005113,AGT-070,LOC-007,Apartment,3,RENT,2010,237000,237000,0,2026-06-10,2026-06-14,2026-06-15,REMOVED,81,3
LST-005114,AGT-059,LOC-016,Villa,4,SALE,4355,6700000,6700000,0,2026-06-11,2026-08-18,,ACTIVE,413,7
LST-005115,AGT-024,LOC-033,Apartment,3,RENT,2080,146000,134000,2,2026-06-11,2026-07-26,,ACTIVE,1313,25
LST-005116,AGT-025,LOC-001,Apartment,2,SALE,1455,2990000,2990000,0,2026-06-11,2026-06-20,2026-06-27,REMOVED,176,3
LST-005117,AGT-036,LOC-019,Apartment,2,RENT,1215,77000,77000,0,2026-06-11,2026-06-16,2026-06-28,REMOVED,212,6
LST-005118,AGT-077,LOC-025,Townhouse,5,RENT,3960,258000,258000,0,2026-06-11,2026-06-13,2026-06-26,REMOVED,326,12
LST-005119,AGT-118,LOC-010,Apartment,3,SALE,1870,2270000,2270000,0,2026-06-11,2026-07-09,,ACTIVE,432,8
LST-005120,AGT-017,LOC-001,Apartment,2,SALE,1330,2625000,2625000,0,2026-06-11,2026-07-13,2026-07-26,EXPIRED,423,9
LST-005121,AGT-107,LOC-009,Apartment,1,SALE,905,1225000,1180000,1,2026-06-11,2026-06-12,,ACTIVE,267,5
LST-005122,AGT-103,LOC-013,Townhouse,3,SALE,1925,4510000,4510000,0,2026-06-11,2026-06-11,,ACTIVE,140,2
LST-005123,AGT-061,LOC-018,Apartment,1,SALE,755,900000,770000,3,2026-06-11,2026-07-18,,ACTIVE,282,5
LST-005124,AGT-117,LOC-008,Apartment,2,RENT,1300,166000,166000,0,2026-06-11,2026-07-02,2026-07-11,EXPIRED,227,6
LST-005125,AGT-051,LOC-017,Villa,3,RENT,3410,291000,265000,2,2026-06-11,2026-06-23,2026-07-30,REMOVED,216,3
LST-005126,AGT-070,LOC-004,Apartment,3,RENT,1695,240000,240000,0,2026-06-11,2026-06-11,2026-06-25,REMOVED,235,7
LST-005127,AGT-051,LOC-017,Apartment,3,SALE,1860,1820000,1820000,0,2026-06-11,2026-06-14,2026-06-20,EXPIRED,101,2
LST-005128,AGT-008,LOC-014,Apartment,3,RENT,1890,298000,298000,0,2026-06-11,2026-07-16,2026-07-24,REMOVED,133,2
LST-005129,AGT-060,LOC-026,Apartment,2,SALE,1110,1795000,1795000,0,2026-06-12,2026-06-26,2026-07-21,EXPIRED,330,8
LST-005130,AGT-005,LOC-029,Villa,4,SALE,4740,2850000,2665000,1,2026-06-12,2026-07-29,,ACTIVE,613,18
LST-005131,AGT-107,LOC-009,Apartment,2,SALE,1260,1850000,1810000,1,2026-06-12,2026-08-16,,ACTIVE,253,4
LST-005132,AGT-049,LOC-031,Apartment,0,RENT,480,45000,42000,1,2026-06-12,2026-06-16,2026-08-06,REMOVED,278,7
LST-005133,AGT-075,LOC-006,Villa,7,SALE,9790,39245000,39245000,0,2026-06-12,2026-06-12,2026-06-25,REMOVED,203,7
LST-005134,AGT-055,LOC-009,Apartment,0,RENT,415,41000,41000,0,2026-06-12,2026-06-16,2026-07-06,REMOVED,347,8
LST-005135,AGT-004,LOC-005,Apartment,2,RENT,985,176000,176000,0,2026-06-12,2026-06-28,2026-07-02,REMOVED,287,8
LST-005136,AGT-075,LOC-005,Apartment,1,RENT,695,147000,139000,1,2026-06-12,2026-07-15,2026-07-28,EXPIRED,390,7
LST-005137,AGT-022,LOC-007,Apartment,2,RENT,1170,151000,151000,0,2026-06-13,2026-06-25,2026-06-29,REMOVED,265,10
LST-005138,AGT-047,LOC-028,Villa,3,SALE,3005,3385000,3385000,0,2026-06-13,2026-08-30,,ACTIVE,324,8
LST-005139,AGT-003,LOC-015,Villa,5,RENT,5750,460000,460000,0,2026-06-13,2026-06-16,2026-07-18,REMOVED,724,30
LST-005140,AGT-051,LOC-011,Apartment,3,RENT,1720,147000,147000,0,2026-06-13,2026-06-25,2026-06-26,REMOVED,146,3
LST-005141,AGT-051,LOC-003,Apartment,2,SALE,1450,4210000,4210000,0,2026-06-13,2026-07-06,2026-07-12,REMOVED,207,4
LST-005142,AGT-112,LOC-010,Apartment,1,SALE,870,1040000,1040000,0,2026-06-13,2026-06-13,2026-06-28,REMOVED,95,3
LST-005143,AGT-037,LOC-031,Apartment,3,RENT,1645,114000,114000,0,2026-06-13,2026-06-21,2026-06-23,REMOVED,66,1
LST-005144,AGT-011,LOC-017,Villa,4,SALE,4465,5865000,5865000,0,2026-06-13,2026-06-26,2026-08-02,REMOVED,152,3
LST-005145,AGT-014,LOC-022,Townhouse,3,RENT,2510,171000,171000,0,2026-06-13,2026-06-16,2026-06-24,EXPIRED,272,8
LST-005146,AGT-098,LOC-032,Apartment,0,RENT,355,27000,27000,0,2026-06-13,2026-06-13,2026-06-23,REMOVED,74,3
LST-005147,AGT-118,LOC-001,Apartment,3,SALE,1675,3515000,3515000,0,2026-06-14,2026-08-28,,ACTIVE,453,10
LST-005148,AGT-111,LOC-002,Apartment,3,SALE,2155,6260000,5635000,3,2026-06-14,2026-07-14,,ACTIVE,340,5
LST-005149,AGT-101,LOC-017,Villa,4,RENT,4035,364000,364000,0,2026-06-14,2026-07-15,2026-07-26,REMOVED,275,5
LST-005150,AGT-096,LOC-006,Villa,3,SALE,3190,17405000,15305000,3,2026-06-14,2026-06-25,,ACTIVE,568,14
LST-005151,AGT-037,LOC-013,Villa,4,SALE,4400,7430000,7430000,0,2026-06-14,2026-06-20,2026-06-25,REMOVED,223,9
LST-005152,AGT-035,LOC-022,Apartment,1,RENT,645,58000,58000,0,2026-06-14,2026-06-28,2026-07-11,REMOVED,293,8
LST-005153,AGT-075,LOC-012,Apartment,1,RENT,840,120000,120000,0,2026-06-14,2026-06-15,2026-06-27,REMOVED,54,0
LST-005154,AGT-080,LOC-029,Apartment,3,SALE,1810,1055000,1055000,0,2026-06-14,2026-07-08,2026-07-24,REMOVED,500,13
LST-005155,AGT-101,LOC-020,Apartment,1,RENT,625,83000,77000,1,2026-06-14,2026-07-17,2026-08-31,REMOVED,214,4
LST-005156,AGT-004,LOC-008,Apartment,2,SALE,1190,2220000,2220000,0,2026-06-14,2026-07-28,,ACTIVE,350,9
LST-005157,AGT-017,LOC-005,Apartment,3,SALE,1915,6475000,6070000,2,2026-06-14,2026-07-26,2026-08-14,REMOVED,613,10
LST-005158,AGT-067,LOC-009,Apartment,3,SALE,2095,2055000,1995000,1,2026-06-15,2026-07-12,2026-07-20,EXPIRED,263,10
LST-005159,AGT-077,LOC-026,Apartment,2,RENT,1245,153000,153000,0,2026-06-15,2026-06-29,2026-07-03,REMOVED,109,2
LST-005160,AGT-013,LOC-013,Villa,5,SALE,5475,12050000,12050000,0,2026-06-15,2026-06-17,2026-07-14,REMOVED,215,4
LST-005161,AGT-096,LOC-007,Apartment,2,SALE,1385,2860000,2860000,0,2026-06-15,2026-06-21,2026-06-29,EXPIRED,98,2
LST-005162,AGT-019,LOC-014,Apartment,0,SALE,410,1010000,1010000,0,2026-06-15,2026-07-09,2026-07-24,EXPIRED,223,4
LST-005163,AGT-119,LOC-021,Apartment,2,SALE,1285,1485000,1340000,2,2026-06-15,2026-08-07,2026-08-12,EXPIRED,236,5
LST-005164,AGT-020,LOC-001,Penthouse,3,SALE,2885,8685000,8480000,1,2026-06-15,2026-07-05,2026-07-13,EXPIRED,250,6
LST-005165,AGT-051,LOC-004,Apartment,2,RENT,1125,172000,172000,0,2026-06-15,2026-07-14,2026-07-14,REMOVED,257,5
LST-005166,AGT-010,LOC-009,Apartment,1,SALE,650,860000,860000,0,2026-06-15,2026-07-06,2026-07-23,EXPIRED,182,3
LST-005167,AGT-062,LOC-004,Penthouse,4,RENT,4390,848000,848000,0,2026-06-15,2026-06-16,2026-07-13,REMOVED,560,18
LST-005168,AGT-035,LOC-031,Apartment,1,SALE,850,785000,785000,0,2026-06-15,2026-06-23,2026-08-25,EXPIRED,593,14
LST-005169,AGT-049,LOC-005,Apartment,1,SALE,915,3035000,3035000,0,2026-06-15,2026-06-22,2026-07-12,REMOVED,423,9
LST-005170,AGT-070,LOC-031,Apartment,1,RENT,720,54000,54000,0,2026-06-16,2026-06-20,2026-06-27,REMOVED,98,2
LST-005171,AGT-112,LOC-025,Apartment,1,RENT,840,96000,96000,0,2026-06-16,2026-06-21,2026-06-22,REMOVED,54,1
LST-005172,AGT-075,LOC-018,Apartment,2,SALE,1125,1215000,1165000,1,2026-06-16,2026-07-01,2026-07-19,REMOVED,180,3
LST-005173,AGT-045,LOC-029,Apartment,2,SALE,1440,905000,815000,2,2026-06-16,2026-07-09,,ACTIVE,412,7
LST-005174,AGT-050,LOC-008,Apartment,2,SALE,1235,1900000,1900000,0,2026-06-16,2026-07-19,2026-07-25,EXPIRED,726,29
LST-005175,AGT-005,LOC-010,Apartment,2,RENT,1110,94000,94000,0,2026-06-16,2026-06-21,2026-07-12,REMOVED,184,4
LST-005176,AGT-018,LOC-032,Apartment,2,RENT,1440,111000,111000,0,2026-06-16,2026-08-02,2026-08-27,REMOVED,396,6
LST-005177,AGT-064,LOC-001,Apartment,1,RENT,795,102000,91000,2,2026-06-16,2026-07-24,2026-08-20,REMOVED,345,7
LST-005178,AGT-076,LOC-002,Apartment,2,SALE,990,2135000,2135000,0,2026-06-16,2026-07-04,2026-07-06,REMOVED,308,9
LST-005179,AGT-033,LOC-004,Apartment,3,SALE,1865,5150000,5150000,0,2026-06-16,2026-06-20,2026-07-01,REMOVED,245,6
LST-005180,AGT-095,LOC-024,Apartment,2,RENT,1285,116000,116000,0,2026-06-16,2026-06-25,2026-07-01,REMOVED,219,6
LST-005181,AGT-018,LOC-004,Apartment,1,RENT,820,116000,116000,0,2026-06-16,2026-06-16,2026-06-24,EXPIRED,132,4
LST-005182,AGT-025,LOC-001,Apartment,0,RENT,360,43000,43000,0,2026-06-17,2026-06-29,2026-07-09,EXPIRED,393,10
LST-005183,AGT-015,LOC-031,Apartment,2,RENT,1040,90000,90000,0,2026-06-17,2026-06-29,2026-06-29,REMOVED,73,1
LST-005184,AGT-002,LOC-001,Apartment,1,RENT,720,80000,80000,0,2026-06-17,2026-06-28,2026-08-24,REMOVED,861,19
LST-005185,AGT-063,LOC-007,Apartment,2,RENT,1295,174000,174000,0,2026-06-17,2026-07-03,2026-07-03,REMOVED,120,3
LST-005186,AGT-019,LOC-019,Apartment,4,RENT,2820,227000,227000,0,2026-06-17,2026-06-19,2026-06-28,REMOVED,73,1
LST-005187,AGT-080,LOC-001,Apartment,3,RENT,1800,202000,202000,0,2026-06-17,2026-06-28,2026-07-03,EXPIRED,200,4
LST-005188,AGT-005,LOC-031,Apartment,2,RENT,1280,99000,99000,0,2026-06-17,2026-06-24,2026-07-04,REMOVED,77,2
LST-005189,AGT-076,LOC-009,Apartment,2,RENT,1035,119000,119000,0,2026-06-17,2026-06-17,2026-07-03,REMOVED,117,2
LST-005190,AGT-036,LOC-020,Apartment,4,RENT,3120,273000,273000,0,2026-06-17,2026-07-05,2026-08-06,REMOVED,482,13
LST-005191,AGT-005,LOC-012,Apartment,1,SALE,670,1035000,1035000,0,2026-06-17,2026-08-03,2026-08-26,REMOVED,582,13
LST-005192,AGT-075,LOC-019,Apartment,0,RENT,405,38000,38000,0,2026-06-17,2026-07-19,2026-08-13,EXPIRED,623,15
LST-005193,AGT-021,LOC-005,Apartment,3,RENT,2020,529000,510000,1,2026-06-17,2026-07-15,,ACTIVE,386,5
LST-005194,AGT-115,LOC-003,Apartment,3,RENT,1820,313000,298000,2,2026-06-17,2026-07-15,2026-08-04,EXPIRED,507,12
LST-005195,AGT-038,LOC-018,Apartment,2,SALE,1310,1310000,1310000,0,2026-06-17,2026-07-16,2026-07-18,EXPIRED,134,3
LST-005196,AGT-063,LOC-024,Apartment,2,RENT,1500,150000,150000,0,2026-06-17,2026-07-02,2026-07-02,REMOVED,137,3
LST-005197,AGT-111,LOC-028,Townhouse,4,RENT,3230,248000,248000,0,2026-06-17,2026-07-25,,ACTIVE,448,10
LST-005198,AGT-064,LOC-023,Apartment,4,SALE,2700,2880000,2880000,0,2026-06-17,2026-07-13,2026-07-30,REMOVED,517,23
LST-005199,AGT-115,LOC-010,Townhouse,5,SALE,3970,5075000,5075000,0,2026-06-18,2026-07-18,2026-08-12,EXPIRED,218,3
LST-005200,AGT-089,LOC-026,Apartment,2,SALE,1270,2355000,2355000,0,2026-06-18,2026-07-01,2026-07-28,REMOVED,240,4
LST-005201,AGT-024,LOC-018,Apartment,2,RENT,1100,74000,74000,0,2026-06-18,2026-07-07,2026-07-08,REMOVED,196,7
LST-005202,AGT-059,LOC-023,Apartment,3,SALE,2100,2960000,2960000,0,2026-06-18,2026-07-02,2026-07-08,REMOVED,129,2
LST-005203,AGT-013,LOC-022,Villa,4,SALE,4535,7770000,7770000,0,2026-06-18,2026-08-14,,ACTIVE,305,4
LST-005204,AGT-117,LOC-005,Apartment,1,RENT,615,119000,119000,0,2026-06-18,2026-06-20,2026-06-29,EXPIRED,127,2
LST-005205,AGT-071,LOC-032,Apartment,2,RENT,1055,88000,88000,0,2026-06-18,2026-06-20,2026-07-02,REMOVED,68,1
LST-005206,AGT-090,LOC-001,Apartment,0,SALE,480,1330000,1235000,1,2026-06-18,2026-07-04,2026-07-28,REMOVED,337,4
LST-005207,AGT-036,LOC-025,Villa,4,RENT,4050,361000,361000,0,2026-06-18,2026-06-23,2026-06-26,REMOVED,66,1
LST-005208,AGT-066,LOC-015,Villa,4,RENT,3730,383000,353000,1,2026-06-19,2026-07-24,2026-08-17,EXPIRED,219,6
LST-005209,AGT-096,LOC-014,Apartment,1,RENT,740,114000,114000,0,2026-06-19,2026-06-29,2026-07-10,REMOVED,216,6
LST-005210,AGT-102,LOC-003,Penthouse,4,SALE,4585,20230000,20230000,0,2026-06-19,2026-08-12,,ACTIVE,321,6
LST-005211,AGT-074,LOC-030,Apartment,4,SALE,2370,1085000,1085000,0,2026-06-19,2026-07-16,2026-08-09,REMOVED,397,13
LST-005212,AGT-064,LOC-004,Apartment,2,SALE,1100,3000000,3000000,0,2026-06-19,2026-07-11,2026-07-13,REMOVED,310,7
LST-005213,AGT-069,LOC-014,Apartment,1,RENT,695,104000,104000,0,2026-06-19,2026-06-19,2026-06-28,REMOVED,82,2
LST-005214,AGT-054,LOC-009,Apartment,4,RENT,3100,270000,270000,0,2026-06-19,2026-06-24,2026-06-28,REMOVED,120,3
LST-005215,AGT-104,LOC-031,Apartment,2,SALE,1355,1195000,1195000,0,2026-06-19,2026-07-07,2026-07-11,REMOVED,162,6
LST-005216,AGT-080,LOC-002,Apartment,1,RENT,640,74000,74000,0,2026-06-19,2026-06-26,2026-07-07,REMOVED,455,16
LST-005217,AGT-110,LOC-020,Townhouse,4,SALE,3430,4010000,4010000,0,2026-06-19,2026-08-06,,ACTIVE,265,9
LST-005218,AGT-005,LOC-007,Apartment,3,RENT,2115,314000,314000,0,2026-06-19,2026-06-29,2026-07-02,REMOVED,68,1
LST-005219,AGT-059,LOC-003,Apartment,2,SALE,1095,3195000,3195000,0,2026-06-19,2026-06-23,2026-07-15,REMOVED,330,10
LST-005220,AGT-016,LOC-006,Villa,4,RENT,4340,1042000,1042000,0,2026-06-19,2026-07-26,2026-08-02,REMOVED,627,19
LST-005221,AGT-061,LOC-013,Villa,3,SALE,2650,6190000,5050000,3,2026-06-19,2026-08-31,,ACTIVE,306,5
LST-005222,AGT-109,LOC-031,Apartment,1,RENT,650,71000,71000,0,2026-06-19,2026-08-07,,ACTIVE,183,2
LST-005223,AGT-086,LOC-001,Apartment,0,RENT,345,37000,37000,0,2026-06-19,2026-06-28,2026-06-28,REMOVED,272,8
LST-005224,AGT-082,LOC-013,Townhouse,3,SALE,2310,5825000,5595000,1,2026-06-19,2026-07-10,2026-07-23,REMOVED,60,1
LST-005225,AGT-090,LOC-012,Apartment,2,SALE,1495,2515000,2225000,2,2026-06-19,2026-08-29,,ACTIVE,205,3
LST-005226,AGT-073,LOC-025,Apartment,1,SALE,780,1275000,1220000,1,2026-06-20,2026-08-08,,ACTIVE,423,9
LST-005227,AGT-026,LOC-023,Apartment,2,SALE,1170,1645000,1500000,2,2026-06-20,2026-06-28,2026-08-12,REMOVED,246,5
LST-005228,AGT-045,LOC-005,Apartment,2,RENT,1285,274000,274000,0,2026-06-20,2026-07-08,2026-07-19,REMOVED,321,8
LST-005229,AGT-075,LOC-004,Apartment,2,SALE,1205,3250000,3250000,0,2026-06-20,2026-06-20,2026-07-23,REMOVED,278,9
LST-005230,AGT-027,LOC-019,Apartment,3,RENT,2080,160000,160000,0,2026-06-20,2026-08-29,,ACTIVE,319,6
LST-005231,AGT-033,LOC-016,Villa,4,SALE,3695,5965000,5965000,0,2026-06-21,2026-08-22,,ACTIVE,407,8
LST-005232,AGT-033,LOC-003,Apartment,1,SALE,890,2925000,2925000,0,2026-06-21,2026-06-28,2026-08-07,REMOVED,326,8
LST-005233,AGT-115,LOC-017,Apartment,1,SALE,950,1300000,1300000,0,2026-06-21,2026-08-09,,ACTIVE,241,5
LST-005234,AGT-029,LOC-001,Apartment,1,RENT,830,93000,93000,0,2026-06-21,2026-06-24,2026-07-06,REMOVED,252,5
LST-005235,AGT-085,LOC-028,Townhouse,3,SALE,2505,2520000,2520000,0,2026-06-21,2026-07-03,,ACTIVE,621,17
LST-005236,AGT-075,LOC-009,Townhouse,3,RENT,2620,227000,227000,0,2026-06-21,2026-06-24,2026-06-28,REMOVED,69,1
LST-005237,AGT-086,LOC-006,Villa,4,RENT,3850,1046000,1046000,0,2026-06-21,2026-06-30,2026-08-12,REMOVED,713,18
LST-005238,AGT-091,LOC-028,Villa,6,SALE,7650,7260000,7260000,0,2026-06-21,2026-07-31,2026-08-04,EXPIRED,343,6
LST-005239,AGT-060,LOC-019,Apartment,2,RENT,1225,91000,91000,0,2026-06-22,2026-07-12,2026-07-14,REMOVED,271,8
LST-005240,AGT-098,LOC-017,Townhouse,2,SALE,1470,1880000,1880000,0,2026-06-22,2026-07-10,,ACTIVE,470,9
LST-005241,AGT-062,LOC-011,Apartment,3,SALE,1520,2280000,2280000,0,2026-06-22,2026-06-26,2026-07-05,REMOVED,132,3
LST-005242,AGT-076,LOC-023,Apartment,0,SALE,440,805000,700000,2,2026-06-22,2026-08-11,2026-08-19,EXPIRED,328,5
LST-005243,AGT-063,LOC-013,Villa,5,SALE,6705,14195000,13240000,1,2026-06-22,2026-07-02,2026-08-26,EXPIRED,405,11
LST-005244,AGT-101,LOC-020,Apartment,3,SALE,2025,2925000,2835000,1,2026-06-22,2026-08-27,2026-08-30,EXPIRED,270,3
LST-005245,AGT-013,LOC-014,Penthouse,3,SALE,3780,10720000,10720000,0,2026-06-22,2026-07-03,2026-07-15,REMOVED,235,5
LST-005246,AGT-003,LOC-031,Apartment,1,RENT,690,50000,50000,0,2026-06-22,2026-07-14,2026-07-23,EXPIRED,305,10
LST-005247,AGT-064,LOC-023,Apartment,0,SALE,490,900000,840000,1,2026-06-22,2026-06-27,2026-07-15,REMOVED,94,2
LST-005248,AGT-038,LOC-001,Apartment,1,RENT,695,65000,65000,0,2026-06-22,2026-07-02,2026-07-04,REMOVED,289,11
LST-005249,AGT-059,LOC-024,Apartment,1,RENT,905,106000,102000,1,2026-06-22,2026-07-04,2026-07-27,EXPIRED,106,1
LST-005250,AGT-066,LOC-032,Apartment,2,RENT,1320,90000,90000,0,2026-06-22,2026-07-04,2026-07-09,REMOVED,121,3
LST-005251,AGT-090,LOC-027,Apartment,0,RENT,415,78000,78000,0,2026-06-22,2026-06-25,2026-06-26,REMOVED,47,1
LST-005252,AGT-087,LOC-027,Villa,6,SALE,8950,22645000,22645000,0,2026-06-22,2026-07-12,,ACTIVE,877,20
LST-005253,AGT-064,LOC-003,Apartment,0,RENT,475,75000,75000,0,2026-06-22,2026-06-27,2026-07-02,REMOVED,196,5
LST-005254,AGT-003,LOC-013,Villa,5,SALE,6680,15495000,14605000,1,2026-06-23,2026-07-13,,ACTIVE,297,4
LST-005255,AGT-001,LOC-009,Apartment,1,RENT,855,97000,97000,0,2026-06-23,2026-07-10,2026-07-13,REMOVED,123,2
LST-005256,AGT-004,LOC-007,Apartment,3,SALE,1965,3270000,3270000,0,2026-06-23,2026-08-01,2026-08-10,REMOVED,572,16
LST-005257,AGT-020,LOC-011,Apartment,2,SALE,1260,1850000,1850000,0,2026-06-23,2026-07-21,,ACTIVE,445,12
LST-005258,AGT-004,LOC-012,Apartment,2,RENT,1380,137000,137000,0,2026-06-23,2026-06-24,2026-06-26,REMOVED,42,1
LST-005259,AGT-038,LOC-030,Apartment,2,SALE,1040,585000,585000,0,2026-06-23,2026-08-16,,ACTIVE,332,8
LST-005260,AGT-035,LOC-019,Apartment,1,SALE,665,675000,675000,0,2026-06-23,2026-08-14,,ACTIVE,286,5
LST-005261,AGT-052,LOC-016,Villa,6,RENT,7430,657000,657000,0,2026-06-23,2026-07-15,2026-08-10,REMOVED,442,7
LST-005262,AGT-023,LOC-011,Apartment,2,SALE,1245,1895000,1895000,0,2026-06-23,2026-08-12,2026-08-27,REMOVED,648,11
LST-005263,AGT-054,LOC-017,Villa,3,SALE,3150,3840000,3840000,0,2026-06-23,2026-08-26,,ACTIVE,306,7
LST-005264,AGT-111,LOC-001,Apartment,0,RENT,380,41000,41000,0,2026-06-23,2026-07-01,2026-07-03,REMOVED,217,5
LST-005265,AGT-077,LOC-004,Apartment,1,SALE,650,1615000,1615000,0,2026-06-23,2026-07-08,2026-07-11,REMOVED,270,9
LST-005266,AGT-093,LOC-028,Townhouse,3,RENT,2675,176000,176000,0,2026-06-23,2026-07-07,2026-08-21,EXPIRED,424,8
LST-005267,AGT-074,LOC-002,Penthouse,4,SALE,5050,13025000,13025000,0,2026-06-24,2026-07-22,,ACTIVE,1839,71
LST-005268,AGT-057,LOC-020,Apartment,1,SALE,890,1565000,1565000,0,2026-06-24,2026-07-12,2026-07-13,REMOVED,38,0
LST-005269,AGT-108,LOC-004,Apartment,0,RENT,485,77000,77000,0,2026-06-24,2026-07-18,2026-07-20,EXPIRED,748,20
LST-005270,AGT-077,LOC-026,Apartment,2,SALE,1300,2400000,2205000,2,2026-06-24,2026-08-01,,ACTIVE,269,5
LST-005271,AGT-100,LOC-011,Apartment,1,SALE,775,1250000,1250000,0,2026-06-24,2026-07-20,2026-08-20,REMOVED,440,8
LST-005272,AGT-018,LOC-006,Villa,4,RENT,4460,1287000,1164000,2,2026-06-24,2026-08-06,,ACTIVE,448,7
LST-005273,AGT-019,LOC-006,Villa,6,RENT,8140,1669000,1669000,0,2026-06-24,2026-07-01,2026-07-14,REMOVED,170,5
LST-005274,AGT-067,LOC-009,Apartment,2,SALE,1450,1775000,1775000,0,2026-06-24,2026-08-12,,ACTIVE,224,5
LST-005275,AGT-070,LOC-019,Apartment,2,SALE,1355,1475000,1425000,1,2026-06-24,2026-07-31,2026-08-13,REMOVED,222,3
LST-005276,AGT-092,LOC-025,Apartment,2,SALE,1055,1585000,1585000,0,2026-06-24,2026-08-10,,ACTIVE,228,5
LST-005277,AGT-016,LOC-003,Apartment,1,RENT,660,123000,115000,1,2026-06-24,2026-07-13,2026-08-10,REMOVED,231,6
LST-005278,AGT-093,LOC-009,Apartment,1,SALE,905,1165000,1165000,0,2026-06-24,2026-08-04,,ACTIVE,228,6
LST-005279,AGT-053,LOC-005,Apartment,3,RENT,1730,341000,341000,0,2026-06-24,2026-07-03,2026-07-26,REMOVED,279,8
LST-005280,AGT-116,LOC-017,Townhouse,3,SALE,2460,2500000,2500000,0,2026-06-24,2026-07-14,2026-07-15,REMOVED,227,7
LST-005281,AGT-117,LOC-029,Apartment,2,SALE,1335,835000,835000,0,2026-06-24,2026-07-01,2026-07-30,REMOVED,178,5
LST-005282,AGT-038,LOC-007,Apartment,1,SALE,910,2030000,2030000,0,2026-06-24,2026-06-25,2026-07-07,REMOVED,143,2
LST-005283,AGT-026,LOC-004,Apartment,1,RENT,835,131000,131000,0,2026-06-25,2026-07-18,2026-07-24,EXPIRED,313,11
LST-005284,AGT-038,LOC-017,Villa,5,SALE,5385,6955000,6955000,0,2026-06-25,2026-07-09,,ACTIVE,226,4
LST-005285,AGT-004,LOC-004,Apartment,1,SALE,705,2465000,2465000,0,2026-06-25,2026-06-27,,ACTIVE,549,7
LST-005286,AGT-101,LOC-014,Apartment,3,RENT,1760,215000,215000,0,2026-06-25,2026-06-30,2026-07-06,REMOVED,141,4
LST-005287,AGT-017,LOC-023,Apartment,2,SALE,1260,1845000,1845000,0,2026-06-25,2026-08-27,,ACTIVE,589,10
LST-005288,AGT-026,LOC-013,Villa,6,RENT,8115,849000,849000,0,2026-06-25,2026-07-26,2026-08-25,REMOVED,574,16
LST-005289,AGT-036,LOC-001,Apartment,2,SALE,1445,3395000,3225000,1,2026-06-25,2026-07-21,,ACTIVE,479,10
LST-005290,AGT-038,LOC-017,Villa,6,SALE,8110,9720000,9720000,0,2026-06-25,2026-08-02,,ACTIVE,298,5
LST-005291,AGT-028,LOC-010,Apartment,1,SALE,600,645000,645000,0,2026-06-25,2026-07-13,2026-08-24,EXPIRED,330,7
LST-005292,AGT-098,LOC-018,Apartment,2,RENT,1165,72000,72000,0,2026-06-26,2026-06-27,2026-06-30,EXPIRED,53,2
LST-005293,AGT-101,LOC-014,Apartment,4,RENT,2510,354000,354000,0,2026-06-26,2026-07-15,2026-07-18,REMOVED,152,3
LST-005294,AGT-038,LOC-001,Apartment,2,RENT,1270,150000,150000,0,2026-06-26,2026-07-22,2026-07-30,REMOVED,343,8
LST-005295,AGT-075,LOC-023,Apartment,1,SALE,650,935000,935000,0,2026-06-26,2026-07-27,2026-08-05,EXPIRED,406,8
LST-005296,AGT-102,LOC-017,Villa,7,RENT,9850,737000,737000,0,2026-06-26,2026-08-25,,ACTIVE,360,7
LST-005297,AGT-081,LOC-001,Apartment,2,SALE,1255,2900000,2840000,1,2026-06-26,2026-08-28,,ACTIVE,331,7
LST-005298,AGT-045,LOC-002,Apartment,1,SALE,765,1795000,1795000,0,2026-06-26,2026-07-09,2026-07-15,REMOVED,227,6
LST-005299,AGT-061,LOC-016,Villa,3,SALE,3230,4740000,4740000,0,2026-06-26,2026-08-11,2026-08-20,REMOVED,515,15
LST-005300,AGT-070,LOC-011,Apartment,3,RENT,1910,215000,215000,0,2026-06-26,2026-07-07,2026-08-04,REMOVED,158,3
LST-005301,AGT-116,LOC-019,Apartment,0,SALE,430,415000,415000,0,2026-06-27,2026-07-05,2026-07-08,EXPIRED,89,2
LST-005302,AGT-080,LOC-008,Apartment,2,SALE,1440,2320000,2320000,0,2026-06-27,2026-07-03,2026-08-11,EXPIRED,731,22
LST-005303,AGT-039,LOC-024,Apartment,2,SALE,1365,1865000,1740000,1,2026-06-27,2026-08-02,2026-08-13,REMOVED,219,5
LST-005304,AGT-075,LOC-018,Apartment,0,RENT,375,30000,30000,0,2026-06-27,2026-07-14,,ACTIVE,354,8
LST-005305,AGT-003,LOC-009,Apartment,2,SALE,1025,1190000,1190000,0,2026-06-28,2026-07-21,,ACTIVE,365,8
LST-005306,AGT-019,LOC-006,Villa,5,SALE,6990,36400000,36400000,0,2026-06-28,2026-07-05,2026-07-29,REMOVED,233,3
LST-005307,AGT-051,LOC-017,Townhouse,3,SALE,2675,3265000,3125000,1,2026-06-28,2026-07-17,,ACTIVE,230,6
LST-005308,AGT-017,LOC-007,Apartment,1,RENT,895,142000,134000,1,2026-06-28,2026-07-15,2026-08-12,REMOVED,420,9
LST-005309,AGT-035,LOC-012,Apartment,0,SALE,505,915000,915000,0,2026-06-28,2026-07-16,2026-08-27,REMOVED,327,5
LST-005310,AGT-011,LOC-009,Apartment,0,SALE,385,520000,520000,0,2026-06-28,2026-07-24,2026-08-24,EXPIRED,245,4
LST-005311,AGT-060,LOC-018,Apartment,0,SALE,350,445000,405000,2,2026-06-29,2026-07-08,,ACTIVE,228,4
LST-005312,AGT-005,LOC-018,Apartment,1,SALE,660,670000,670000,0,2026-06-29,2026-07-17,2026-07-24,EXPIRED,194,4
LST-005313,AGT-064,LOC-003,Apartment,2,SALE,1005,2815000,2815000,0,2026-06-29,2026-07-05,2026-07-05,REMOVED,89,2
LST-005314,AGT-118,LOC-010,Apartment,1,SALE,855,1100000,1050000,1,2026-06-29,2026-08-19,2026-08-19,REMOVED,157,3
LST-005315,AGT-116,LOC-009,Apartment,1,SALE,925,1115000,1115000,0,2026-06-29,2026-08-01,,ACTIVE,252,6
LST-005316,AGT-011,LOC-003,Apartment,2,RENT,1325,198000,198000,0,2026-06-29,2026-08-05,,ACTIVE,835,15
LST-005317,AGT-074,LOC-002,Apartment,1,RENT,770,106000,106000,0,2026-06-29,2026-06-29,2026-07-30,REMOVED,239,4
LST-005318,AGT-071,LOC-032,Apartment,0,RENT,340,31000,31000,0,2026-06-29,2026-07-04,2026-07-24,REMOVED,109,2
LST-005319,AGT-018,LOC-016,Villa,7,RENT,11650,822000,822000,0,2026-06-29,2026-08-07,2026-08-07,REMOVED,276,6
LST-005320,AGT-102,LOC-028,Townhouse,2,RENT,1525,116000,116000,0,2026-06-29,2026-07-12,2026-07-19,REMOVED,104,2
LST-005321,AGT-030,LOC-001,Apartment,1,SALE,920,1935000,1935000,0,2026-06-30,2026-07-08,2026-07-13,EXPIRED,285,5
LST-005322,AGT-069,LOC-012,Apartment,0,RENT,465,54000,54000,0,2026-06-30,2026-07-23,2026-07-23,REMOVED,186,3
LST-005323,AGT-025,LOC-001,Penthouse,3,SALE,3300,10705000,10180000,1,2026-06-30,2026-07-05,,ACTIVE,359,7
LST-005324,AGT-040,LOC-020,Apartment,2,RENT,1430,145000,145000,0,2026-06-30,2026-07-10,2026-07-17,REMOVED,182,3
LST-005325,AGT-096,LOC-025,Townhouse,4,SALE,3235,4255000,4255000,0,2026-06-30,2026-08-24,2026-08-25,REMOVED,455,15
LST-005326,AGT-003,LOC-020,Apartment,1,RENT,805,83000,83000,0,2026-06-30,2026-07-05,2026-07-10,REMOVED,100,3
LST-005327,AGT-019,LOC-029,Villa,3,RENT,2595,99000,99000,0,2026-06-30,2026-07-20,2026-07-28,EXPIRED,155,5
LST-005328,AGT-111,LOC-014,Apartment,1,SALE,800,2345000,2210000,1,2026-06-30,2026-08-03,,ACTIVE,273,4
LST-005329,AGT-011,LOC-007,Apartment,3,SALE,1920,3945000,3570000,2,2026-06-30,2026-08-10,2026-08-23,EXPIRED,284,4
LST-005330,AGT-032,LOC-020,Townhouse,4,SALE,3245,4170000,4170000,0,2026-06-30,2026-08-29,,ACTIVE,209,4
LST-005331,AGT-012,LOC-023,Apartment,1,SALE,645,1210000,1210000,0,2026-06-30,2026-07-08,,ACTIVE,185,2
LST-005332,AGT-070,LOC-005,Apartment,0,SALE,410,1665000,1665000,0,2026-07-01,2026-07-17,,ACTIVE,732,16
LST-005333,AGT-101,LOC-009,Apartment,2,SALE,1255,1550000,1550000,0,2026-07-01,2026-08-28,,ACTIVE,350,8
LST-005334,AGT-067,LOC-009,Apartment,2,SALE,1035,1205000,1205000,0,2026-07-01,2026-07-26,2026-07-29,EXPIRED,155,4
LST-005335,AGT-096,LOC-009,Townhouse,3,SALE,1940,2525000,2525000,0,2026-07-01,2026-08-22,,ACTIVE,287,6
LST-005336,AGT-038,LOC-023,Apartment,0,SALE,365,625000,625000,0,2026-07-01,2026-07-13,2026-08-17,REMOVED,146,3
LST-005337,AGT-074,LOC-001,Apartment,3,SALE,1620,3300000,3300000,0,2026-07-01,2026-08-21,,ACTIVE,771,14
LST-005338,AGT-024,LOC-023,Apartment,1,SALE,740,1160000,1050000,2,2026-07-01,2026-08-23,,ACTIVE,236,4
LST-005339,AGT-087,LOC-009,Townhouse,3,SALE,2040,2525000,2400000,1,2026-07-01,2026-07-07,2026-07-29,EXPIRED,92,2
LST-005340,AGT-004,LOC-003,Apartment,1,SALE,870,3220000,3035000,1,2026-07-01,2026-08-27,,ACTIVE,503,10
LST-005341,AGT-043,LOC-023,Apartment,3,RENT,1540,138000,138000,0,2026-07-01,2026-07-09,2026-07-31,REMOVED,250,7
LST-005342,AGT-060,LOC-033,Apartment,2,SALE,1355,1410000,1410000,0,2026-07-01,2026-08-21,2026-08-21,REMOVED,553,17
LST-005343,AGT-061,LOC-015,Villa,5,SALE,5545,8225000,8225000,0,2026-07-01,2026-07-17,2026-08-23,EXPIRED,306,9
LST-005344,AGT-064,LOC-012,Apartment,0,RENT,455,45000,45000,0,2026-07-01,2026-07-09,2026-07-22,EXPIRED,214,6
LST-005345,AGT-096,LOC-001,Apartment,1,RENT,750,101000,101000,0,2026-07-02,2026-07-13,2026-07-15,REMOVED,122,2
LST-005346,AGT-080,LOC-010,Apartment,1,SALE,895,1010000,1010000,0,2026-07-02,2026-08-03,2026-08-06,REMOVED,357,12
LST-005347,AGT-035,LOC-032,Apartment,1,RENT,795,64000,64000,0,2026-07-02,2026-08-11,2026-08-25,REMOVED,393,9
LST-005348,AGT-063,LOC-012,Apartment,1,RENT,690,65000,65000,0,2026-07-02,2026-07-07,2026-07-07,EXPIRED,89,3
LST-005349,AGT-046,LOC-009,Apartment,0,SALE,420,540000,540000,0,2026-07-02,2026-08-22,2026-08-22,REMOVED,239,8
LST-005350,AGT-101,LOC-014,Apartment,1,SALE,750,1870000,1870000,0,2026-07-02,2026-08-09,,ACTIVE,266,5
LST-005351,AGT-115,LOC-006,Villa,5,SALE,6695,37830000,36930000,1,2026-07-02,2026-07-13,2026-08-01,REMOVED,202,4
LST-005352,AGT-030,LOC-011,Apartment,1,SALE,605,1130000,1130000,0,2026-07-02,2026-07-14,,ACTIVE,284,4
LST-005353,AGT-100,LOC-014,Penthouse,4,SALE,4505,14160000,14160000,0,2026-07-02,2026-08-02,,ACTIVE,361,6
LST-005354,AGT-101,LOC-029,Villa,4,SALE,4050,2655000,2655000,0,2026-07-02,2026-07-05,2026-07-12,EXPIRED,45,1
LST-005355,AGT-086,LOC-009,Townhouse,2,RENT,1885,149000,149000,0,2026-07-02,2026-07-20,2026-08-01,REMOVED,249,7
LST-005356,AGT-053,LOC-017,Villa,4,SALE,3520,4600000,4255000,1,2026-07-03,2026-08-08,,ACTIVE,422,10
LST-005357,AGT-047,LOC-024,Apartment,2,RENT,960,98000,92000,1,2026-07-03,2026-07-05,2026-07-28,REMOVED,124,2
LST-005358,AGT-086,LOC-017,Villa,3,RENT,2980,247000,247000,0,2026-07-03,2026-07-09,2026-08-03,REMOVED,302,7
LST-005359,AGT-070,LOC-005,Apartment,2,SALE,1035,3310000,3310000,0,2026-07-03,2026-08-02,2026-08-10,REMOVED,383,12
LST-005360,AGT-052,LOC-006,Villa,4,RENT,4160,929000,929000,0,2026-07-03,2026-08-04,2026-08-07,REMOVED,422,16
LST-005361,AGT-048,LOC-012,Apartment,1,RENT,890,98000,98000,0,2026-07-03,2026-07-30,,ACTIVE,256,7
LST-005362,AGT-005,LOC-018,Apartment,2,RENT,1320,130000,130000,0,2026-07-03,2026-07-28,2026-08-08,REMOVED,86,1
LST-005363,AGT-118,LOC-012,Apartment,4,RENT,3125,298000,298000,0,2026-07-03,2026-08-12,,ACTIVE,586,13
LST-005364,AGT-063,LOC-010,Townhouse,3,SALE,2670,3415000,3260000,1,2026-07-03,2026-07-13,,ACTIVE,169,3
LST-005365,AGT-075,LOC-001,Apartment,1,SALE,850,2245000,2170000,1,2026-07-03,2026-08-04,,ACTIVE,268,4
LST-005366,AGT-060,LOC-007,Apartment,1,SALE,615,1335000,1255000,1,2026-07-03,2026-07-18,,ACTIVE,597,12
LST-005367,AGT-004,LOC-018,Apartment,1,SALE,850,885000,885000,0,2026-07-03,2026-07-09,2026-07-18,EXPIRED,133,3
LST-005368,AGT-058,LOC-017,Apartment,3,RENT,1885,139000,139000,0,2026-07-04,2026-07-06,2026-07-18,REMOVED,170,4
LST-005369,AGT-100,LOC-001,Apartment,2,SALE,1040,2360000,2175000,2,2026-07-04,2026-07-29,,ACTIVE,377,6
LST-005370,AGT-037,LOC-029,Apartment,2,SALE,1450,880000,880000,0,2026-07-04,2026-07-24,,ACTIVE,440,12
LST-005371,AGT-118,LOC-026,Apartment,2,SALE,1090,1755000,1755000,0,2026-07-04,2026-08-07,,ACTIVE,365,9
LST-005372,AGT-087,LOC-002,Apartment,1,SALE,620,1475000,1475000,0,2026-07-04,2026-07-21,,ACTIVE,716,15
LST-005373,AGT-003,LOC-023,Apartment,3,SALE,1965,2340000,2340000,0,2026-07-04,2026-07-07,2026-07-11,REMOVED,163,4
LST-005374,AGT-043,LOC-004,Apartment,3,SALE,2110,4745000,4745000,0,2026-07-04,2026-07-30,2026-08-09,REMOVED,513,15
LST-005375,AGT-064,LOC-003,Apartment,1,RENT,730,136000,136000,0,2026-07-04,2026-07-06,2026-07-09,REMOVED,60,1
LST-005376,AGT-051,LOC-003,Apartment,3,SALE,1975,6145000,5925000,1,2026-07-05,2026-08-21,,ACTIVE,367,9
LST-005377,AGT-061,LOC-014,Apartment,2,SALE,1185,2295000,2295000,0,2026-07-05,2026-07-05,2026-07-12,REMOVED,105,3
LST-005378,AGT-076,LOC-033,Apartment,1,RENT,705,58000,58000,0,2026-07-05,2026-07-06,2026-07-21,REMOVED,219,8
LST-005379,AGT-028,LOC-021,Apartment,0,RENT,455,53000,53000,0,2026-07-05,2026-07-05,2026-08-06,REMOVED,138,3
LST-005380,AGT-059,LOC-024,Apartment,3,SALE,1755,2870000,2530000,2,2026-07-05,2026-08-08,,ACTIVE,254,3
LST-005381,AGT-022,LOC-026,Apartment,1,RENT,780,81000,81000,0,2026-07-05,2026-07-14,2026-07-14,EXPIRED,116,3
LST-005382,AGT-025,LOC-001,Apartment,2,SALE,1430,3015000,2855000,1,2026-07-05,2026-08-23,,ACTIVE,566,16
LST-005383,AGT-059,LOC-006,Villa,5,SALE,5915,32470000,30660000,1,2026-07-06,2026-07-15,,ACTIVE,341,7
LST-005384,AGT-052,LOC-012,Apartment,1,SALE,655,945000,945000,0,2026-07-06,2026-08-11,,ACTIVE,509,15
LST-005385,AGT-075,LOC-012,Apartment,0,SALE,425,730000,730000,0,2026-07-06,2026-07-12,,ACTIVE,329,6
LST-005386,AGT-038,LOC-011,Apartment,3,SALE,2175,3565000,3470000,1,2026-07-06,2026-08-11,2026-08-12,EXPIRED,126,2
LST-005387,AGT-056,LOC-017,Villa,3,RENT,3020,279000,279000,0,2026-07-06,2026-07-26,2026-07-27,REMOVED,184,3
LST-005388,AGT-110,LOC-018,Apartment,4,SALE,2995,2460000,2460000,0,2026-07-06,2026-07-24,,ACTIVE,174,4
LST-005389,AGT-071,LOC-032,Apartment,0,SALE,485,495000,450000,2,2026-07-06,2026-08-26,2026-08-28,REMOVED,197,5
LST-005390,AGT-048,LOC-007,Apartment,0,SALE,495,1035000,1035000,0,2026-07-06,2026-07-22,2026-07-25,REMOVED,137,4
LST-005391,AGT-087,LOC-001,Apartment,4,RENT,2815,311000,295000,1,2026-07-06,2026-07-28,2026-08-03,REMOVED,279,5
LST-005392,AGT-022,LOC-032,Apartment,3,SALE,1990,1505000,1505000,0,2026-07-06,2026-08-07,,ACTIVE,529,21
LST-005393,AGT-062,LOC-024,Apartment,1,RENT,660,69000,69000,0,2026-07-07,2026-07-14,2026-08-06,EXPIRED,167,3
LST-005394,AGT-022,LOC-011,Apartment,2,SALE,1400,2065000,2065000,0,2026-07-07,2026-08-26,2026-08-26,REMOVED,430,9
LST-005395,AGT-025,LOC-001,Penthouse,2,RENT,2490,395000,353000,2,2026-07-07,2026-07-29,,ACTIVE,456,7
LST-005396,AGT-107,LOC-020,Townhouse,4,RENT,3245,263000,263000,0,2026-07-07,2026-07-11,2026-07-29,EXPIRED,266,9
LST-005397,AGT-060,LOC-018,Apartment,1,RENT,660,60000,59000,1,2026-07-07,2026-07-17,2026-08-05,EXPIRED,161,3
LST-005398,AGT-063,LOC-019,Apartment,2,SALE,1375,1535000,1420000,1,2026-07-07,2026-08-28,,ACTIVE,113,2
LST-005399,AGT-026,LOC-003,Apartment,1,SALE,880,2660000,2660000,0,2026-07-07,2026-08-02,,ACTIVE,651,14
LST-005400,AGT-019,LOC-013,Villa,3,RENT,3095,331000,331000,0,2026-07-07,2026-07-31,2026-08-13,EXPIRED,634,19
LST-005401,AGT-082,LOC-007,Apartment,4,RENT,2475,260000,260000,0,2026-07-07,2026-07-13,2026-07-14,REMOVED,163,6
LST-005402,AGT-077,LOC-031,Apartment,2,SALE,1385,1435000,1435000,0,2026-07-07,2026-08-22,2026-08-27,EXPIRED,188,3
LST-005403,AGT-070,LOC-031,Apartment,1,RENT,705,75000,75000,0,2026-07-08,2026-08-31,,ACTIVE,169,3
LST-005404,AGT-041,LOC-001,Penthouse,3,SALE,3985,11740000,11740000,0,2026-07-08,2026-08-14,,ACTIVE,652,10
LST-005405,AGT-096,LOC-031,Apartment,2,RENT,1195,81000,81000,0,2026-07-08,2026-08-10,,ACTIVE,486,10
LST-005406,AGT-070,LOC-016,Villa,5,RENT,5425,498000,468000,1,2026-07-08,2026-08-01,2026-08-05,REMOVED,113,2
LST-005407,AGT-017,LOC-030,Villa,5,SALE,6210,3530000,3300000,1,2026-07-08,2026-08-16,2026-08-29,EXPIRED,203,5
LST-005408,AGT-012,LOC-009,Apartment,1,SALE,920,1105000,1105000,0,2026-07-08,2026-08-27,,ACTIVE,340,8
LST-005409,AGT-018,LOC-014,Apartment,2,SALE,1105,2575000,2575000,0,2026-07-08,2026-07-08,2026-08-04,EXPIRED,153,3
LST-005410,AGT-017,LOC-024,Apartment,3,RENT,1850,174000,174000,0,2026-07-08,2026-07-18,2026-07-19,REMOVED,83,1
LST-005411,AGT-087,LOC-010,Apartment,2,SALE,1330,1610000,1485000,1,2026-07-08,2026-08-11,2026-08-12,EXPIRED,178,4
LST-005412,AGT-014,LOC-001,Apartment,2,RENT,1130,110000,110000,0,2026-07-08,2026-08-27,,ACTIVE,732,20
LST-005413,AGT-103,LOC-009,Apartment,0,SALE,395,660000,640000,1,2026-07-08,2026-08-17,,ACTIVE,152,2
LST-005414,AGT-087,LOC-027,Apartment,2,SALE,1085,3520000,3415000,1,2026-07-09,2026-07-20,2026-08-12,EXPIRED,204,5
LST-005415,AGT-080,LOC-001,Apartment,2,RENT,955,95000,95000,0,2026-07-09,2026-07-11,2026-07-19,REMOVED,227,5
LST-005416,AGT-010,LOC-003,Apartment,2,SALE,1145,3065000,3065000,0,2026-07-09,2026-07-27,2026-07-29,REMOVED,285,7
LST-005417,AGT-070,LOC-016,Villa,4,SALE,4030,7255000,7255000,0,2026-07-09,2026-07-10,,ACTIVE,205,2
LST-005418,AGT-024,LOC-031,Apartment,4,SALE,2325,2280000,2280000,0,2026-07-09,2026-08-30,,ACTIVE,94,2
LST-005419,AGT-082,LOC-018,Apartment,4,RENT,2720,210000,210000,0,2026-07-09,2026-07-12,2026-08-08,EXPIRED,241,5
LST-005420,AGT-012,LOC-010,Apartment,2,SALE,1210,1585000,1460000,1,2026-07-09,2026-08-03,2026-08-14,REMOVED,69,1
LST-005421,AGT-092,LOC-016,Villa,6,RENT,8845,769000,769000,0,2026-07-09,2026-07-17,2026-07-24,EXPIRED,133,3
LST-005422,AGT-110,LOC-018,Apartment,2,SALE,1040,1285000,1245000,1,2026-07-09,2026-08-14,,ACTIVE,196,3
LST-005423,AGT-039,LOC-023,Apartment,1,RENT,650,84000,82000,1,2026-07-09,2026-07-13,2026-08-09,REMOVED,129,2
LST-005424,AGT-096,LOC-031,Apartment,3,SALE,2135,2210000,2210000,0,2026-07-09,2026-08-13,,ACTIVE,315,4
LST-005425,AGT-019,LOC-013,Villa,7,RENT,10805,1110000,1110000,0,2026-07-10,2026-07-12,2026-08-29,REMOVED,360,12
LST-005426,AGT-005,LOC-014,Penthouse,3,SALE,4200,13025000,13025000,0,2026-07-10,2026-08-13,2026-08-25,EXPIRED,396,6
LST-005427,AGT-088,LOC-025,Townhouse,3,SALE,1955,3055000,3055000,0,2026-07-10,2026-08-07,2026-08-29,EXPIRED,250,5
LST-005428,AGT-118,LOC-005,Apartment,2,RENT,985,234000,234000,0,2026-07-10,2026-07-13,2026-07-30,REMOVED,265,3
LST-005429,AGT-048,LOC-008,Apartment,2,RENT,960,135000,135000,0,2026-07-10,2026-07-13,2026-07-18,REMOVED,91,3
LST-005430,AGT-077,LOC-001,Apartment,4,SALE,2405,4900000,4725000,1,2026-07-10,2026-08-16,,ACTIVE,335,7
LST-005431,AGT-078,LOC-029,Villa,5,RENT,5630,227000,214000,1,2026-07-10,2026-07-20,2026-08-13,EXPIRED,182,5
LST-005432,AGT-023,LOC-031,Apartment,3,SALE,1695,1455000,1455000,0,2026-07-10,2026-08-04,,ACTIVE,301,6
LST-005433,AGT-004,LOC-003,Apartment,1,SALE,870,2750000,2575000,2,2026-07-10,2026-08-31,,ACTIVE,581,15
LST-005434,AGT-070,LOC-031,Apartment,0,RENT,440,31000,31000,0,2026-07-10,2026-08-14,2026-08-21,REMOVED,535,22
LST-005435,AGT-102,LOC-014,Apartment,2,SALE,1270,2850000,2850000,0,2026-07-10,2026-08-09,,ACTIVE,404,8
LST-005436,AGT-059,LOC-023,Apartment,2,RENT,1410,140000,140000,0,2026-07-10,2026-07-10,2026-07-21,EXPIRED,131,3
LST-005437,AGT-049,LOC-004,Penthouse,4,SALE,4395,18390000,18390000,0,2026-07-10,2026-07-24,,ACTIVE,265,4
LST-005438,AGT-053,LOC-016,Townhouse,5,RENT,3990,299000,299000,0,2026-07-10,2026-07-10,,ACTIVE,693,24
LST-005439,AGT-083,LOC-021,Apartment,0,RENT,365,38000,38000,0,2026-07-10,2026-07-11,2026-07-16,EXPIRED,109,3
LST-005440,AGT-015,LOC-033,Apartment,2,SALE,1155,1420000,1420000,0,2026-07-11,2026-08-30,,ACTIVE,270,7
LST-005441,AGT-068,LOC-007,Apartment,2,SALE,1180,1775000,1775000,0,2026-07-11,2026-07-24,2026-08-04,REMOVED,411,20
LST-005442,AGT-012,LOC-028,Villa,5,SALE,6820,6980000,6980000,0,2026-07-11,2026-08-24,,ACTIVE,274,6
LST-005443,AGT-118,LOC-014,Penthouse,4,RENT,5210,1029000,1029000,0,2026-07-11,2026-07-31,2026-08-23,EXPIRED,394,12
LST-005444,AGT-035,LOC-002,Apartment,0,RENT,425,51000,51000,0,2026-07-11,2026-07-26,2026-07-28,REMOVED,451,16
LST-005445,AGT-098,LOC-016,Villa,4,SALE,4895,9475000,8235000,2,2026-07-11,2026-08-27,,ACTIVE,199,3
LST-005446,AGT-064,LOC-018,Apartment,3,RENT,1555,122000,122000,0,2026-07-11,2026-07-11,2026-07-26,REMOVED,121,3
LST-005447,AGT-022,LOC-026,Apartment,0,SALE,360,750000,750000,0,2026-07-11,2026-08-30,,ACTIVE,152,3
LST-005448,AGT-107,LOC-010,Apartment,2,RENT,1305,130000,130000,0,2026-07-11,2026-07-17,2026-07-27,REMOVED,96,2
LST-005449,AGT-070,LOC-032,Apartment,2,RENT,1060,75000,75000,0,2026-07-12,2026-08-29,,ACTIVE,211,6
LST-005450,AGT-080,LOC-001,Apartment,3,SALE,2060,4020000,4020000,0,2026-07-12,2026-08-14,,ACTIVE,546,11
LST-005451,AGT-054,LOC-024,Apartment,4,SALE,3190,4905000,4905000,0,2026-07-12,2026-08-27,,ACTIVE,192,3
LST-005452,AGT-031,LOC-009,Apartment,1,SALE,925,1275000,1275000,0,2026-07-12,2026-08-21,,ACTIVE,142,3
LST-005453,AGT-062,LOC-004,Apartment,2,RENT,1405,239000,239000,0,2026-07-12,2026-07-19,2026-07-27,EXPIRED,197,4
LST-005454,AGT-029,LOC-024,Apartment,2,SALE,1275,1690000,1690000,0,2026-07-12,2026-08-29,2026-08-30,REMOVED,341,8
LST-005455,AGT-013,LOC-023,Apartment,2,RENT,1245,134000,134000,0,2026-07-12,2026-07-28,2026-08-10,REMOVED,347,8
LST-005456,AGT-074,LOC-001,Apartment,1,RENT,730,73000,73000,0,2026-07-12,2026-07-22,2026-07-24,REMOVED,216,6
LST-005457,AGT-107,LOC-010,Apartment,0,RENT,490,53000,53000,0,2026-07-13,2026-08-19,,ACTIVE,392,9
LST-005458,AGT-004,LOC-013,Villa,3,RENT,2790,386000,386000,0,2026-07-13,2026-07-26,2026-08-09,REMOVED,210,4
LST-005459,AGT-019,LOC-014,Penthouse,3,SALE,3145,8625000,8625000,0,2026-07-13,2026-08-31,,ACTIVE,344,12
LST-005460,AGT-070,LOC-015,Villa,5,SALE,5425,9120000,9120000,0,2026-07-13,2026-08-28,,ACTIVE,328,6
LST-005461,AGT-103,LOC-002,Apartment,1,RENT,810,129000,129000,0,2026-07-13,2026-08-28,,ACTIVE,349,7
LST-005462,AGT-110,LOC-014,Apartment,2,SALE,1040,2840000,2840000,0,2026-07-13,2026-08-19,,ACTIVE,278,3
LST-005463,AGT-069,LOC-032,Apartment,1,SALE,890,1030000,1030000,0,2026-07-13,2026-08-01,,ACTIVE,180,2
LST-005464,AGT-001,LOC-002,Apartment,2,SALE,1115,2545000,2545000,0,2026-07-13,2026-07-15,,ACTIVE,685,19
LST-005465,AGT-013,LOC-013,Villa,4,RENT,3820,437000,437000,0,2026-07-13,2026-07-29,2026-08-02,REMOVED,205,7
LST-005466,AGT-001,LOC-002,Penthouse,4,RENT,4775,892000,842000,1,2026-07-13,2026-07-23,,ACTIVE,315,5
LST-005467,AGT-090,LOC-001,Apartment,1,RENT,770,113000,110000,1,2026-07-13,2026-07-16,,ACTIVE,355,4
LST-005468,AGT-075,LOC-014,Apartment,3,RENT,2050,249000,249000,0,2026-07-13,2026-07-16,2026-07-29,REMOVED,370,10
LST-005469,AGT-017,LOC-008,Apartment,0,SALE,395,935000,870000,2,2026-07-13,2026-08-15,,ACTIVE,144,3
LST-005470,AGT-009,LOC-004,Apartment,3,SALE,1975,5645000,5465000,1,2026-07-14,2026-07-27,2026-08-19,REMOVED,304,6
LST-005471,AGT-086,LOC-018,Apartment,1,SALE,625,645000,645000,0,2026-07-14,2026-07-26,2026-08-16,REMOVED,181,4
LST-005472,AGT-067,LOC-002,Apartment,2,SALE,1275,3160000,2870000,2,2026-07-14,2026-08-06,,ACTIVE,444,12
LST-005473,AGT-067,LOC-010,Apartment,1,SALE,805,995000,995000,0,2026-07-14,2026-07-21,2026-07-23,REMOVED,92,2
LST-005474,AGT-096,LOC-008,Apartment,1,RENT,745,93000,93000,0,2026-07-14,2026-07-20,2026-07-23,REMOVED,183,4
LST-005475,AGT-038,LOC-017,Villa,6,SALE,8055,9510000,9510000,0,2026-07-14,2026-08-30,,ACTIVE,309,8
LST-005476,AGT-033,LOC-027,Apartment,1,RENT,820,152000,152000,0,2026-07-14,2026-07-30,2026-08-10,REMOVED,178,4
LST-005477,AGT-098,LOC-018,Apartment,2,SALE,1245,1205000,1205000,0,2026-07-14,2026-08-29,,ACTIVE,363,8
LST-005478,AGT-077,LOC-020,Apartment,1,RENT,655,79000,79000,0,2026-07-14,2026-07-19,2026-07-29,EXPIRED,141,2
LST-005479,AGT-041,LOC-023,Apartment,1,RENT,710,69000,69000,0,2026-07-14,2026-07-15,2026-07-19,REMOVED,64,1
LST-005480,AGT-075,LOC-005,Apartment,1,RENT,685,124000,124000,0,2026-07-14,2026-08-29,2026-08-29,REMOVED,357,9
LST-005481,AGT-022,LOC-008,Apartment,2,RENT,1375,162000,162000,0,2026-07-14,2026-07-24,2026-07-29,REMOVED,170,4
LST-005482,AGT-116,LOC-012,Apartment,2,RENT,970,127000,112000,2,2026-07-14,2026-07-29,,ACTIVE,174,3
LST-005483,AGT-064,LOC-019,Apartment,2,SALE,1200,1265000,1265000,0,2026-07-14,2026-07-14,2026-08-03,REMOVED,66,1
LST-005484,AGT-088,LOC-030,Apartment,0,SALE,440,255000,255000,0,2026-07-14,2026-07-24,2026-08-24,EXPIRED,308,11
LST-005485,AGT-012,LOC-001,Apartment,1,RENT,935,129000,119000,1,2026-07-14,2026-08-12,,ACTIVE,339,4
LST-005486,AGT-017,LOC-001,Apartment,1,RENT,790,97000,97000,0,2026-07-14,2026-07-30,,ACTIVE,679,13
LST-005487,AGT-038,LOC-005,Apartment,2,SALE,980,3420000,3420000,0,2026-07-15,2026-08-26,2026-08-26,REMOVED,618,12
LST-005488,AGT-001,LOC-021,Apartment,2,SALE,1220,1280000,1280000,0,2026-07-15,2026-07-22,2026-07-30,EXPIRED,92,2
LST-005489,AGT-080,LOC-003,Apartment,2,RENT,1150,188000,188000,0,2026-07-15,2026-07-15,2026-07-22,REMOVED,117,2
LST-005490,AGT-096,LOC-023,Apartment,1,SALE,715,975000,975000,0,2026-07-15,2026-07-18,2026-07-18,EXPIRED,42,1
LST-005491,AGT-081,LOC-001,Apartment,1,SALE,680,1420000,1420000,0,2026-07-15,2026-08-23,,ACTIVE,677,21
LST-005492,AGT-092,LOC-026,Apartment,2,RENT,1355,187000,187000,0,2026-07-15,2026-08-06,2026-08-22,EXPIRED,224,3
LST-005493,AGT-049,LOC-018,Apartment,1,SALE,805,820000,820000,0,2026-07-15,2026-07-22,2026-07-29,REMOVED,77,2
LST-005494,AGT-047,LOC-013,Villa,6,SALE,7105,14970000,14970000,0,2026-07-15,2026-08-24,,ACTIVE,230,4
LST-005495,AGT-042,LOC-010,Apartment,2,SALE,1135,1405000,1405000,0,2026-07-15,2026-08-05,,ACTIVE,170,4
LST-005496,AGT-076,LOC-010,Apartment,1,SALE,875,995000,995000,0,2026-07-15,2026-08-25,,ACTIVE,197,5
LST-005497,AGT-116,LOC-017,Townhouse,3,SALE,2030,2400000,2400000,0,2026-07-15,2026-07-17,,ACTIVE,285,8
LST-005498,AGT-100,LOC-023,Apartment,4,RENT,2325,215000,215000,0,2026-07-15,2026-07-19,,ACTIVE,261,5
LST-005499,AGT-063,LOC-003,Apartment,2,SALE,1330,3680000,3680000,0,2026-07-16,2026-07-22,2026-07-25,REMOVED,133,5
LST-005500,AGT-092,LOC-999,Townhouse,2,SALE,1425,1620000,1620000,0,2026-07-16,2026-08-12,2026-08-31,EXPIRED,325,11
LST-005501,AGT-053,LOC-017,Apartment,0,SALE,510,650000,650000,0,2026-07-16,2026-07-21,,ACTIVE,294,8
LST-005502,AGT-043,LOC-018,Apartment,3,RENT,1540,105000,105000,0,2026-07-16,2026-08-31,,ACTIVE,575,17
LST-005503,AGT-026,LOC-027,Villa,7,RENT,9275,1137000,1137000,0,2026-07-16,2026-08-10,2026-08-12,REMOVED,438,11
LST-005504,AGT-060,LOC-029,Apartment,2,SALE,980,670000,670000,0,2026-07-16,2026-08-05,,ACTIVE,163,4
LST-005505,AGT-116,LOC-002,Apartment,2,SALE,1235,3095000,3095000,0,2026-07-16,2026-08-13,,ACTIVE,348,7
LST-005506,AGT-046,LOC-030,Villa,4,RENT,4990,179000,179000,0,2026-07-16,2026-08-18,,ACTIVE,390,7
LST-005507,AGT-067,LOC-009,Apartment,2,RENT,1130,128000,128000,0,2026-07-16,2026-08-09,,ACTIVE,210,3
LST-005508,AGT-015,LOC-025,Townhouse,5,SALE,3570,4460000,4460000,0,2026-07-16,2026-08-09,,ACTIVE,224,5
LST-005509,AGT-052,LOC-023,Apartment,2,RENT,1075,116000,116000,0,2026-07-16,2026-07-27,,ACTIVE,333,4
LST-005510,AGT-020,LOC-014,Apartment,2,RENT,1355,197000,197000,0,2026-07-16,2026-07-23,2026-07-27,REMOVED,83,2
LST-005511,AGT-062,LOC-021,Apartment,0,RENT,365,39000,39000,0,2026-07-16,2026-08-05,2026-08-08,REMOVED,111,3
LST-005512,AGT-070,LOC-010,Apartment,2,SALE,1385,1655000,1580000,1,2026-07-16,2026-08-05,,ACTIVE,346,5
LST-005513,AGT-043,LOC-017,Villa,6,SALE,8505,9040000,9040000,0,2026-07-16,2026-07-30,2026-08-03,REMOVED,114,2
LST-005514,AGT-067,LOC-019,Apartment,0,RENT,495,45000,45000,0,2026-07-16,2026-08-19,,ACTIVE,229,5
LST-005515,AGT-064,LOC-002,Apartment,2,RENT,1135,170000,162000,1,2026-07-16,2026-07-28,2026-08-10,REMOVED,188,3
LST-005516,AGT-103,LOC-004,Apartment,0,RENT,445,92000,92000,0,2026-07-17,2026-08-12,2026-08-30,REMOVED,554,7
LST-005517,AGT-012,LOC-002,Apartment,1,RENT,885,117000,117000,0,2026-07-17,2026-07-17,2026-07-23,REMOVED,92,2
LST-005518,AGT-024,LOC-029,Apartment,2,RENT,1210,46000,46000,0,2026-07-17,2026-07-21,2026-07-22,REMOVED,42,2
LST-005519,AGT-051,LOC-022,Villa,4,RENT,3565,318000,304000,1,2026-07-17,2026-08-11,2026-08-11,EXPIRED,242,5
LST-005520,AGT-070,LOC-028,Townhouse,4,SALE,3090,2900000,2900000,0,2026-07-17,2026-07-22,,ACTIVE,187,6
LST-005521,AGT-101,LOC-020,Apartment,1,SALE,920,1570000,1520000,1,2026-07-17,2026-08-14,2026-08-21,REMOVED,75,1
LST-005522,AGT-045,LOC-026,Apartment,1,SALE,895,1435000,1435000,0,2026-07-17,2026-08-12,,ACTIVE,313,10
LST-005523,AGT-025,LOC-025,Villa,6,RENT,7500,680000,680000,0,2026-07-17,2026-07-23,2026-08-03,REMOVED,88,2
LST-005524,AGT-053,LOC-023,Apartment,2,RENT,1005,84000,84000,0,2026-07-17,2026-07-18,2026-07-20,REMOVED,109,4
LST-005525,AGT-102,LOC-012,Apartment,2,SALE,1230,1535000,1535000,0,2026-07-17,2026-08-23,,ACTIVE,592,18
LST-005526,AGT-043,LOC-019,Apartment,3,RENT,1565,123000,123000,0,2026-07-17,2026-08-29,,ACTIVE,188,5
LST-005527,AGT-062,LOC-009,Apartment,2,RENT,1120,120000,111000,1,2026-07-17,2026-07-24,,ACTIVE,175,4
LST-005528,AGT-064,LOC-029,Apartment,0,SALE,450,320000,320000,0,2026-07-17,2026-07-21,2026-07-27,EXPIRED,56,1
LST-005529,AGT-018,LOC-017,Villa,5,SALE,5730,5140000,5140000,0,2026-07-18,2026-07-19,2026-07-31,REMOVED,226,8
LST-005530,AGT-011,LOC-014,Apartment,1,SALE,700,2130000,2130000,0,2026-07-18,2026-08-10,,ACTIVE,156,2
LST-005531,AGT-009,LOC-029,Villa,4,SALE,4130,3425000,3260000,1,2026-07-18,2026-08-14,,ACTIVE,77,1
LST-005532,AGT-064,LOC-016,Villa,6,SALE,8065,10180000,10180000,0,2026-07-18,2026-07-26,,ACTIVE,759,25
LST-005533,AGT-011,LOC-007,Apartment,3,SALE,1790,2855000,2855000,0,2026-07-18,2026-07-18,,ACTIVE,465,17
LST-005534,AGT-051,LOC-018,Apartment,1,SALE,680,780000,780000,0,2026-07-18,2026-07-18,,ACTIVE,268,6
LST-005535,AGT-028,LOC-024,Apartment,1,RENT,725,80000,80000,0,2026-07-18,2026-07-19,2026-08-03,EXPIRED,130,3
LST-005536,AGT-051,LOC-033,Apartment,1,RENT,670,56000,56000,0,2026-07-18,2026-07-28,2026-08-04,REMOVED,195,5
LST-005537,AGT-093,LOC-031,Apartment,1,RENT,830,60000,60000,0,2026-07-19,2026-07-23,2026-08-07,REMOVED,136,5
LST-005538,AGT-018,LOC-018,Apartment,0,RENT,340,29000,29000,0,2026-07-19,2026-07-25,2026-07-29,EXPIRED,100,2
LST-005539,AGT-075,LOC-002,Apartment,2,RENT,1020,139000,139000,0,2026-07-19,2026-08-06,2026-08-08,REMOVED,203,5
LST-005540,AGT-036,LOC-029,Apartment,2,RENT,1490,86000,86000,0,2026-07-19,2026-08-01,,ACTIVE,260,3
LST-005541,AGT-109,LOC-031,Apartment,2,RENT,1120,75000,73000,1,2026-07-19,2026-08-02,,ACTIVE,373,15
LST-005542,AGT-063,LOC-001,Apartment,1,SALE,830,1685000,1685000,0,2026-07-19,2026-07-20,2026-07-26,REMOVED,112,2
LST-005543,AGT-019,LOC-021,Apartment,2,RENT,1435,122000,122000,0,2026-07-20,2026-08-03,2026-08-03,REMOVED,139,4
LST-005544,AGT-032,LOC-007,Penthouse,2,RENT,1895,356000,356000,0,2026-07-20,2026-08-08,2026-08-08,EXPIRED,270,6
LST-005545,AGT-041,LOC-022,Villa,3,RENT,2930,261000,261000,0,2026-07-20,2026-07-21,2026-07-31,EXPIRED,53,1
LST-005546,AGT-015,LOC-025,Apartment,4,SALE,2945,3725000,3725000,0,2026-07-20,2026-08-20,,ACTIVE,135,3
LST-005547,AGT-114,LOC-021,Apartment,1,RENT,770,77000,74000,1,2026-07-20,2026-07-22,2026-08-17,REMOVED,105,2
LST-005548,AGT-060,LOC-028,Townhouse,4,SALE,2970,2860000,2860000,0,2026-07-20,2026-08-08,,ACTIVE,269,8
LST-005549,AGT-099,LOC-021,Apartment,0,SALE,505,555000,555000,0,2026-07-20,2026-07-30,2026-08-01,REMOVED,125,3
LST-005550,AGT-050,LOC-008,Apartment,1,SALE,670,1180000,1180000,0,2026-07-20,2026-08-03,2026-08-16,EXPIRED,265,9
LST-005551,AGT-005,LOC-006,Villa,4,SALE,4620,23325000,23325000,0,2026-07-20,2026-08-28,,ACTIVE,953,24
LST-005552,AGT-038,LOC-001,Apartment,3,RENT,1505,187000,187000,0,2026-07-20,2026-08-24,2026-08-26,REMOVED,199,3
LST-005553,AGT-043,LOC-021,Apartment,1,SALE,850,950000,950000,0,2026-07-20,2026-08-02,,ACTIVE,304,7
LST-005554,AGT-088,LOC-033,Apartment,1,SALE,700,870000,870000,0,2026-07-20,2026-08-20,,ACTIVE,496,15
LST-005555,AGT-004,LOC-002,Apartment,3,RENT,2010,219000,219000,0,2026-07-20,2026-08-01,2026-08-09,REMOVED,257,7
LST-005556,AGT-044,LOC-018,Apartment,2,RENT,1490,125000,125000,0,2026-07-20,2026-08-21,2026-08-27,REMOVED,154,2
LST-005557,AGT-093,LOC-023,Apartment,2,SALE,1200,1550000,1440000,1,2026-07-20,2026-08-14,,ACTIVE,247,6
LST-005558,AGT-050,LOC-001,Apartment,1,SALE,620,1345000,1345000,0,2026-07-20,2026-07-24,2026-08-29,REMOVED,289,6
LST-005559,AGT-038,LOC-011,Apartment,1,RENT,775,86000,86000,0,2026-07-20,2026-07-24,2026-07-27,EXPIRED,140,4
LST-005560,AGT-029,LOC-033,Apartment,1,SALE,925,1035000,1035000,0,2026-07-20,2026-08-12,,ACTIVE,380,8
LST-005561,AGT-016,LOC-027,Villa,4,SALE,4450,11820000,11820000,0,2026-07-20,2026-08-13,,ACTIVE,407,14
LST-005562,AGT-055,LOC-002,Apartment,2,RENT,1235,130000,130000,0,2026-07-21,2026-07-27,2026-07-28,REMOVED,156,4
LST-005563,AGT-100,LOC-021,Apartment,2,SALE,1055,945000,945000,0,2026-07-21,2026-08-07,,ACTIVE,488,16
LST-005564,AGT-088,LOC-023,Apartment,2,RENT,1450,128000,128000,0,2026-07-21,2026-08-20,2026-08-20,EXPIRED,377,13
LST-005565,AGT-062,LOC-025,Townhouse,3,SALE,2650,3615000,3615000,0,2026-07-21,2026-08-01,2026-08-26,REMOVED,211,5
LST-005566,AGT-115,LOC-002,Apartment,0,SALE,465,1295000,1295000,0,2026-07-21,2026-07-21,,ACTIVE,317,8
LST-005567,AGT-091,LOC-016,Townhouse,3,SALE,2245,4395000,4395000,0,2026-07-21,2026-08-26,,ACTIVE,148,2
LST-005568,AGT-064,LOC-009,Apartment,1,SALE,660,800000,800000,0,2026-07-21,2026-08-04,2026-08-10,EXPIRED,136,4
LST-005569,AGT-051,LOC-028,Villa,5,RENT,6340,436000,436000,0,2026-07-21,2026-07-23,2026-07-27,REMOVED,46,1
LST-005570,AGT-070,LOC-022,Villa,4,SALE,4170,6555000,6175000,1,2026-07-21,2026-08-22,,ACTIVE,94,1
LST-005571,AGT-017,LOC-018,Apartment,2,RENT,1085,65000,65000,0,2026-07-21,2026-07-29,2026-08-12,REMOVED,415,13
LST-005572,AGT-103,LOC-026,Apartment,2,SALE,1125,1860000,1860000,0,2026-07-21,2026-08-30,,ACTIVE,277,6
LST-005573,AGT-069,LOC-017,Villa,4,RENT,4910,393000,393000,0,2026-07-21,2026-08-18,2026-08-21,REMOVED,219,7
LST-005574,AGT-077,LOC-012,Apartment,0,SALE,480,775000,775000,0,2026-07-21,2026-07-25,2026-08-26,REMOVED,541,12
LST-005575,AGT-019,LOC-007,Apartment,2,SALE,1110,2205000,2205000,0,2026-07-22,2026-08-23,,ACTIVE,382,12
LST-005576,AGT-022,LOC-020,Apartment,3,SALE,1575,1880000,1880000,0,2026-07-22,2026-07-27,,ACTIVE,170,4
LST-005577,AGT-064,LOC-003,Apartment,1,SALE,820,2815000,2815000,0,2026-07-22,2026-08-31,,ACTIVE,389,8
LST-005578,AGT-070,LOC-003,Apartment,1,SALE,790,2940000,2750000,1,2026-07-22,2026-08-12,,ACTIVE,316,6
LST-005579,AGT-059,LOC-024,Apartment,2,RENT,1150,112000,112000,0,2026-07-22,2026-08-08,2026-08-15,REMOVED,183,4
LST-005580,AGT-022,LOC-028,Townhouse,3,RENT,2115,173000,173000,0,2026-07-22,2026-08-30,2026-08-30,REMOVED,192,4
LST-005581,AGT-043,LOC-017,Villa,7,SALE,10940,12995000,12995000,0,2026-07-22,2026-07-26,,ACTIVE,183,3
LST-005582,AGT-075,LOC-007,Apartment,4,RENT,3195,478000,444000,1,2026-07-22,2026-07-28,2026-08-15,REMOVED,156,3
LST-005583,AGT-046,LOC-006,Villa,4,SALE,3805,17415000,17415000,0,2026-07-22,2026-08-07,2026-08-20,REMOVED,306,9
LST-005584,AGT-027,LOC-018,Apartment,2,SALE,1500,1545000,1545000,0,2026-07-22,2026-08-11,2026-08-17,REMOVED,95,2
LST-005585,AGT-116,LOC-005,Apartment,3,SALE,1660,5550000,5550000,0,2026-07-22,2026-07-29,,ACTIVE,367,8
LST-005586,AGT-050,LOC-008,Apartment,2,SALE,1300,3035000,3035000,0,2026-07-22,2026-08-02,2026-08-05,REMOVED,49,1
LST-005587,AGT-115,LOC-022,Townhouse,3,RENT,2680,230000,212000,1,2026-07-22,2026-08-27,,ACTIVE,206,3
LST-005588,AGT-017,LOC-010,Apartment,2,RENT,1340,122000,117000,1,2026-07-22,2026-08-12,2026-08-15,REMOVED,135,3
LST-005589,AGT-057,LOC-033,Apartment,2,SALE,1275,1610000,1495000,1,2026-07-23,2026-08-08,,ACTIVE,202,5
LST-005590,AGT-035,LOC-032,Apartment,1,RENT,750,63000,63000,0,2026-07-23,2026-08-17,,ACTIVE,247,5
LST-005591,AGT-075,LOC-015,Villa,4,SALE,3760,7520000,7100000,1,2026-07-23,2026-07-26,,ACTIVE,173,2
LST-005592,AGT-114,LOC-007,Apartment,1,SALE,820,1635000,1635000,0,2026-07-23,2026-08-03,2026-08-04,REMOVED,135,3
LST-005593,AGT-059,LOC-007,Apartment,2,SALE,1160,2890000,2670000,1,2026-07-23,2026-08-29,,ACTIVE,203,3
LST-005594,AGT-025,LOC-002,Apartment,1,SALE,620,1390000,1390000,0,2026-07-23,2026-08-04,,ACTIVE,563,18
LST-005595,AGT-045,LOC-019,Apartment,1,SALE,715,855000,830000,1,2026-07-23,2026-08-04,,ACTIVE,135,2
LST-005596,AGT-006,LOC-009,Apartment,0,RENT,435,47000,47000,0,2026-07-23,2026-08-17,,ACTIVE,318,9
LST-005597,AGT-086,LOC-014,Apartment,3,SALE,2085,4495000,4495000,0,2026-07-23,2026-08-09,,ACTIVE,284,7
LST-005598,AGT-066,LOC-017,Apartment,0,SALE,495,650000,650000,0,2026-07-23,2026-08-03,,ACTIVE,210,6
LST-005599,AGT-064,LOC-004,Apartment,2,SALE,1475,4260000,4260000,0,2026-07-23,2026-08-13,,ACTIVE,248,4
LST-005600,AGT-051,LOC-012,Apartment,2,RENT,975,97000,97000,0,2026-07-23,2026-07-25,2026-08-04,REMOVED,130,4
LST-005601,AGT-039,LOC-024,Apartment,3,RENT,1510,139000,139000,0,2026-07-24,2026-08-08,2026-08-08,EXPIRED,148,3
LST-005602,AGT-070,LOC-010,Apartment,1,SALE,760,1125000,1075000,1,2026-07-24,2026-08-19,,ACTIVE,92,1
LST-005603,AGT-043,LOC-011,Apartment,2,SALE,1200,1780000,1665000,1,2026-07-24,2026-08-31,,ACTIVE,253,5
LST-005604,AGT-057,LOC-011,Apartment,2,RENT,1375,178000,174000,1,2026-07-24,2026-08-05,,ACTIVE,291,4
LST-005605,AGT-003,LOC-021,Apartment,1,RENT,710,67000,67000,0,2026-07-24,2026-07-27,2026-08-09,REMOVED,126,3
LST-005606,AGT-046,LOC-014,Penthouse,4,RENT,5470,1380000,1380000,0,2026-07-24,2026-08-08,,ACTIVE,114,2
LST-005607,AGT-053,LOC-005,Apartment,3,SALE,1790,5945000,5945000,0,2026-07-24,2026-08-18,,ACTIVE,396,9
LST-005608,AGT-102,LOC-014,Penthouse,4,RENT,5950,1228000,1228000,0,2026-07-24,2026-08-02,2026-08-07,REMOVED,106,3
LST-005609,AGT-013,LOC-001,Apartment,2,RENT,1425,141000,141000,0,2026-07-24,2026-08-19,,ACTIVE,869,27
LST-005610,AGT-019,LOC-014,Apartment,3,RENT,1880,276000,276000,0,2026-07-24,2026-07-28,2026-08-10,EXPIRED,135,2
LST-005611,AGT-043,LOC-017,Townhouse,3,SALE,2420,3040000,3040000,0,2026-07-24,2026-08-10,,ACTIVE,150,3
LST-005612,AGT-077,LOC-002,Penthouse,3,RENT,3245,650000,650000,0,2026-07-24,2026-08-02,2026-08-07,REMOVED,115,2
LST-005613,AGT-118,LOC-006,Villa,5,RENT,6240,1510000,1510000,0,2026-07-24,2026-08-10,2026-08-28,REMOVED,347,9
LST-005614,AGT-067,LOC-005,Apartment,3,RENT,1855,429000,429000,0,2026-07-24,2026-08-23,,ACTIVE,195,3
LST-005615,AGT-017,LOC-023,Apartment,2,SALE,955,1485000,1485000,0,2026-07-25,2026-08-17,,ACTIVE,312,4
LST-005616,AGT-050,LOC-004,Apartment,1,SALE,770,2155000,2155000,0,2026-07-25,2026-08-26,,ACTIVE,534,15
LST-005617,AGT-009,LOC-017,Villa,4,RENT,4965,438000,438000,0,2026-07-25,2026-08-08,2026-08-11,REMOVED,58,1
LST-005618,AGT-012,LOC-032,Apartment,1,RENT,810,58000,58000,0,2026-07-25,2026-07-29,2026-08-30,EXPIRED,247,9
LST-005619,AGT-103,LOC-010,Apartment,4,SALE,3195,3410000,3270000,1,2026-07-25,2026-08-04,2026-08-18,EXPIRED,89,2
LST-005620,AGT-068,LOC-002,Apartment,1,RENT,700,125000,121000,1,2026-07-26,2026-08-07,2026-08-30,REMOVED,197,3
LST-005621,AGT-116,LOC-017,Townhouse,3,RENT,2275,219000,205000,1,2026-07-26,2026-08-05,2026-08-18,REMOVED,126,2
LST-005622,AGT-077,LOC-032,Apartment,1,RENT,780,58000,58000,0,2026-07-26,2026-08-17,,ACTIVE,223,4
LST-005623,AGT-051,LOC-007,Apartment,1,RENT,915,158000,158000,0,2026-07-26,2026-07-26,2026-08-10,REMOVED,126,3
LST-005624,AGT-095,LOC-004,Apartment,2,RENT,1410,278000,257000,1,2026-07-26,2026-08-27,,ACTIVE,243,3
LST-005625,AGT-035,LOC-003,Penthouse,3,RENT,3450,829000,829000,0,2026-07-26,2026-08-04,2026-08-07,REMOVED,119,2
LST-005626,AGT-028,LOC-025,Townhouse,4,RENT,2900,216000,216000,0,2026-07-26,2026-08-03,,ACTIVE,781,24
LST-005627,AGT-062,LOC-002,Penthouse,3,RENT,4165,767000,767000,0,2026-07-26,2026-08-04,2026-08-06,REMOVED,269,7
LST-005628,AGT-001,LOC-010,Townhouse,2,RENT,1770,136000,136000,0,2026-07-26,2026-08-07,,ACTIVE,209,4
LST-005629,AGT-119,LOC-007,Apartment,1,SALE,920,2190000,2190000,0,2026-07-27,2026-08-20,,ACTIVE,172,4
LST-005630,AGT-101,LOC-014,Apartment,0,RENT,380,54000,54000,0,2026-07-27,2026-08-08,2026-08-13,REMOVED,242,6
LST-005631,AGT-068,LOC-001,Penthouse,3,SALE,3175,9350000,9110000,1,2026-07-27,2026-08-01,,ACTIVE,198,4
LST-005632,AGT-104,LOC-003,Apartment,2,SALE,1360,4790000,4435000,1,2026-07-27,2026-08-01,,ACTIVE,123,2
LST-005633,AGT-068,LOC-031,Apartment,2,SALE,1440,1745000,1745000,0,2026-07-27,2026-07-29,,ACTIVE,91,1
LST-005634,AGT-030,LOC-018,Apartment,0,SALE,435,675000,675000,0,2026-07-27,2026-08-03,,ACTIVE,76,1
LST-005635,AGT-045,LOC-009,Apartment,0,RENT,345,40000,40000,0,2026-07-27,2026-08-01,2026-08-06,REMOVED,60,2
LST-005636,AGT-030,LOC-003,Apartment,4,SALE,2640,7655000,7655000,0,2026-07-27,2026-08-24,,ACTIVE,331,8
LST-005637,AGT-042,LOC-009,Apartment,1,RENT,835,102000,102000,0,2026-07-27,2026-08-04,,ACTIVE,159,2
LST-005638,AGT-101,LOC-008,Apartment,1,SALE,630,1345000,1320000,1,2026-07-28,2026-08-02,,ACTIVE,304,4
LST-005639,AGT-082,LOC-014,Apartment,2,RENT,1170,189000,189000,0,2026-07-28,2026-07-30,2026-08-01,EXPIRED,30,0
LST-005640,AGT-035,LOC-002,Apartment,1,SALE,640,1435000,1435000,0,2026-07-28,2026-08-03,2026-08-13,REMOVED,458,15
LST-005641,AGT-019,LOC-014,Apartment,1,RENT,940,156000,156000,0,2026-07-28,2026-07-29,2026-08-13,REMOVED,80,2
LST-005642,AGT-042,LOC-003,Apartment,3,SALE,1860,5455000,5455000,0,2026-07-28,2026-08-31,,ACTIVE,363,10
LST-005643,AGT-075,LOC-011,Apartment,2,RENT,1500,168000,168000,0,2026-07-28,2026-08-05,2026-08-23,REMOVED,257,5
LST-005644,AGT-102,LOC-002,Apartment,2,SALE,1080,2710000,2590000,1,2026-07-28,2026-08-31,,ACTIVE,436,10
LST-005645,AGT-051,LOC-012,Apartment,1,SALE,810,1270000,1175000,1,2026-07-29,2026-08-03,,ACTIVE,326,5
LST-005646,AGT-064,LOC-011,Apartment,1,RENT,890,93000,93000,0,2026-07-29,2026-08-27,,ACTIVE,321,6
LST-005647,AGT-004,LOC-008,Apartment,1,SALE,655,1305000,1305000,0,2026-07-29,2026-08-01,2026-08-20,REMOVED,256,5
LST-005648,AGT-075,LOC-011,Apartment,2,SALE,975,1410000,1410000,0,2026-07-29,2026-08-12,,ACTIVE,164,5
LST-005649,AGT-118,LOC-025,Townhouse,4,SALE,3435,4270000,4270000,0,2026-07-29,2026-08-23,,ACTIVE,238,5
LST-005650,AGT-104,LOC-031,Apartment,2,RENT,1390,107000,105000,1,2026-07-29,2026-08-16,,ACTIVE,342,8
LST-005651,AGT-020,LOC-006,Villa,4,SALE,3775,18670000,18670000,0,2026-07-29,2026-07-29,2026-08-06,REMOVED,67,2
LST-005652,AGT-115,LOC-004,Apartment,1,SALE,720,2095000,2095000,0,2026-07-29,2026-08-23,,ACTIVE,446,10
LST-005653,AGT-038,LOC-004,Apartment,1,RENT,675,99000,99000,0,2026-07-29,2026-08-07,2026-08-19,EXPIRED,258,7
LST-005654,AGT-118,LOC-018,Apartment,2,SALE,1440,1350000,1350000,0,2026-07-29,2026-08-15,,ACTIVE,333,10
LST-005655,AGT-101,LOC-031,Apartment,0,RENT,350,26000,26000,0,2026-07-29,2026-07-30,2026-07-30,REMOVED,26,1
LST-005656,AGT-009,LOC-005,Apartment,1,RENT,880,220000,215000,1,2026-07-29,2026-08-13,,ACTIVE,279,4
LST-005657,AGT-066,LOC-017,Villa,4,RENT,4035,364000,364000,0,2026-07-30,2026-07-31,2026-08-02,REMOVED,36,1
LST-005658,AGT-005,LOC-003,Apartment,1,SALE,675,2380000,2380000,0,2026-07-30,2026-08-30,,ACTIVE,203,4
LST-005659,AGT-019,LOC-025,Villa,5,SALE,6315,9355000,9355000,0,2026-07-30,2026-08-23,,ACTIVE,208,4
LST-005660,AGT-005,LOC-009,Apartment,2,RENT,1150,92000,92000,0,2026-07-30,2026-07-31,2026-08-19,EXPIRED,115,3
LST-005661,AGT-086,LOC-025,Apartment,0,RENT,350,37000,37000,0,2026-07-30,2026-08-14,2026-08-16,REMOVED,199,4
LST-005662,AGT-062,LOC-033,Apartment,2,SALE,1180,1285000,1285000,0,2026-07-30,2026-08-04,,ACTIVE,226,5
LST-005663,AGT-048,LOC-025,Townhouse,3,SALE,2640,3545000,3545000,0,2026-07-30,2026-08-20,,ACTIVE,303,6
LST-005664,AGT-027,LOC-022,Villa,3,SALE,2970,3705000,3705000,0,2026-07-30,2026-08-29,,ACTIVE,236,6
LST-005665,AGT-015,LOC-019,Apartment,2,SALE,1275,1205000,1205000,0,2026-07-31,2026-08-15,2026-08-15,REMOVED,90,2
LST-005666,AGT-004,LOC-028,Townhouse,3,SALE,2110,2890000,2770000,1,2026-07-31,2026-08-04,,ACTIVE,121,1
LST-005667,AGT-085,LOC-024,Apartment,1,RENT,755,76000,76000,0,2026-07-31,2026-08-02,2026-08-17,REMOVED,208,4
LST-005668,AGT-084,LOC-023,Apartment,2,SALE,1340,2365000,2200000,1,2026-07-31,2026-08-29,,ACTIVE,98,2
LST-005669,AGT-050,LOC-010,Apartment,1,RENT,670,62000,62000,0,2026-07-31,2026-08-24,,ACTIVE,283,9
LST-005670,AGT-021,LOC-019,Apartment,0,SALE,440,500000,500000,0,2026-07-31,2026-08-23,,ACTIVE,75,1
LST-005671,AGT-084,LOC-028,Villa,5,RENT,6455,428000,428000,0,2026-07-31,2026-07-31,2026-08-03,EXPIRED,55,1
LST-005672,AGT-101,LOC-013,Villa,3,SALE,3110,7780000,7780000,0,2026-07-31,2026-08-08,,ACTIVE,141,2
LST-005673,AGT-115,LOC-020,Apartment,2,SALE,1355,2280000,2130000,1,2026-07-31,2026-08-17,,ACTIVE,74,1
LST-005674,AGT-064,LOC-004,Apartment,3,SALE,1670,4455000,4455000,0,2026-07-31,2026-08-12,,ACTIVE,233,5
LST-005675,AGT-102,LOC-023,Apartment,2,SALE,1330,1930000,1880000,1,2026-07-31,2026-08-24,,ACTIVE,239,4
LST-005676,AGT-084,LOC-007,Apartment,4,SALE,3040,6015000,6015000,0,2026-07-31,2026-08-13,,ACTIVE,208,3
LST-005677,AGT-001,LOC-005,Apartment,3,SALE,1550,6140000,5895000,1,2026-07-31,2026-08-16,,ACTIVE,174,3
LST-005678,AGT-012,LOC-002,Apartment,1,SALE,625,1570000,1465000,1,2026-07-31,2026-08-01,,ACTIVE,175,3
LST-005679,AGT-117,LOC-033,Apartment,3,SALE,1705,2005000,2005000,0,2026-07-31,2026-08-21,,ACTIVE,183,4
LST-005680,AGT-013,LOC-004,Apartment,1,SALE,805,2020000,2020000,0,2026-07-31,2026-08-18,,ACTIVE,682,29
LST-005681,AGT-028,LOC-031,Apartment,2,SALE,995,985000,985000,0,2026-07-31,2026-08-27,,ACTIVE,196,5
LST-005682,AGT-025,LOC-007,Apartment,2,SALE,1125,2345000,2345000,0,2026-07-31,2026-08-10,2026-08-29,EXPIRED,195,5
LST-005683,AGT-028,LOC-031,Apartment,3,SALE,1985,1815000,1815000,0,2026-08-01,2026-08-05,,ACTIVE,192,4
LST-005684,AGT-115,LOC-004,Apartment,2,RENT,1030,144000,144000,0,2026-08-01,2026-08-04,,ACTIVE,426,13
LST-005685,AGT-096,LOC-031,Apartment,2,SALE,1220,1175000,1175000,0,2026-08-01,2026-08-27,,ACTIVE,243,6
LST-005686,AGT-068,LOC-023,Apartment,1,RENT,785,80000,80000,0,2026-08-01,2026-08-30,,ACTIVE,193,4
LST-005687,AGT-056,LOC-010,Townhouse,3,SALE,2100,2260000,2260000,0,2026-08-01,2026-08-01,,ACTIVE,127,4
LST-005688,AGT-013,LOC-014,Apartment,2,SALE,955,2225000,2225000,0,2026-08-01,2026-08-13,2026-08-18,REMOVED,84,1
LST-005689,AGT-118,LOC-010,Townhouse,3,SALE,2045,2430000,2295000,1,2026-08-01,2026-08-08,,ACTIVE,148,3
LST-005690,AGT-088,LOC-001,Apartment,1,SALE,730,1660000,1660000,0,2026-08-02,2026-08-07,,ACTIVE,426,10
LST-005691,AGT-050,LOC-005,Apartment,4,SALE,2750,8325000,8325000,0,2026-08-02,2026-08-06,2026-08-11,REMOVED,69,2
LST-005692,AGT-004,LOC-007,Apartment,2,SALE,1350,2865000,2785000,1,2026-08-02,2026-08-28,,ACTIVE,153,2
LST-005693,AGT-089,LOC-025,Townhouse,4,RENT,3485,261000,261000,0,2026-08-02,2026-08-11,2026-08-21,EXPIRED,339,8
LST-005694,AGT-091,LOC-016,Villa,7,SALE,9635,13250000,13250000,0,2026-08-02,2026-08-26,,ACTIVE,262,5
LST-005695,AGT-020,LOC-022,Villa,6,SALE,7775,9905000,9905000,0,2026-08-02,2026-08-05,2026-08-10,EXPIRED,140,4
LST-005696,AGT-062,LOC-002,Penthouse,3,RENT,3510,596000,596000,0,2026-08-02,2026-08-06,2026-08-10,EXPIRED,87,3
LST-005697,AGT-051,LOC-015,Villa,5,RENT,6110,571000,571000,0,2026-08-02,2026-08-23,,ACTIVE,387,9
LST-005698,AGT-025,LOC-025,Townhouse,3,RENT,2125,180000,180000,0,2026-08-03,2026-08-30,,ACTIVE,124,3
LST-005699,AGT-033,LOC-023,Apartment,2,SALE,1275,1695000,1645000,1,2026-08-03,2026-08-28,,ACTIVE,499,17
LST-005700,AGT-064,LOC-021,Apartment,1,RENT,910,91000,85000,1,2026-08-03,2026-08-15,,ACTIVE,139,3
LST-005701,AGT-102,LOC-033,Apartment,3,SALE,1935,2390000,2235000,1,2026-08-03,2026-08-20,,ACTIVE,213,4
LST-005702,AGT-115,LOC-001,Apartment,1,SALE,920,1985000,1985000,0,2026-08-03,2026-08-26,,ACTIVE,499,13
LST-005703,AGT-057,LOC-028,Villa,5,SALE,5645,6400000,6400000,0,2026-08-03,2026-08-29,,ACTIVE,124,3
LST-005704,AGT-067,LOC-027,Villa,4,SALE,4275,12150000,12150000,0,2026-08-04,2026-08-10,,ACTIVE,267,8
LST-005705,AGT-070,LOC-009,Townhouse,4,RENT,3265,268000,268000,0,2026-08-04,2026-08-09,,ACTIVE,210,3
LST-005706,AGT-100,LOC-023,Apartment,1,SALE,690,960000,960000,0,2026-08-04,2026-08-05,2026-08-11,EXPIRED,137,4
LST-005707,AGT-115,LOC-020,Apartment,3,RENT,2160,266000,266000,0,2026-08-04,2026-08-06,2026-08-16,REMOVED,63,1
LST-005708,AGT-088,LOC-022,Villa,5,RENT,6960,481000,481000,0,2026-08-04,2026-08-04,2026-08-30,REMOVED,283,8
LST-005709,AGT-064,LOC-017,Villa,4,RENT,3965,252000,252000,0,2026-08-04,2026-08-09,2026-08-20,REMOVED,260,9
LST-005710,AGT-023,LOC-020,Apartment,2,SALE,1240,1880000,1795000,1,2026-08-04,2026-08-12,,ACTIVE,98,1
LST-005711,AGT-054,LOC-027,Apartment,1,SALE,645,2025000,2025000,0,2026-08-04,2026-08-16,,ACTIVE,255,6
LST-005712,AGT-033,LOC-004,Apartment,1,SALE,930,3060000,3060000,0,2026-08-04,2026-08-24,,ACTIVE,205,4
LST-005713,AGT-013,LOC-005,Apartment,2,RENT,1165,317000,303000,1,2026-08-04,2026-08-18,2026-08-29,REMOVED,177,2
LST-005714,AGT-072,LOC-001,Apartment,1,SALE,775,1890000,1740000,1,2026-08-04,2026-08-23,,ACTIVE,371,9
LST-005715,AGT-070,LOC-007,Apartment,2,SALE,1180,2755000,2755000,0,2026-08-04,2026-08-16,2026-08-17,REMOVED,154,2
LST-005716,AGT-067,LOC-033,Apartment,1,RENT,910,55000,55000,0,2026-08-04,2026-08-10,2026-08-11,REMOVED,186,10
LST-005717,AGT-102,LOC-016,Villa,5,SALE,5660,9095000,9095000,0,2026-08-05,2026-08-27,,ACTIVE,158,3
LST-005718,AGT-018,LOC-018,Apartment,2,SALE,1165,1180000,1180000,0,2026-08-05,2026-08-08,,ACTIVE,173,3
LST-005719,AGT-050,LOC-022,Apartment,1,RENT,740,73000,73000,0,2026-08-05,2026-08-29,,ACTIVE,157,3
LST-005720,AGT-064,LOC-001,Penthouse,3,RENT,3625,658000,643000,1,2026-08-05,2026-08-21,,ACTIVE,265,3
LST-005721,AGT-035,LOC-010,Apartment,1,SALE,855,935000,880000,1,2026-08-05,2026-08-27,,ACTIVE,229,8
LST-005722,AGT-026,LOC-025,Villa,5,SALE,5635,8545000,8545000,0,2026-08-05,2026-08-10,,ACTIVE,189,3
LST-005723,AGT-068,LOC-022,Apartment,3,RENT,1840,167000,158000,1,2026-08-05,2026-08-20,2026-08-31,REMOVED,159,3
LST-005724,AGT-014,LOC-014,Apartment,1,SALE,670,1550000,1550000,0,2026-08-05,2026-08-16,,ACTIVE,110,2
LST-005725,AGT-069,LOC-013,Townhouse,4,RENT,3110,460000,432000,1,2026-08-05,2026-08-31,,ACTIVE,117,2
LST-005726,AGT-118,LOC-025,Villa,5,RENT,6255,601000,568000,1,2026-08-05,2026-08-11,,ACTIVE,217,5
LST-005727,AGT-060,LOC-009,Townhouse,3,SALE,2495,3125000,3125000,0,2026-08-06,2026-08-13,2026-08-27,REMOVED,61,1
LST-005728,AGT-063,LOC-002,Apartment,4,SALE,2360,5605000,5415000,1,2026-08-06,2026-08-27,,ACTIVE,252,4
LST-005729,AGT-074,LOC-033,Apartment,1,SALE,850,1205000,1205000,0,2026-08-06,2026-08-20,,ACTIVE,99,2
LST-005730,AGT-070,LOC-022,Townhouse,2,RENT,1870,132000,132000,0,2026-08-06,2026-08-16,2026-08-16,REMOVED,193,5
LST-005731,AGT-031,LOC-028,Townhouse,3,SALE,2405,2500000,2500000,0,2026-08-06,2026-08-27,,ACTIVE,225,4
LST-005732,AGT-023,LOC-031,Apartment,0,RENT,380,36000,36000,0,2026-08-06,2026-08-18,2026-08-23,REMOVED,82,1
LST-005733,AGT-013,LOC-014,Apartment,1,SALE,810,1895000,1895000,0,2026-08-06,2026-08-22,,ACTIVE,220,5
LST-005734,AGT-068,LOC-001,Apartment,1,RENT,795,93000,93000,0,2026-08-06,2026-08-20,2026-08-20,REMOVED,187,3
LST-005735,AGT-054,LOC-003,Apartment,0,RENT,475,97000,97000,0,2026-08-07,2026-08-07,2026-08-23,REMOVED,158,2
LST-005736,AGT-075,LOC-015,Townhouse,2,SALE,1630,2690000,2690000,0,2026-08-07,2026-08-15,,ACTIVE,93,2
LST-005737,AGT-047,LOC-017,Townhouse,3,SALE,2700,3760000,3650000,1,2026-08-07,2026-08-27,,ACTIVE,93,2
LST-005738,AGT-040,LOC-007,Penthouse,4,RENT,5165,1008000,1008000,0,2026-08-07,2026-08-26,2026-08-26,REMOVED,220,6
LST-005739,AGT-077,LOC-026,Apartment,1,SALE,910,1700000,1700000,0,2026-08-07,2026-08-26,2026-08-26,EXPIRED,73,1
LST-005740,AGT-096,LOC-026,Apartment,0,RENT,435,60000,60000,0,2026-08-07,2026-08-16,2026-08-22,EXPIRED,57,1
LST-005741,AGT-102,LOC-024,Apartment,2,RENT,1140,92000,92000,0,2026-08-07,2026-08-13,2026-08-16,REMOVED,104,3
LST-005742,AGT-055,LOC-033,Apartment,0,RENT,430,40000,40000,0,2026-08-07,2026-08-24,,ACTIVE,395,9
LST-005743,AGT-008,LOC-031,Apartment,4,RENT,2530,176000,176000,0,2026-08-07,2026-08-23,2026-08-24,REMOVED,172,4
LST-005744,AGT-015,LOC-020,Apartment,2,SALE,1445,1930000,1930000,0,2026-08-07,2026-08-16,,ACTIVE,124,2
LST-005745,AGT-087,LOC-014,Apartment,2,SALE,1460,2945000,2945000,0,2026-08-07,2026-08-19,,ACTIVE,172,5
LST-005746,AGT-051,LOC-003,Apartment,0,RENT,485,88000,88000,0,2026-08-07,2026-08-07,2026-08-20,REMOVED,123,3
LST-005747,AGT-005,LOC-007,Apartment,1,RENT,755,102000,102000,0,2026-08-07,2026-08-12,2026-08-29,EXPIRED,349,10
LST-005748,AGT-054,LOC-012,Apartment,3,RENT,1950,169000,169000,0,2026-08-07,2026-08-10,2026-08-17,REMOVED,108,3
LST-005749,AGT-003,LOC-009,Townhouse,4,RENT,3170,300000,293000,1,2026-08-07,2026-08-13,,ACTIVE,104,2
LST-005750,AGT-003,LOC-012,Apartment,2,SALE,1385,2240000,2240000,0,2026-08-08,2026-08-21,,ACTIVE,115,3
LST-005751,AGT-052,LOC-033,Apartment,0,RENT,385,32000,32000,0,2026-08-08,2026-08-12,2026-08-23,EXPIRED,217,5
LST-005752,AGT-057,LOC-001,Apartment,1,SALE,895,2015000,2015000,0,2026-08-08,2026-08-31,,ACTIVE,271,8
LST-005753,AGT-097,LOC-033,Apartment,0,RENT,340,25000,25000,0,2026-08-08,2026-08-20,2026-08-31,REMOVED,475,15
LST-005754,AGT-071,LOC-022,Apartment,1,RENT,605,54000,54000,0,2026-08-08,2026-08-14,,ACTIVE,321,13
LST-005755,AGT-120,LOC-001,Apartment,0,SALE,390,1155000,1075000,1,2026-08-08,2026-08-23,,ACTIVE,92,1
LST-005756,AGT-082,LOC-007,Apartment,2,RENT,1225,176000,176000,0,2026-08-08,2026-08-13,2026-08-21,REMOVED,192,6
LST-005757,AGT-011,LOC-003,Apartment,0,RENT,370,59000,59000,0,2026-08-08,2026-08-16,2026-08-30,REMOVED,307,7
LST-005758,AGT-063,LOC-011,Apartment,1,RENT,940,95000,95000,0,2026-08-08,2026-08-15,2026-08-17,EXPIRED,129,4
LST-005759,AGT-035,LOC-022,Villa,5,SALE,5675,7665000,7665000,0,2026-08-08,2026-08-08,2026-08-17,REMOVED,62,1
LST-005760,AGT-003,LOC-028,Villa,3,SALE,3105,3240000,3025000,1,2026-08-09,2026-08-21,,ACTIVE,280,6
LST-005761,AGT-028,LOC-018,Apartment,1,SALE,930,990000,990000,0,2026-08-09,2026-08-27,,ACTIVE,80,2
LST-005762,AGT-107,LOC-021,Apartment,1,RENT,720,59000,59000,0,2026-08-09,2026-08-24,,ACTIVE,181,4
LST-005763,AGT-045,LOC-002,Apartment,2,RENT,1020,131000,131000,0,2026-08-09,2026-08-16,2026-08-20,REMOVED,119,3
LST-005764,AGT-075,LOC-006,Villa,4,RENT,4960,1269000,1269000,0,2026-08-09,2026-08-24,,ACTIVE,316,9
LST-005765,AGT-118,LOC-026,Apartment,3,RENT,2130,220000,205000,1,2026-08-09,2026-08-13,,ACTIVE,227,6
LST-005766,AGT-046,LOC-014,Apartment,1,SALE,940,2170000,2170000,0,2026-08-09,2026-08-27,,ACTIVE,180,4
LST-005767,AGT-062,LOC-025,Apartment,2,SALE,1055,1470000,1470000,0,2026-08-09,2026-08-23,,ACTIVE,121,3
LST-005768,AGT-080,LOC-001,Apartment,0,RENT,445,65000,65000,0,2026-08-10,2026-08-23,2026-08-25,REMOVED,205,4
LST-005769,AGT-027,LOC-003,Apartment,1,SALE,855,3240000,3045000,1,2026-08-10,2026-08-13,,ACTIVE,95,2
LST-005770,AGT-087,LOC-003,Apartment,1,RENT,670,116000,116000,0,2026-08-10,2026-08-19,,ACTIVE,245,4
LST-005771,AGT-039,LOC-019,Apartment,1,RENT,750,66000,64000,1,2026-08-10,2026-08-11,,ACTIVE,116,2
LST-005772,AGT-102,LOC-024,Apartment,2,SALE,995,1355000,1355000,0,2026-08-10,2026-08-16,,ACTIVE,153,5
LST-005773,AGT-050,LOC-011,Apartment,2,SALE,1030,1690000,1690000,0,2026-08-10,2026-08-10,,ACTIVE,107,2
LST-005774,AGT-004,LOC-028,Villa,5,SALE,5850,6250000,5915000,1,2026-08-10,2026-08-30,,ACTIVE,68,1
LST-005775,AGT-004,LOC-022,Villa,7,SALE,12780,17690000,17690000,0,2026-08-10,2026-08-29,,ACTIVE,93,2
LST-005776,AGT-010,LOC-025,Villa,6,SALE,8765,11040000,11040000,0,2026-08-10,2026-08-31,,ACTIVE,266,6
LST-005777,AGT-051,LOC-017,Apartment,3,RENT,1595,158000,147000,1,2026-08-10,2026-08-15,,ACTIVE,124,3
LST-005778,AGT-103,LOC-001,Apartment,2,RENT,1170,154000,154000,0,2026-08-10,2026-08-15,2026-08-31,REMOVED,151,2
LST-005779,AGT-033,LOC-001,Apartment,1,SALE,790,1950000,1805000,1,2026-08-10,2026-08-11,,ACTIVE,214,4
LST-005780,AGT-093,LOC-017,Villa,4,SALE,4255,5985000,5985000,0,2026-08-10,2026-08-11,,ACTIVE,49,1
LST-005781,AGT-115,LOC-031,Apartment,2,SALE,1200,1205000,1170000,1,2026-08-10,2026-08-13,,ACTIVE,78,1
LST-005782,AGT-008,LOC-008,Penthouse,2,RENT,1925,271000,271000,0,2026-08-10,2026-08-10,,ACTIVE,314,8
LST-005783,AGT-043,LOC-007,Apartment,3,SALE,1620,3470000,3470000,0,2026-08-11,2026-08-27,,ACTIVE,80,1
LST-005784,AGT-107,LOC-011,Apartment,4,SALE,2300,2945000,2945000,0,2026-08-11,2026-08-17,,ACTIVE,211,5
LST-005785,AGT-107,LOC-014,Apartment,0,SALE,400,1120000,1120000,0,2026-08-11,2026-08-12,,ACTIVE,77,2
LST-005786,AGT-062,LOC-031,Apartment,0,RENT,400,38000,38000,0,2026-08-11,2026-08-23,2026-08-24,REMOVED,91,2
LST-005787,AGT-073,LOC-014,Apartment,2,SALE,1400,3300000,3300000,0,2026-08-11,2026-08-21,,ACTIVE,136,3
LST-005788,AGT-027,LOC-008,Apartment,0,SALE,395,760000,760000,0,2026-08-11,2026-08-16,2026-08-28,EXPIRED,143,4
LST-005789,AGT-017,LOC-021,Apartment,2,RENT,1150,104000,104000,0,2026-08-11,2026-08-24,,ACTIVE,187,3
LST-005790,AGT-051,LOC-003,Penthouse,3,RENT,2855,678000,678000,0,2026-08-11,2026-08-29,,ACTIVE,120,3
LST-005791,AGT-056,LOC-018,Apartment,2,SALE,1165,1470000,1470000,0,2026-08-11,2026-08-31,,ACTIVE,95,1
LST-005792,AGT-005,LOC-009,Townhouse,2,SALE,1625,2190000,2190000,0,2026-08-11,2026-08-14,,ACTIVE,91,2
LST-005793,AGT-050,LOC-014,Apartment,2,SALE,1195,2705000,2705000,0,2026-08-12,2026-08-13,,ACTIVE,89,2
LST-005794,AGT-093,LOC-017,Villa,4,SALE,4690,6105000,6105000,0,2026-08-12,2026-08-14,,ACTIVE,117,2
LST-005795,AGT-005,LOC-018,Apartment,2,RENT,1085,80000,80000,0,2026-08-12,2026-08-21,2026-08-22,EXPIRED,82,2
LST-005796,AGT-035,LOC-032,Apartment,3,SALE,1685,1200000,1200000,0,2026-08-12,2026-08-22,,ACTIVE,230,9
LST-005797,AGT-020,LOC-013,Villa,3,SALE,3370,6905000,6905000,0,2026-08-12,2026-08-12,,ACTIVE,148,5
LST-005798,AGT-009,LOC-005,Apartment,3,SALE,1880,6750000,6750000,0,2026-08-12,2026-08-30,,ACTIVE,152,3
LST-005799,AGT-116,LOC-029,Apartment,1,SALE,670,420000,420000,0,2026-08-12,2026-08-13,,ACTIVE,158,3
LST-005800,AGT-040,LOC-002,Apartment,1,RENT,620,78000,78000,0,2026-08-12,2026-08-12,2026-08-21,REMOVED,137,3
LST-005801,AGT-054,LOC-016,Townhouse,3,RENT,1985,193000,193000,0,2026-08-12,2026-08-22,,ACTIVE,68,1
LST-005802,AGT-012,LOC-001,Apartment,2,RENT,1315,149000,149000,0,2026-08-13,2026-08-20,,ACTIVE,131,3
LST-005803,AGT-058,LOC-014,Penthouse,5,SALE,8750,24180000,24180000,0,2026-08-13,2026-08-28,,ACTIVE,130,3
LST-005804,AGT-019,LOC-024,Apartment,2,SALE,1090,1510000,1510000,0,2026-08-13,2026-08-28,,ACTIVE,120,3
LST-005805,AGT-019,LOC-013,Villa,6,RENT,8075,1115000,1115000,0,2026-08-13,2026-08-29,,ACTIVE,132,3
LST-005806,AGT-003,LOC-017,Apartment,1,RENT,945,113000,113000,0,2026-08-13,2026-08-25,,ACTIVE,67,1
LST-005807,AGT-104,LOC-020,Townhouse,3,RENT,2475,321000,321000,0,2026-08-13,2026-08-24,,ACTIVE,27,0
LST-005808,AGT-055,LOC-022,Apartment,3,SALE,2000,2285000,2285000,0,2026-08-13,2026-08-18,,ACTIVE,98,4
LST-005809,AGT-033,LOC-023,Apartment,1,RENT,915,88000,88000,0,2026-08-13,2026-08-29,,ACTIVE,283,8
LST-005810,AGT-074,LOC-010,Townhouse,3,SALE,2130,2600000,2600000,0,2026-08-13,2026-08-28,,ACTIVE,122,2
LST-005811,AGT-048,LOC-024,Apartment,0,SALE,455,680000,680000,0,2026-08-13,2026-08-25,,ACTIVE,119,4
LST-005812,AGT-024,LOC-007,Apartment,2,RENT,1170,203000,203000,0,2026-08-13,2026-08-18,2026-08-19,REMOVED,75,1
LST-005813,AGT-075,LOC-023,Apartment,1,RENT,830,84000,84000,0,2026-08-13,2026-08-15,2026-08-17,EXPIRED,106,4
LST-005814,AGT-021,LOC-029,Apartment,0,SALE,445,310000,310000,0,2026-08-14,2026-08-26,,ACTIVE,75,1
LST-005815,AGT-074,LOC-013,Townhouse,4,RENT,3260,430000,430000,0,2026-08-14,2026-08-25,,ACTIVE,203,5
LST-005816,AGT-033,LOC-003,Apartment,1,SALE,930,4015000,4015000,0,2026-08-14,2026-08-15,,ACTIVE,143,2
LST-005817,AGT-077,LOC-008,Apartment,1,RENT,880,121000,121000,0,2026-08-14,2026-08-31,,ACTIVE,92,2
LST-005818,AGT-040,LOC-008,Apartment,2,SALE,1370,2640000,2640000,0,2026-08-14,2026-08-24,,ACTIVE,97,2
LST-005819,AGT-014,LOC-010,Apartment,1,SALE,785,1015000,1015000,0,2026-08-14,2026-08-28,,ACTIVE,113,2
LST-005820,AGT-015,LOC-014,Apartment,2,SALE,1235,2625000,2625000,0,2026-08-14,2026-08-16,,ACTIVE,167,5
LST-005821,AGT-107,LOC-009,Apartment,0,SALE,350,540000,540000,0,2026-08-14,2026-08-27,,ACTIVE,60,1
LST-005822,AGT-036,LOC-004,Apartment,1,SALE,900,2760000,2760000,0,2026-08-14,2026-08-16,,ACTIVE,171,3
LST-005823,AGT-017,LOC-020,Apartment,1,RENT,730,83000,83000,0,2026-08-15,2026-08-28,,ACTIVE,78,1
LST-005824,AGT-106,LOC-018,Apartment,1,RENT,825,60000,60000,0,2026-08-15,2026-08-16,2026-08-20,REMOVED,50,1
LST-005825,AGT-051,LOC-009,Apartment,2,SALE,1155,1390000,1390000,0,2026-08-15,2026-08-30,,ACTIVE,67,2
LST-005826,AGT-042,LOC-007,Apartment,2,RENT,1060,128000,128000,0,2026-08-15,2026-08-28,2026-08-31,EXPIRED,208,7
LST-005827,AGT-028,LOC-012,Apartment,1,RENT,845,82000,82000,0,2026-08-15,2026-08-23,,ACTIVE,365,14
LST-005828,AGT-038,LOC-007,Apartment,2,SALE,960,2080000,2080000,0,2026-08-16,2026-08-21,2026-08-25,REMOVED,70,2
LST-005829,AGT-098,LOC-018,Apartment,1,SALE,815,1010000,1010000,0,2026-08-16,2026-08-22,,ACTIVE,64,1
LST-005830,AGT-018,LOC-003,Apartment,1,RENT,605,94000,94000,0,2026-08-16,2026-08-23,2026-08-27,REMOVED,261,9
LST-005831,AGT-074,LOC-011,Apartment,3,RENT,1930,188000,188000,0,2026-08-16,2026-08-19,,ACTIVE,242,6
LST-005832,AGT-038,LOC-009,Apartment,1,RENT,730,64000,64000,0,2026-08-16,2026-08-16,,ACTIVE,220,6
LST-005833,AGT-020,LOC-002,Apartment,1,SALE,900,2605000,2605000,0,2026-08-16,2026-08-16,,ACTIVE,97,1
LST-005834,AGT-013,LOC-013,Villa,5,SALE,5515,11850000,11850000,0,2026-08-16,2026-08-22,,ACTIVE,158,4
LST-005835,AGT-019,LOC-009,Apartment,1,RENT,875,86000,86000,0,2026-08-16,2026-08-19,,ACTIVE,119,2
LST-005836,AGT-088,LOC-029,Villa,4,SALE,4890,2670000,2670000,0,2026-08-17,2026-08-28,,ACTIVE,157,6
LST-005837,AGT-005,LOC-010,Apartment,2,RENT,1500,153000,153000,0,2026-08-17,2026-08-20,,ACTIVE,109,3
LST-005838,AGT-022,LOC-005,Apartment,2,SALE,1060,3925000,3925000,0,2026-08-17,2026-08-20,,ACTIVE,163,4
LST-005839,AGT-011,LOC-009,Apartment,2,SALE,1020,1285000,1285000,0,2026-08-17,2026-08-22,,ACTIVE,72,2
LST-005840,AGT-033,LOC-004,Apartment,1,SALE,870,2865000,2865000,0,2026-08-17,2026-08-30,,ACTIVE,160,3
LST-005841,AGT-001,LOC-020,Apartment,1,SALE,915,1165000,1165000,0,2026-08-17,2026-08-26,,ACTIVE,123,3
LST-005842,AGT-070,LOC-005,Apartment,4,SALE,3095,8260000,8260000,0,2026-08-17,2026-08-27,,ACTIVE,222,9
LST-005843,AGT-071,LOC-017,Townhouse,3,RENT,2560,185000,185000,0,2026-08-17,2026-08-20,2026-08-27,EXPIRED,140,4
LST-005844,AGT-075,LOC-010,Apartment,1,SALE,730,875000,875000,0,2026-08-17,2026-08-17,,ACTIVE,45,1
LST-005845,AGT-013,LOC-013,Villa,7,RENT,12155,1213000,1213000,0,2026-08-17,2026-08-21,2026-08-24,REMOVED,57,1
LST-005846,AGT-076,LOC-002,Apartment,4,RENT,2285,342000,342000,0,2026-08-18,2026-08-19,,ACTIVE,72,1
LST-005847,AGT-053,LOC-020,Townhouse,4,RENT,2860,270000,270000,0,2026-08-18,2026-08-25,,ACTIVE,36,1
LST-005848,AGT-070,LOC-006,Villa,5,RENT,5900,1388000,1388000,0,2026-08-18,2026-08-20,,ACTIVE,206,6
LST-005849,AGT-050,LOC-013,Townhouse,3,RENT,2415,353000,353000,0,2026-08-18,2026-08-30,,ACTIVE,207,3
LST-005850,AGT-055,LOC-022,Apartment,0,RENT,470,52000,52000,0,2026-08-18,2026-08-19,2026-08-24,REMOVED,39,1
LST-005851,AGT-047,LOC-022,Apartment,2,RENT,1290,94000,94000,0,2026-08-18,2026-08-25,,ACTIVE,169,4
LST-005852,AGT-070,LOC-010,Apartment,2,SALE,1425,1715000,1715000,0,2026-08-18,2026-08-28,,ACTIVE,84,2
LST-005853,AGT-104,LOC-028,Villa,4,SALE,4770,4705000,4705000,0,2026-08-18,2026-08-31,,ACTIVE,102,3
LST-005854,AGT-115,LOC-020,Townhouse,2,RENT,1405,106000,106000,0,2026-08-18,2026-08-23,2026-08-23,REMOVED,76,3
LST-005855,AGT-054,LOC-020,Apartment,4,SALE,2585,3125000,3125000,0,2026-08-19,2026-08-28,,ACTIVE,116,3
LST-005856,AGT-005,LOC-007,Apartment,2,RENT,1230,178000,178000,0,2026-08-19,2026-08-26,,ACTIVE,236,5
LST-005857,AGT-075,LOC-007,Apartment,1,RENT,730,91000,91000,0,2026-08-19,2026-08-20,,ACTIVE,175,5
LST-005858,AGT-064,LOC-001,Apartment,2,SALE,1160,3180000,3180000,0,2026-08-19,2026-08-28,,ACTIVE,63,1
LST-005859,AGT-076,LOC-015,Villa,5,SALE,6285,10145000,10145000,0,2026-08-19,2026-08-19,,ACTIVE,98,2
LST-005860,AGT-096,LOC-029,Apartment,1,SALE,700,510000,510000,0,2026-08-19,2026-08-24,,ACTIVE,40,1
LST-005861,AGT-018,LOC-003,Apartment,2,RENT,1050,184000,184000,0,2026-08-19,2026-08-23,,ACTIVE,185,3
LST-005862,AGT-027,LOC-023,Apartment,1,SALE,950,1390000,1390000,0,2026-08-19,2026-08-19,,ACTIVE,107,3
LST-005863,AGT-013,LOC-024,Apartment,1,SALE,840,1385000,1385000,0,2026-08-19,2026-08-23,,ACTIVE,90,1
LST-005864,AGT-025,LOC-011,Apartment,3,SALE,1730,2390000,2390000,0,2026-08-19,2026-08-27,,ACTIVE,141,3
LST-005865,AGT-115,LOC-020,Apartment,0,RENT,455,50000,50000,0,2026-08-19,2026-08-25,,ACTIVE,167,5
LST-005866,AGT-047,LOC-020,Apartment,2,RENT,1170,126000,126000,0,2026-08-19,2026-08-21,,ACTIVE,89,2
LST-005867,AGT-059,LOC-024,Apartment,2,SALE,1220,1755000,1755000,0,2026-08-19,2026-08-28,,ACTIVE,128,3
LST-005868,AGT-050,LOC-025,Villa,3,SALE,2700,3865000,3865000,0,2026-08-19,2026-08-20,,ACTIVE,80,2
LST-005869,AGT-061,LOC-014,Apartment,2,RENT,1175,162000,162000,0,2026-08-19,2026-08-24,2026-08-27,REMOVED,100,2
LST-005870,AGT-019,LOC-025,Townhouse,5,RENT,3650,281000,281000,0,2026-08-19,2026-08-22,,ACTIVE,107,2
LST-005871,AGT-095,LOC-009,Apartment,1,RENT,740,75000,75000,0,2026-08-20,2026-08-25,2026-08-30,REMOVED,67,1
LST-005872,AGT-070,LOC-010,Townhouse,2,SALE,1550,1790000,1790000,0,2026-08-20,2026-08-29,,ACTIVE,103,3
LST-005873,AGT-017,LOC-008,Apartment,1,RENT,695,89000,89000,0,2026-08-20,2026-08-21,,ACTIVE,94,1
LST-005874,AGT-051,LOC-004,Penthouse,3,RENT,2965,568000,568000,0,2026-08-20,2026-08-26,,ACTIVE,207,4
LST-005875,AGT-017,LOC-009,Apartment,1,SALE,720,880000,880000,0,2026-08-20,2026-08-29,,ACTIVE,101,2
LST-005876,AGT-063,LOC-025,Townhouse,4,SALE,2900,4290000,4290000,0,2026-08-20,2026-08-24,,ACTIVE,79,2
LST-005877,AGT-077,LOC-023,Apartment,1,RENT,765,85000,85000,0,2026-08-20,2026-08-23,,ACTIVE,79,1
LST-005878,AGT-076,LOC-002,Apartment,1,SALE,660,1870000,1870000,0,2026-08-20,2026-08-28,,ACTIVE,91,1
LST-005879,AGT-071,LOC-005,Apartment,1,RENT,840,151000,151000,0,2026-08-20,2026-08-21,2026-08-28,REMOVED,210,6
LST-005880,AGT-035,LOC-001,Apartment,1,RENT,945,108000,108000,0,2026-08-20,2026-08-20,,ACTIVE,164,5
LST-005881,AGT-063,LOC-003,Apartment,2,SALE,1170,3610000,3610000,0,2026-08-20,2026-08-26,,ACTIVE,174,3
LST-005882,AGT-110,LOC-033,Apartment,1,RENT,885,75000,75000,0,2026-08-20,2026-08-30,,ACTIVE,66,2
LST-005883,AGT-075,LOC-024,Apartment,0,SALE,395,760000,760000,0,2026-08-20,2026-08-29,,ACTIVE,52,1
LST-005884,AGT-019,LOC-014,Apartment,0,SALE,455,1275000,1275000,0,2026-08-21,2026-08-28,,ACTIVE,62,1
LST-005885,AGT-075,LOC-012,Apartment,2,RENT,990,104000,104000,0,2026-08-21,2026-08-27,,ACTIVE,138,3
LST-005886,AGT-064,LOC-003,Apartment,3,SALE,1690,4470000,4470000,0,2026-08-21,2026-08-31,,ACTIVE,95,3
LST-005887,AGT-106,LOC-019,Apartment,1,RENT,775,63000,63000,0,2026-08-21,2026-08-23,,ACTIVE,62,2
LST-005888,AGT-118,LOC-012,Apartment,1,SALE,785,1465000,1465000,0,2026-08-21,2026-08-26,,ACTIVE,37,0
LST-005889,AGT-090,LOC-001,Apartment,1,SALE,890,2465000,2465000,0,2026-08-21,2026-08-23,,ACTIVE,51,1
LST-005890,AGT-038,LOC-005,Apartment,0,RENT,505,122000,122000,0,2026-08-21,2026-08-23,,ACTIVE,191,5
LST-005891,AGT-107,LOC-023,Apartment,1,RENT,885,110000,110000,0,2026-08-21,2026-08-23,,ACTIVE,84,2
LST-005892,AGT-054,LOC-018,Apartment,2,SALE,1210,1390000,1390000,0,2026-08-21,2026-08-25,,ACTIVE,57,1
LST-005893,AGT-029,LOC-009,Townhouse,4,RENT,3460,219000,219000,0,2026-08-21,2026-08-28,,ACTIVE,108,3
LST-005894,AGT-075,LOC-022,Apartment,4,RENT,2400,194000,194000,0,2026-08-21,2026-08-29,,ACTIVE,113,3
LST-005895,AGT-037,LOC-012,Apartment,0,RENT,370,52000,52000,0,2026-08-21,2026-08-22,,ACTIVE,70,1
LST-005896,AGT-035,LOC-032,Apartment,2,RENT,1140,84000,84000,0,2026-08-21,2026-08-29,,ACTIVE,101,2
LST-005897,AGT-102,LOC-011,Apartment,1,SALE,685,1080000,1080000,0,2026-08-22,2026-08-31,,ACTIVE,91,2
LST-005898,AGT-049,LOC-018,Apartment,2,SALE,1355,1630000,1630000,0,2026-08-22,2026-08-28,,ACTIVE,34,1
LST-005899,AGT-089,LOC-024,Apartment,2,SALE,1350,2235000,2235000,0,2026-08-22,2026-08-31,,ACTIVE,39,1
LST-005900,AGT-003,LOC-011,Apartment,1,SALE,760,1315000,1315000,0,2026-08-22,2026-08-22,,ACTIVE,47,1
LST-005901,AGT-063,LOC-029,Apartment,2,SALE,1400,990000,990000,0,2026-08-22,2026-08-23,,ACTIVE,44,1
LST-005902,AGT-080,LOC-028,Villa,3,SALE,3160,3325000,3325000,0,2026-08-22,2026-08-29,,ACTIVE,55,2
LST-005903,AGT-005,LOC-029,Apartment,1,SALE,770,545000,545000,0,2026-08-22,2026-08-25,,ACTIVE,49,1
LST-005904,AGT-112,LOC-018,Apartment,2,SALE,1285,1320000,1320000,0,2026-08-22,2026-08-25,,ACTIVE,94,2
LST-005905,AGT-106,LOC-019,Apartment,1,RENT,930,86000,86000,0,2026-08-22,2026-08-29,,ACTIVE,146,3
LST-005906,AGT-090,LOC-028,Villa,5,RENT,5710,493000,493000,0,2026-08-23,2026-08-29,,ACTIVE,98,2
LST-005907,AGT-033,LOC-020,Apartment,1,RENT,830,99000,99000,0,2026-08-23,2026-08-28,,ACTIVE,53,2
LST-005908,AGT-025,LOC-004,Apartment,3,SALE,1530,4960000,4960000,0,2026-08-23,2026-08-29,,ACTIVE,41,1
LST-005909,AGT-112,LOC-027,Apartment,2,RENT,1380,243000,243000,0,2026-08-23,2026-08-23,,ACTIVE,86,2
LST-005910,AGT-006,LOC-013,Villa,4,RENT,4825,618000,618000,0,2026-08-24,2026-08-25,,ACTIVE,89,2
LST-005911,AGT-077,LOC-011,Apartment,3,RENT,1795,170000,170000,0,2026-08-24,2026-08-25,,ACTIVE,111,3
LST-005912,AGT-022,LOC-010,Townhouse,3,RENT,2045,144000,144000,0,2026-08-24,2026-08-26,,ACTIVE,61,1
LST-005913,AGT-005,LOC-018,Apartment,1,RENT,725,48000,48000,0,2026-08-24,2026-08-26,,ACTIVE,120,3
LST-005914,AGT-070,LOC-005,Apartment,1,SALE,885,3960000,3960000,0,2026-08-24,2026-08-27,,ACTIVE,52,1
LST-005915,AGT-030,LOC-009,Apartment,0,SALE,345,520000,520000,0,2026-08-24,2026-08-25,,ACTIVE,51,1
LST-005916,AGT-070,LOC-016,Villa,4,SALE,3525,6820000,6820000,0,2026-08-24,2026-08-28,,ACTIVE,27,0
LST-005917,AGT-044,LOC-031,Apartment,1,SALE,875,965000,965000,0,2026-08-24,2026-08-30,,ACTIVE,46,1
LST-005918,AGT-047,LOC-026,Apartment,4,RENT,2585,292000,292000,0,2026-08-24,2026-08-26,,ACTIVE,91,2
LST-005919,AGT-005,LOC-002,Apartment,4,SALE,2700,7190000,7190000,0,2026-08-24,2026-08-26,,ACTIVE,60,1
LST-005920,AGT-054,LOC-022,Apartment,0,SALE,500,820000,820000,0,2026-08-24,2026-08-27,,ACTIVE,58,1
LST-005921,AGT-107,LOC-009,Townhouse,3,SALE,2700,2910000,2910000,0,2026-08-24,2026-08-24,,ACTIVE,59,2
LST-005922,AGT-107,LOC-009,Apartment,0,RENT,350,40000,40000,0,2026-08-24,2026-08-25,,ACTIVE,77,2
LST-005923,AGT-017,LOC-014,Apartment,1,SALE,785,2030000,2030000,0,2026-08-25,2026-08-27,,ACTIVE,42,1
LST-005924,AGT-035,LOC-022,Apartment,1,SALE,690,910000,910000,0,2026-08-25,2026-08-25,,ACTIVE,52,2
LST-005925,AGT-015,LOC-003,Apartment,0,SALE,470,1580000,1580000,0,2026-08-25,2026-08-30,,ACTIVE,63,1
LST-005926,AGT-070,LOC-031,Apartment,3,RENT,1625,132000,132000,0,2026-08-25,2026-08-28,,ACTIVE,35,1
LST-005927,AGT-063,LOC-014,Apartment,2,SALE,1030,2365000,2365000,0,2026-08-25,2026-08-29,,ACTIVE,50,1
LST-005928,AGT-029,LOC-023,Apartment,2,SALE,1225,1950000,1950000,0,2026-08-25,2026-08-25,,ACTIVE,46,1
LST-005929,AGT-054,LOC-025,Townhouse,3,SALE,2105,2605000,2605000,0,2026-08-25,2026-08-27,2026-08-28,REMOVED,73,3
LST-005930,AGT-019,LOC-013,Villa,5,SALE,6460,14400000,14400000,0,2026-08-25,2026-08-28,,ACTIVE,23,0
LST-005931,AGT-025,LOC-031,Apartment,1,SALE,880,705000,705000,0,2026-08-25,2026-08-26,,ACTIVE,147,6
LST-005932,AGT-115,LOC-008,Penthouse,3,SALE,3860,10690000,10690000,0,2026-08-25,2026-08-25,,ACTIVE,26,0
LST-005933,AGT-107,LOC-001,Apartment,0,SALE,330,710000,710000,0,2026-08-25,2026-08-30,,ACTIVE,92,2
LST-005934,AGT-035,LOC-020,Apartment,3,RENT,1795,207000,207000,0,2026-08-25,2026-08-25,,ACTIVE,34,0
LST-005935,AGT-030,LOC-004,Apartment,2,SALE,1065,3385000,3385000,0,2026-08-26,2026-08-31,,ACTIVE,54,1
LST-005936,AGT-104,LOC-019,Apartment,3,SALE,1980,1700000,1700000,0,2026-08-26,2026-08-31,,ACTIVE,30,1
LST-005937,AGT-045,LOC-009,Apartment,2,SALE,960,1025000,1025000,0,2026-08-26,2026-08-26,,ACTIVE,30,1
LST-005938,AGT-026,LOC-005,Apartment,2,SALE,1205,4130000,4130000,0,2026-08-26,2026-08-31,,ACTIVE,99,2
LST-005939,AGT-077,LOC-017,Villa,3,SALE,3015,3660000,3660000,0,2026-08-26,2026-08-30,,ACTIVE,26,1
LST-005940,AGT-064,LOC-003,Apartment,3,RENT,2095,325000,325000,0,2026-08-26,2026-08-29,,ACTIVE,58,1
LST-005941,AGT-100,LOC-023,Apartment,2,SALE,1205,1535000,1535000,0,2026-08-26,2026-08-27,,ACTIVE,38,1
LST-005942,AGT-070,LOC-031,Apartment,2,SALE,1410,1265000,1265000,0,2026-08-26,2026-08-26,,ACTIVE,55,1
LST-005943,AGT-072,LOC-032,Apartment,3,SALE,1740,1720000,1720000,0,2026-08-26,2026-08-27,,ACTIVE,33,1
LST-005944,AGT-005,LOC-009,Apartment,1,RENT,755,73000,73000,0,2026-08-27,2026-08-27,,ACTIVE,34,1
LST-005945,AGT-038,LOC-017,Apartment,1,SALE,780,1160000,1160000,0,2026-08-27,2026-08-31,,ACTIVE,19,0
LST-005946,AGT-081,LOC-025,Apartment,1,SALE,765,1230000,1230000,0,2026-08-27,2026-08-31,,ACTIVE,31,1
LST-005947,AGT-011,LOC-025,Apartment,2,SALE,1225,1680000,1680000,0,2026-08-27,2026-08-29,,ACTIVE,50,1
LST-005948,AGT-059,LOC-025,Villa,5,RENT,5435,426000,426000,0,2026-08-27,2026-08-30,,ACTIVE,127,4
LST-005949,AGT-070,LOC-007,Apartment,2,RENT,1195,159000,159000,0,2026-08-27,2026-08-30,,ACTIVE,99,3
LST-005950,AGT-033,LOC-005,Apartment,3,RENT,1775,384000,384000,0,2026-08-27,2026-08-27,,ACTIVE,36,1
LST-005951,AGT-061,LOC-013,Townhouse,4,SALE,3465,6985000,6985000,0,2026-08-27,2026-08-31,,ACTIVE,65,2
LST-005952,AGT-044,LOC-008,Apartment,2,RENT,1420,229000,229000,0,2026-08-27,2026-08-31,,ACTIVE,18,0
LST-005953,AGT-035,LOC-003,Apartment,2,SALE,1455,5315000,5315000,0,2026-08-27,2026-08-30,,ACTIVE,29,1
LST-005954,AGT-107,LOC-009,Apartment,4,SALE,2680,2310000,2310000,0,2026-08-27,2026-08-28,,ACTIVE,49,2
LST-005955,AGT-027,LOC-009,Apartment,1,SALE,680,930000,930000,0,2026-08-27,2026-08-30,,ACTIVE,21,0
LST-005956,AGT-012,LOC-028,Townhouse,4,SALE,2825,2470000,2470000,0,2026-08-27,2026-08-29,,ACTIVE,35,1
LST-005957,AGT-026,LOC-013,Townhouse,5,RENT,3750,503000,503000,0,2026-08-27,2026-08-31,,ACTIVE,37,1
LST-005958,AGT-075,LOC-011,Apartment,1,RENT,810,99000,99000,0,2026-08-28,2026-08-29,,ACTIVE,19,0
LST-005959,AGT-078,LOC-028,Townhouse,3,SALE,2360,2790000,2790000,0,2026-08-28,2026-08-30,,ACTIVE,15,0
LST-005960,AGT-055,LOC-002,Apartment,2,RENT,1260,163000,163000,0,2026-08-28,2026-08-30,,ACTIVE,57,1
LST-005961,AGT-088,LOC-023,Apartment,0,RENT,480,54000,54000,0,2026-08-28,2026-08-31,,ACTIVE,36,1
LST-005962,AGT-096,LOC-033,Apartment,0,RENT,340,31000,31000,0,2026-08-28,2026-08-30,,ACTIVE,46,1
LST-005963,AGT-018,LOC-003,Apartment,2,SALE,1035,2875000,2875000,0,2026-08-28,2026-08-28,,ACTIVE,96,4
LST-005964,AGT-002,LOC-018,Apartment,0,RENT,345,28000,28000,0,2026-08-28,2026-08-29,,ACTIVE,26,1
LST-005965,AGT-016,LOC-033,Apartment,1,SALE,940,1395000,1395000,0,2026-08-28,2026-08-30,,ACTIVE,16,0
LST-005966,AGT-015,LOC-020,Apartment,2,SALE,1265,1840000,1840000,0,2026-08-28,2026-08-30,,ACTIVE,18,0
LST-005967,AGT-077,LOC-026,Apartment,1,SALE,825,1540000,1540000,0,2026-08-28,2026-08-30,,ACTIVE,23,0
LST-005968,AGT-018,LOC-007,Apartment,1,RENT,610,87000,87000,0,2026-08-28,2026-08-29,,ACTIVE,50,1
LST-005969,AGT-050,LOC-014,Apartment,2,RENT,1290,166000,166000,0,2026-08-29,2026-08-30,,ACTIVE,37,1
LST-005970,AGT-002,LOC-019,Apartment,4,SALE,2690,2520000,2520000,0,2026-08-29,2026-08-31,,ACTIVE,11,0
LST-005971,AGT-009,LOC-027,Villa,5,SALE,6890,23010000,23010000,0,2026-08-29,2026-08-31,,ACTIVE,19,0
LST-005972,AGT-060,LOC-033,Apartment,3,SALE,2065,2540000,2540000,0,2026-08-29,2026-08-29,,ACTIVE,23,0
LST-005973,AGT-017,LOC-008,Apartment,2,SALE,1420,3075000,3075000,0,2026-08-29,2026-08-31,,ACTIVE,14,0
LST-005974,AGT-026,LOC-004,Apartment,1,SALE,770,2345000,2345000,0,2026-08-29,2026-08-31,,ACTIVE,31,1
LST-005975,AGT-095,LOC-011,Apartment,0,SALE,430,875000,875000,0,2026-08-29,2026-08-31,,ACTIVE,14,0
LST-005976,AGT-017,LOC-012,Apartment,1,SALE,870,1680000,1680000,0,2026-08-29,2026-08-29,,ACTIVE,14,0
LST-005977,AGT-049,LOC-010,Apartment,1,SALE,650,770000,770000,0,2026-08-29,2026-08-30,,ACTIVE,21,0
LST-005978,AGT-075,LOC-026,Apartment,3,SALE,1805,2820000,2820000,0,2026-08-29,2026-08-29,,ACTIVE,26,1
LST-005979,AGT-068,LOC-008,Apartment,0,RENT,440,60000,60000,0,2026-08-29,2026-08-30,,ACTIVE,30,1
LST-005980,AGT-068,LOC-002,Apartment,2,SALE,1225,3200000,3200000,0,2026-08-29,2026-08-30,,ACTIVE,32,1
LST-005981,AGT-042,LOC-025,Townhouse,3,RENT,2140,237000,237000,0,2026-08-30,2026-08-30,,ACTIVE,29,1
LST-005982,AGT-004,LOC-027,Villa,3,SALE,3150,9360000,9360000,0,2026-08-30,2026-08-31,,ACTIVE,29,1
LST-005983,AGT-111,LOC-026,Apartment,1,SALE,700,1340000,1340000,0,2026-08-30,2026-08-31,,ACTIVE,12,0
LST-005984,AGT-077,LOC-001,Apartment,3,SALE,2055,4135000,4135000,0,2026-08-30,2026-08-30,,ACTIVE,30,1
LST-005985,AGT-062,LOC-022,Villa,5,SALE,5965,8480000,8480000,0,2026-08-30,2026-08-31,,ACTIVE,11,0
LST-005986,AGT-095,LOC-019,Apartment,3,RENT,1735,132000,132000,0,2026-08-30,2026-08-31,,ACTIVE,15,0
LST-005987,AGT-038,LOC-007,Apartment,0,SALE,370,840000,840000,0,2026-08-30,2026-08-30,,ACTIVE,14,0
LST-005988,AGT-095,LOC-022,Villa,3,SALE,2885,3800000,3800000,0,2026-08-30,2026-08-31,,ACTIVE,39,1
LST-005989,AGT-023,LOC-001,Apartment,2,SALE,1310,2500000,2500000,0,2026-08-31,2026-08-31,,ACTIVE,29,1
LST-005990,AGT-057,LOC-005,Apartment,2,SALE,1075,3575000,3575000,0,2026-08-31,2026-08-31,,ACTIVE,17,1
LST-005991,AGT-052,LOC-016,Villa,5,RENT,5175,384000,384000,0,2026-08-31,2026-08-31,,ACTIVE,12,0
LST-005992,AGT-115,LOC-020,Townhouse,3,RENT,2490,219000,219000,0,2026-08-31,2026-08-31,,ACTIVE,8,0
LST-005993,AGT-064,LOC-001,Apartment,4,SALE,2865,5130000,5130000,0,2026-08-31,2026-08-31,,ACTIVE,12,0
LST-005994,AGT-014,LOC-017,Villa,5,SALE,6625,7360000,7360000,0,2026-08-31,2026-08-31,,ACTIVE,11,0
LST-005995,AGT-087,LOC-032,Apartment,2,SALE,1045,925000,925000,0,2026-08-31,2026-08-31,,ACTIVE,14,0
LST-005996,AGT-117,LOC-009,Apartment,0,SALE,355,585000,585000,0,2026-08-31,2026-08-31,,ACTIVE,3,0
LST-005997,AGT-075,LOC-010,Apartment,1,SALE,920,1020000,1020000,0,2026-08-31,2026-08-31,,ACTIVE,13,0
LST-005998,AGT-047,LOC-025,Townhouse,4,SALE,3385,4815000,4815000,0,2026-08-31,2026-08-31,,ACTIVE,9,0
LST-005999,AGT-075,LOC-012,Apartment,1,SALE,615,945000,945000,0,2026-08-31,2026-08-31,,ACTIVE,15,0
LST-006000,AGT-052,LOC-006,Villa,6,SALE,7565,47645000,47645000,0,2026-08-31,2026-08-31,,ACTIVE,6,0
